,reach_id,node_id,lon,lat,N/A,type
0,11449000041,11449000040081,40.75108387364809,5.596045757667061,N,rapid
1,11449000081,11449000080311,40.45679990782042,5.391769368726376,N,rapid
2,11449000131,11449000130361,40.10750873698924,5.361156218559592,N,rapid
3,11449000141,11449000140071,40.07694451077347,5.377301732041945,N,rapid
4,11449000151,11449000150161,39.99222641653748,5.392333784385123,N,rapid
5,11449000181,11449000180341,39.69894037649193,5.513711351045383,N,rapid
6,11470500081,11470500080441,45.30077821178335,4.428030941523435,N,rapid
7,11542400201,11542400200221,35.41632263121546,1.988565236060916,N,rapid
8,11545900101,11545900100701,36.67934957094929,6.686473210192972,N,rapid
9,11545900151,11545900150381,37.09771553372784,6.637284438595208,N,rapid
10,11545900171,11545900170221,37.22812710003929,6.657089038522492,N,rapid
11,11547000061,11547000060201,37.57051980157716,7.781692277053324,N,rapid
12,11549000011,11549000010151,37.46823032471372,8.251054551471208,N,rapid
13,11571700421,11571700420091,40.29561422735029,9.907227052585307,N,rapid
14,11571700421,11571700420401,40.27082750767745,9.864675660026045,N,rapid
15,11571700441,11571700440141,40.2249467379369,9.764151219794975,N,rapid
16,11720900421,11720900420231,38.80395426224014,-0.0867800284080713,N,rapid
17,11720900421,11720900420791,38.71296430334745,-0.0648955610148195,N,rapid
18,11720900581,11720900580241,37.9712468463651,-0.389694967226658,N,rapid
19,11720900581,11720900580501,37.95392690173564,-0.4277774098586192,N,rapid
20,11720900681,11720900680301,37.86529417390637,-0.8125863513682022,N,rapid
21,11720901121,11720901120291,38.278549575482,-0.0881228484632736,N,rapid
22,11720901131,11720901130321,38.194002347833454,-0.1540513546446165,N,rapid
23,11732300121,11732300120171,39.35553066742269,-3.084032928581025,A,dam
24,11732300131,11732300130171,39.29464655761692,-3.076197065850885,A,dam
25,11732300191,11732300190141,38.81744398010265,-3.0694563791820406,N,rapid
26,11732500301,11732500300091,38.34403574860465,-2.5886281838963088,N,waterfall
27,11732500311,11732500310371,38.292412775643854,-2.488193803180475,N,rapid
28,11732500361,11732500360461,38.02379856461808,-2.150946057503521,N,rapid
29,11732500371,11732500370471,37.96003640733012,-2.141134348649543,N,rapid
30,11732700381,11732700380241,37.95877213885465,-2.0652853630195027,N,rapid
31,11732700411,11732700410181,37.89110726080766,-1.8616844450962389,N,rapid
32,11732900451,11732900450311,37.76925098254016,-1.5855133175925489,N,rapid
33,11732900491,11732900490241,37.68877743914581,-1.474347408847043,N,rapid
34,11736100091,11736100090181,38.2917199828821,-6.253021556651789,N,rapid
35,11736100101,11736100100231,38.210211929973376,-6.264805526769335,N,rapid
36,11744200231,11744200230891,36.57136294912695,-9.483419820720956,N,rapid
37,11744200271,11744200270761,36.34813944760397,-9.755186646218991,N,waterfall
38,11744200281,11744200280151,36.299515746681045,-9.787215066228416,N,rapid
39,11744300011,11744300010221,37.30501116591332,-8.536750865512165,N,waterfall
40,11744800141,11744800140421,35.669757846377706,-9.07885770360498,N,rapid
41,11744800161,11744800160171,35.59074895100551,-9.008971587658596,N,rapid
42,11745000081,11745000080141,37.2274982755615,-7.858642270905856,N,rapid
43,11745000091,11745000090221,37.13171127241752,-7.8675484270230465,N,rapid
44,11745000091,11745000090471,37.10403498534073,-7.852506944477402,N,rapid
45,11745000101,11745000100081,37.1050906797376,-7.829593204295532,N,rapid
46,11745000101,11745000100251,37.1076032872708,-7.801125809681568,N,rapid
47,11745000101,11745000100391,37.11198272055229,-7.778676198201252,N,rapid
48,11749000091,11749000090281,34.91086597663517,-7.703402364880673,N,rapid
49,11749000101,11749000100061,34.87383852151248,-7.731714143654547,N,rapid
50,11749000101,11749000100311,34.8737729258227,-7.768525642402016,N,waterfall
51,11749000131,11749000130691,34.58179976119388,-7.915736917388535,N,rapid
52,11749000151,11749000150571,34.51116369094654,-8.079903312243227,N,rapid
53,11762100071,11762100070301,38.33605904206264,-12.12133105189715,N,rapid
54,11762100101,11762100100711,37.85785291430462,-12.260342379132034,N,rapid
55,11762300131,11762300130191,37.64328904418216,-12.447052860185895,N,rapid
56,11762300131,11762300130541,37.58230092481112,-12.448638540147613,N,rapid
57,11762300181,11762300180131,37.16624633678845,-12.651941643191726,N,rapid
58,11762300181,11762300180331,37.13801985138807,-12.659012817854633,N,rapid
59,11762300191,11762300190461,37.06044761705865,-12.652403214503847,N,rapid
60,11762300191,11762300190671,37.032488176474914,-12.665276221497884,N,rapid
61,11762300211,11762300210161,36.91340609142743,-12.724919909211245,N,rapid
62,11762500241,11762500240181,36.74516787945377,-12.871757677523483,N,rapid
63,11762500251,11762500250341,36.73440316510135,-12.971607031174544,N,rapid
64,11762500251,11762500250521,36.70591003523546,-12.9826452961753,N,rapid
65,11762500261,11762500260091,36.69327699969021,-13.001238197305163,N,rapid
66,11762500261,11762500260491,36.65592659727537,-13.04914421880802,N,rapid
67,11762500271,11762500270221,36.59677898533393,-13.115188408140476,N,rapid
68,11762700291,11762700290101,36.4575576110955,-13.328245375321766,N,waterfall
69,11762700291,11762700290251,36.43365672448381,-13.34021906354925,N,rapid
70,11762800111,11762800110391,35.84164880660026,-13.41107670693106,N,rapid
71,11762900031,11762900030471,35.947375340104706,-13.83487054460256,N,rapid
72,11762900071,11762900070411,35.75604337336748,-13.903362213731512,N,rapid
73,11762900081,11762900080481,35.702925823899164,-13.966857952102998,N,rapid
74,11762900301,11762900300791,36.29075999782315,-13.490157619387055,N,rapid
75,11762900321,11762900320311,36.20378821153989,-13.683965174087223,N,rapid
76,11762900321,11762900320431,36.1992106245587,-13.700759154561332,N,rapid
77,11762900321,11762900320781,36.18137510476772,-13.74190690577249,N,rapid
78,11762900331,11762900330111,36.17176398758095,-13.766193194187558,N,rapid
79,11762900331,11762900330261,36.16283356600746,-13.788707215785678,N,rapid
80,11762900331,11762900330381,36.14696920390398,-13.799073103933926,N,rapid
81,11762900331,11762900330551,36.13800832159432,-13.824174784298451,N,rapid
82,11765000011,11765000010181,37.916236086618895,-11.262670897908004,N,rapid
83,11765000011,11765000010331,37.89323694164543,-11.276295509882203,N,rapid
84,11765000021,11765000020511,37.823722723517,-11.37324947463205,N,rapid
85,11765000161,11765000160481,36.880646318548806,-11.59271764735174,N,rapid
86,11766000021,11766000020091,36.20347712125433,-11.827642494871965,N,rapid
87,11766000021,11766000020351,36.17773292187368,-11.855461331918926,N,rapid
88,11766000031,11766000030231,36.10541688122284,-11.96937698150964,N,rapid
89,11766000031,11766000030411,36.09633058916848,-11.995450802074942,N,rapid
90,11766000041,11766000040241,36.06368349029035,-12.03080893936903,N,rapid
91,11766000091,11766000090111,35.812824861018626,-12.27903854802887,N,rapid
92,11766000111,11766000110331,35.65409312478674,-12.357479800355977,N,rapid
93,11767000611,11767000610431,36.06357966982233,-11.538268382870092,N,rapid
94,11770400141,11770400140481,39.38107035170043,-12.18337399440805,N,rapid
95,11780100031,11780100030641,40.26676858286759,-13.48226488965111,N,rapid
96,11780100041,11780100040331,40.18590000680605,-13.470128260601472,N,rapid
97,11780100061,11780100060511,39.974568831238194,-13.562565487603631,N,rapid
98,11780500091,11780500090061,37.87848140465358,-14.278098455058773,N,rapid
99,11780700131,11780700130301,37.504305062673325,-14.386734621118118,N,rapid
100,11780700171,11780700170131,37.44396836056115,-14.547044527673236,N,waterfall
101,11780700171,11780700170451,37.44837713839778,-14.591995878915355,N,rapid
102,11795000071,11795000070381,38.17155123468809,-16.77907730901528,N,rapid
103,12221400021,12221400020781,35.26825691197725,-16.390592278014005,N,rapid
104,12221400051,12221400050381,35.34127713662291,-16.192190798152076,N,rapid
105,12221700181,12221700180451,34.864779990927644,-15.452841183533073,N,waterfall
106,12221700181,12221700180551,34.86979331947334,-15.440436725110992,N,waterfall
107,12221700181,12221700180711,34.88249570959112,-15.420177509828518,N,rapid
108,12221700201,12221700200381,34.94272501374656,-15.358319510127396,N,rapid
109,12222000071,12222000070481,34.27046190980361,-13.784580223350616,N,rapid
110,12222000101,12222000100331,34.08184678478404,-13.864027570419074,N,rapid
111,12224000061,12224000060721,33.95269069176416,-12.971841257730762,N,rapid
112,12232200051,12232200050401,33.227680816792805,-16.934245510898595,N,waterfall
113,12232200051,12232200050841,33.20301591569452,-16.99745782806902,N,waterfall
114,12232200061,12232200060481,33.14548496032448,-17.05960840346685,N,waterfall
115,12232200131,12232200130071,32.84944398912028,-17.31582705004781,N,waterfall
116,12232400041,12232400040171,32.998124059132856,-16.696293445184736,N,waterfall
117,12232400161,12232400160351,31.911615432607647,-17.001565499102394,N,rapid
118,12232400201,12232400200201,31.75847255920775,-17.199672245307344,A,low head
119,12234000031,12234000030351,33.76214606974044,-16.025247248076788,N,rapid
120,12236000011,12236000010361,32.96903721184371,-15.527622615678707,N,rapid
121,12236000041,12236000040231,32.91856092593377,-15.371790552947596,N,waterfall
122,12236000261,12236000260661,32.281700523503794,-14.787658702043188,N,waterfall
123,12237100011,12237100010111,32.969311794003936,-15.589452529874071,N,rapid
124,12237100011,12237100010741,32.863473339195274,-15.5706256468276,N,rapid
125,12237100021,12237100020301,32.789124995116325,-15.565531319720549,N,rapid
126,12237100021,12237100020581,32.74104846951824,-15.56395217017702,N,rapid
127,12237100021,12237100020681,32.72825585102463,-15.575626362023296,N,rapid
128,12243000051,12243000050181,30.393933934284423,-14.573561616143463,N,rapid
129,12279000131,12279000130621,26.13863127344557,-17.919162155002095,N,rapid
130,12279000151,12279000150161,26.08918078994033,-17.937346834014438,N,rapid
131,12279000151,12279000150691,26.06249916888147,-17.98191133472822,N,rapid
132,12279000151,12279000150821,26.042282562211483,-17.9742715471243,N,rapid
133,12279000161,12279000160371,25.96521228372765,-18.000268726828278,N,rapid
134,12279000241,12279000240231,25.49679295370537,-17.858202800494862,N,rapid
135,12291300091,12291300090081,24.24854016996195,-17.472324364056895,A,low head
136,12291300101,12291300100391,24.15955431735677,-17.290245896345326,N,waterfall
137,12291300201,12291300200171,23.79071073277132,-16.821580785505457,N,rapid
138,12291500221,12291500220781,23.59871068963661,-16.676409052443066,N,rapid
139,12296300051,12296300050831,23.69431781435369,-14.024861019984256,N,rapid
140,12296900181,12296900180101,24.341517216304087,-12.267591077083134,N,rapid
141,12302702771,12302702770661,33.997889250959304,-18.91524490126239,N,waterfall
142,12302702791,12302702790131,33.83851746854352,-18.78328574321308,N,waterfall
143,12302702801,12302702800061,33.777674128640044,-18.72632759546536,N,waterfall
144,12302702811,12302702810441,33.64472413593406,-18.67234264637805,N,waterfall
145,12302702831,12302702830271,33.50157693644373,-18.66242237152653,N,rapid
146,12304002531,12304002530191,33.17742039931421,-20.077704629999136,N,rapid
147,12306200041,12306200040401,32.21622599275577,-21.07284619873045,N,rapid
148,12306200211,12306200210401,32.456874874444686,-19.66389107897923,A,low head
149,12440500011,12440500010211,31.80270501548997,-23.993731246005563,N,rapid
150,12440500041,12440500040341,31.6061855845658,-24.053278088195302,N,rapid
151,12440500071,12440500070061,31.390686555733907,-24.057955552534622,N,rapid
152,12440500091,12440500090091,31.242215036030423,-24.06675091938665,A,low head
153,12440500151,12440500150511,30.989292623913684,-24.13830961685999,N,rapid
154,12440500241,12440500240431,30.557769964874268,-24.427396937237244,N,rapid
155,12491000021,12491000020131,28.964517774834626,-22.321354742775256,N,rapid
156,12491000021,12491000020381,28.97206439708525,-22.363389717380148,N,rapid
157,12493100071,12493100070321,28.70145717538222,-22.52373989498435,A,low head
158,12493100071,12493100070441,28.682688758613768,-22.53269748281961,A,low head
159,12493100141,12493100140101,28.37508834645769,-22.57309454483733,A,low head
160,12493300171,12493300170121,28.158985528310257,-22.722173380862937,A,low head
161,12499000791,12499000790091,27.733913017359217,-25.561663149613143,N,rapid
162,12520900071,12520900070251,31.96025352179216,-25.508950789807933,A,low head
163,12540700151,12540700150571,31.46643984822061,-26.662466613655425,N,rapid
164,12540900051,12540900050291,31.299684655589463,-26.85475771832243,N,waterfall
165,12540900051,12540900050451,31.286060775758337,-26.87584125349796,N,waterfall
166,12551000121,12551000120181,31.67785288382168,-28.39702554337904,N,rapid
167,12551000131,12551000130231,31.56644447976886,-28.37870559815195,N,rapid
168,12551000141,12551000140191,31.49716019977288,-28.44916669870754,N,rapid
169,12551000161,12551000160341,31.417116419092835,-28.383135655086296,N,rapid
170,12552000031,12552000030511,31.39524546332718,-29.170843557561923,N,rapid
171,12552000051,12552000050851,31.320370493163168,-29.150864955098555,N,rapid
172,12552000081,12552000080531,31.09938084574166,-28.959704659458804,N,rapid
173,12552000121,12552000120351,30.93377943958528,-28.829551556912588,N,rapid
174,12552000121,12552000120631,30.90530718590918,-28.84547997298173,N,rapid
175,12552000121,12552000120761,30.90526219975908,-28.825322024093765,N,rapid
176,12552000131,12552000130111,30.90833017773985,-28.794240353827018,N,rapid
177,12552000141,12552000140401,30.810797303381445,-28.76336086158052,N,rapid
178,12552000171,12552000170141,30.70540983930663,-28.785467943008616,N,rapid
179,12552000171,12552000170371,30.72422654720308,-28.767875687066443,N,rapid
180,12552000211,12552000210351,30.613037929332872,-28.608131917794093,N,rapid
181,12552000221,12552000220421,30.65186330314765,-28.551779679897564,N,rapid
182,12552000311,12552000310261,30.493520900091298,-28.19142175680105,N,rapid
183,12552000391,12552000390211,30.622138923384927,-28.73788269013278,N,rapid
184,12552000741,12552000740371,30.320317960296368,-28.73792523978034,A,low head
185,12552000751,12552000750171,30.292455599920217,-28.698260335681976,N,rapid
186,12552000751,12552000750281,30.272117350859123,-28.696127307762342,N,waterfall
187,12552000771,12552000770081,30.12255716240109,-28.72984923289327,N,rapid
188,12552000871,12552000870231,29.83648656185196,-28.71880838927495,N,rapid
189,12552000911,12552000910291,29.64073729322282,-28.73072613894168,N,rapid
190,12552000971,12552000970151,29.375851451230314,-28.72203393876409,A,low head
191,12553100041,12553100040391,31.21174753598304,-29.328969069633075,A,bridge
192,12553300081,12553300080551,30.596166675753683,-30.123821686701767,N,rapid
193,12553300091,12553300090221,30.5616433734928,-30.135046613832856,N,rapid
194,12553300111,12553300110521,30.38319757914732,-30.080782948178243,N,rapid
195,12553400041,12553400040081,30.265670557278856,-30.62480886222948,N,rapid
196,12553400061,12553400060331,30.16192218587668,-30.577880218537302,N,rapid
197,12553400071,12553400070311,30.1121740756081,-30.5534459014088,N,rapid
198,12553400081,12553400080641,30.11345780967113,-30.49084222871608,N,rapid
199,12553400111,12553400110791,30.026706322307263,-30.33265291454103,N,waterfall
200,12553400121,12553400120141,29.98000853107037,-30.31653784008192,N,rapid
201,12553400141,12553400140221,29.98430274910903,-30.28155766340531,N,rapid
202,12553400211,12553400210331,29.854264340959983,-30.09761792508932,N,waterfall
203,12553600041,12553600040631,29.3693660737251,-31.44756632579413,N,rapid
204,12553600061,12553600060241,29.27911642875847,-31.40910474147208,N,rapid
205,12553600081,12553600080091,29.250127344514382,-31.406649748032496,N,rapid
206,12553600121,12553600120121,29.13991407316794,-31.32259712838044,N,rapid
207,12553600201,12553600200631,28.80103705411973,-31.230124983687656,N,rapid
208,12553600211,12553600210191,28.765085795317287,-31.218317797285994,N,rapid
209,12553600351,12553600350311,29.106452239720312,-30.986190008052123,N,rapid
210,12553600371,12553600370481,29.06756422662288,-30.879649549521105,N,rapid
211,12553600501,12553600500231,28.967264554024748,-31.068439051364507,N,waterfall
212,12553600511,12553600510101,28.94896048658923,-31.046526158103816,N,waterfall
213,12553600541,12553600540061,28.8777909831476,-31.02119580732085,N,rapid
214,12553700061,12553700060181,28.98750494645861,-31.836298286696262,N,waterfall
215,12553800041,12553800040451,28.749688492501,-32.149970762300555,N,rapid
216,12553800091,12553800090321,28.64895531734645,-32.0290119023948,N,rapid
217,12553800091,12553800090461,28.62366913937992,-32.019957268443534,N,rapid
218,12553800161,12553800160611,28.428314607398946,-31.87188894434279,N,rapid
219,12553800181,12553800180121,28.379652511544883,-31.852172755653463,N,rapid
220,12553800181,12553800180421,28.35933462925341,-31.8415154413786,N,rapid
221,12553800201,12553800200141,28.327292054443745,-31.83117172424693,N,rapid
222,12553800231,12553800230381,28.21978518772768,-31.810055861193785,N,rapid
223,12553800241,12553800240461,28.1632879274509,-31.79407588480734,N,rapid
224,12553800251,12553800250391,28.132320430577987,-31.769095350036483,N,rapid
225,12553800321,12553800320421,28.35330083484157,-31.74451661196042,N,rapid
226,12554000051,12554000050241,28.05681801945455,-32.540013682278605,N,rapid
227,12554000051,12554000050451,28.048380032425893,-32.51034399357385,N,rapid
228,12554000061,12554000060361,27.973093724632697,-32.508378028393814,N,rapid
229,12554000131,12554000130121,27.75187826827488,-32.348312820981846,N,rapid
230,12554000191,12554000190211,27.524406319904383,-32.237816851272456,N,rapid
231,12554000191,12554000190381,27.51446360167273,-32.221375753375845,N,rapid
232,12556100041,12556100040351,26.97038608910055,-33.26390961277965,N,rapid
233,12590000061,12590000060241,20.490085280409044,-34.17132610389669,N,rapid
234,12590000071,12590000070211,20.507290370039662,-34.14204095190438,N,rapid
235,12590000071,12590000070541,20.523666553236502,-34.1230891967915,N,rapid
236,12590000081,12590000080071,20.46934284889873,-34.09617653154019,A,low head
237,12604500041,12604500040261,19.49199136436952,-32.20612090017142,N,rapid
238,12604500041,12604500040361,19.495506335481554,-32.22266966655657,N,rapid
239,12710000161,12710000160681,17.013109821360676,-28.06830838874227,N,rapid
240,12730100191,12730100190671,17.252621036239052,-28.241079385478965,N,rapid
241,12730100201,12730100200321,17.323928228469498,-28.230140705349022,N,rapid
242,12730100201,12730100200541,17.35514366374055,-28.254509191177693,N,rapid
243,12730100201,12730100200711,17.367200469851394,-28.280547741483527,N,rapid
244,12730300221,12730300220781,17.376775677647334,-28.565274668299804,N,rapid
245,12730300231,12730300230861,17.413570764927524,-28.697249864006547,N,rapid
246,12730500061,12730500060301,18.409649361526697,-28.899321539768422,N,rapid
247,12730700121,12730700120691,19.06386427392254,-28.949606339154865,N,rapid
248,12730700131,12730700130321,19.14608183971899,-28.96446217954441,A,low head
249,12730700141,12730700140251,19.22763926388172,-28.919124301597584,N,rapid
250,12730900261,12730900260291,19.89670267162457,-28.44374916409561,N,rapid
251,12750000351,12750000350221,20.425790933247367,-28.642098055083057,N,rapid
252,12770100451,12770100450381,20.87015732857996,-28.74986296179922,N,waterfall
253,12770100471,12770100470371,21.023163274404187,-28.72055039484212,N,waterfall
254,12770100611,12770100610521,21.479647079502016,-28.388935604912955,N,rapid
255,12770100621,12770100620351,21.620169544815628,-28.40988313405892,N,rapid
256,12770100621,12770100620571,21.65446488440621,-28.43357947480896,N,rapid
257,12770100871,12770100870571,21.06673859435698,-28.684115822441328,N,rapid
258,12770100891,12770100890091,21.117507729540467,-28.637068103335206,A,low head
259,12770300691,12770300690191,21.98707218696268,-28.87100858327218,N,rapid
260,12770700991,12770700990141,23.19968177563453,-29.314241157977424,A,low head
261,12770701001,12770701000331,23.32506836883245,-29.273586646622856,N,rapid
262,12770901011,12770901010741,23.49915995652804,-29.224645305186822,N,rapid
263,12770901011,12770901010861,23.515879994379464,-29.21245325820985,A,low head
264,12780100041,12780100040351,23.83737528217489,-29.287793231558226,N,rapid
265,12780100051,12780100050461,23.906260316766417,-29.36038804161637,N,rapid
266,12780100071,12780100070311,23.96623832100168,-29.48455844815924,N,rapid
267,12780100101,12780100100121,24.089811183279544,-29.60119277096388,N,rapid
268,12780100131,12780100130721,24.438403282987533,-29.812485067748643,A,low head
269,12780100141,12780100140111,24.501434846290056,-29.82136004637029,N,rapid
270,12780100151,12780100150311,24.58897308284612,-29.90015990497221,N,rapid
271,12780300241,12780300240471,25.40181103853777,-30.57364472012867,N,rapid
272,12780400071,12780400070371,26.420299316157628,-30.41351317606907,N,rapid
273,12780400091,12780400090561,26.53935378906893,-30.30724288837228,N,rapid
274,12780400181,12780400180091,26.877227722323976,-29.975618228981336,N,rapid
275,12780400241,12780400240291,27.018084798899707,-29.66879306779165,N,rapid
276,12780400251,12780400250151,27.06651226169097,-29.60825528037144,A,low head
277,12780700461,12780700460271,28.55371314918902,-30.059222055642323,N,rapid
278,12780700461,12780700460411,28.57852694080277,-30.055560941876763,N,rapid
279,12780700491,12780700490421,28.659701589287653,-29.92055582869009,N,rapid
280,12780700541,12780700540651,28.71558326978751,-29.59055048834265,N,rapid
281,12791000021,12791000020061,23.79601671504372,-29.056796282746934,N,rapid
282,12791000021,12791000020291,23.837001070398696,-29.04451650723056,A,low head
283,12792100121,12792100120211,24.512739580094127,-29.019744555683776,N,rapid
284,12793000121,12793000120341,24.11876334521565,-28.59944430031196,N,rapid
285,12795000061,12795000060571,24.337664311501783,-28.457487448114108,N,rapid
286,12795000071,12795000070281,24.38655749097832,-28.51897163873552,N,waterfall
287,12795000081,12795000080491,24.4874825842414,-28.57763309189927,N,rapid
288,12795000291,12795000290401,24.720946675661057,-28.45793937017364,N,rapid
289,12795000301,12795000300311,24.70455559393324,-28.394314965288487,N,rapid
290,12795000311,12795000310151,24.738368030838785,-28.36125230275185,N,rapid
291,12795000321,12795000320161,24.696534099828785,-28.28286503759712,N,rapid
292,12795000321,12795000320431,24.72272974254753,-28.24282091423831,N,rapid
293,12795000351,12795000350091,24.843597991384588,-28.10849720747568,A,low head
294,12795000351,12795000350281,24.87492689980195,-28.092779897752465,N,rapid
295,12797300171,12797300170281,26.457924014694107,-27.22538257235677,N,rapid
296,12797300171,12797300170631,26.42340942900284,-27.17595150840984,N,rapid
297,12797500211,12797500210301,26.64996017500029,-26.998028125940028,N,rapid
298,12797500221,12797500220141,26.69876874338494,-27.011333399883604,A,low head
299,12797500241,12797500240281,26.890401127971057,-26.936267248316884,N,rapid
300,12797900281,12797900280361,27.1356419364995,-26.93901254765895,N,rapid
301,12797900291,12797900290341,27.178590154607114,-26.960881090467847,N,rapid
302,12797900291,12797900290481,27.188592021796,-26.97710872681098,N,rapid
303,12797900321,12797900320151,27.29215289920072,-26.875235568464337,N,rapid
304,12797900321,12797900320431,27.33137567546508,-26.85386845163085,N,rapid
305,12797900331,12797900330081,27.353959073043985,-26.881448657262126,A,low head
306,12797900331,12797900330321,27.38741190393524,-26.903717549809567,N,rapid
307,12797900351,12797900350651,27.51005628144506,-26.786380667395267,N,rapid
308,12797900361,12797900360311,27.58056160358468,-26.77561801937897,N,rapid
309,12797900381,12797900380231,27.628757242728472,-26.732400172124173,N,rapid
310,12797900531,12797900530301,28.11426328156331,-26.84515422431573,N,rapid
311,12798000211,12798000210411,28.72704331799936,-27.622545840276047,N,rapid
312,12960100141,12960100140321,20.06566663476765,-17.508458671942563,N,rapid
313,12997000051,12997000050761,17.402776836910963,-15.635016644403091,N,rapid
314,12999000291,12999000290421,16.284169321923432,-14.473420680734892,N,rapid
315,13121000081,13121000080231,14.482405053208382,-17.28886479155315,N,rapid
316,13121003491,13121003490501,12.424833274284032,-17.212151957753882,N,rapid
317,13121003501,13121003500371,12.45256410704887,-17.25610444551974,N,rapid
318,13121003511,13121003510081,12.500471390346068,-17.248075369041494,N,rapid
319,13121003511,13121003510191,12.52062986237854,-17.248384437473597,N,rapid
320,13121003511,13121003510361,12.542112855883053,-17.243815984368144,N,rapid
321,13121003561,13121003560361,12.907985251232532,-17.0288379332938,N,rapid
322,13121003611,13121003610541,13.334348083347138,-16.982052381883097,N,rapid
323,13121003641,13121003640501,13.52059069715831,-17.140239543614566,N,rapid
324,13122000131,13122000130431,14.160935952959406,-16.22354013510551,N,rapid
325,13125000071,13125000070731,15.32054590805066,-15.15676315833734,N,rapid
326,13129000221,13129000220231,15.33763957966632,-14.38886326537338,N,rapid
327,13129000231,13129000230101,15.354831388829316,-14.350167323082532,N,rapid
328,13129000251,13129000250081,15.38949323616975,-14.156188205690654,N,rapid
329,13129000281,13129000280541,15.496549211900016,-13.792920639246132,N,rapid
330,13138000131,13138000130121,14.032878834476405,-12.736464646599154,N,rapid
331,13138000141,13138000140261,14.1584240740467,-12.708356929996365,N,rapid
332,13138000201,13138000200301,14.558509627499566,-12.796251445778546,N,rapid
333,13140000091,13140000090071,14.595421167328672,-11.120750394190102,N,waterfall
334,13140000221,13140000220661,15.40819437451097,-11.77205094014194,N,rapid
335,13140000231,13140000230261,15.364476643055204,-11.84753165081972,N,rapid
336,13140000231,13140000230461,15.382203286652372,-11.872739073300332,N,rapid
337,13140000231,13140000230661,15.37733068482836,-11.901503243888593,N,rapid
338,13140000231,13140000230831,15.371888078847732,-11.923756909272674,N,rapid
339,13182000081,13182000080271,14.56545859240951,-9.429078914544084,N,rapid
340,13182000151,13182000150221,15.232190472446389,-9.364318288333951,N,rapid
341,13182000171,13182000170261,15.295608117539617,-9.238964074020393,N,rapid
342,13182000171,13182000170471,15.32896223220224,-9.24580914512944,N,rapid
343,13182000181,13182000180421,15.379605855776251,-9.211208069470592,N,rapid
344,13182000191,13182000190171,15.423103687822762,-9.196859850662086,N,rapid
345,13182000221,13182000220611,15.768622995246863,-9.157362847737277,N,rapid
346,13183100201,13183100200201,14.802337017393237,-9.740230417289904,N,rapid
347,13183100201,13183100200371,14.829073616382596,-9.730856475749636,N,waterfall
348,13183100211,13183100210111,14.872910143761349,-9.725964320453658,N,rapid
349,13183100221,13183100220391,14.95223435050273,-9.676247630125832,N,waterfall
350,13183100231,13183100230261,15.01308177083557,-9.699729556559998,N,rapid
351,13183500381,13183500380171,15.895667411916335,-9.72950444654424,N,rapid
352,13183700431,13183700430241,16.307593679715897,-9.892444092720464,N,rapid
353,13183900451,13183900450231,16.361351858094135,-10.029022142382187,N,rapid
354,13183900461,13183900460311,16.37861080919063,-10.129588992875997,N,rapid
355,13186000021,13186000020431,16.549314529491223,-10.684096376849189,N,rapid
356,13186000091,13186000090251,16.54308627212428,-11.125237433933355,N,rapid
357,13186000121,13186000120141,16.484935169799357,-11.290303547660727,N,rapid
358,13186000121,13186000120291,16.481423907196756,-11.31215516826358,N,rapid
359,13186000151,13186000150771,16.345895731364976,-11.455341254086065,N,rapid
360,13186000171,13186000170361,16.31749932165202,-11.55772975586236,N,rapid
361,13186000181,13186000180181,16.31883432160181,-11.601936308042376,N,rapid
362,13187000021,13187000020581,16.660749502612692,-10.682122537579156,N,rapid
363,13187000061,13187000060261,16.929622453595062,-10.76751825037916,N,rapid
364,13187000111,13187000110941,17.39076694939777,-10.99430786974314,N,rapid
365,13187000121,13187000120101,17.388743684962048,-11.016761826800556,N,rapid
366,13187000121,13187000120221,17.402836454971332,-11.029952342629668,N,rapid
367,13187000131,13187000130541,17.414161219052406,-11.189077507657103,N,rapid
368,13187000131,13187000130841,17.390508939645205,-11.227233562144749,N,rapid
369,13187000141,13187000140821,17.46385057447663,-11.314271693611952,N,rapid
370,13187000171,13187000170531,17.520664779294595,-11.514808687204232,N,rapid
371,13187000231,13187000230091,17.68631807240404,-11.929621277712313,N,rapid
372,13187000241,13187000240341,17.662050557204072,-11.986768930824589,N,rapid
373,13190200191,13190200190661,14.288684673611868,-8.85644544385898,N,rapid
374,13190400241,13190400240061,14.610357607984302,-8.424544860153683,N,rapid
375,13190600041,13190600040211,13.325238475070371,-7.734925203869065,N,waterfall
376,13190600071,13190600070451,13.577620935514483,-7.735334832327929,N,waterfall
377,13190600101,13190600100381,13.770612674918794,-7.683390901311533,N,rapid
378,13190600111,13190600110101,13.815405496509252,-7.663984714650112,N,rapid
379,13190800051,13190800050261,13.05833092128979,-7.0853735927375965,N,rapid
380,13190800051,13190800050511,13.092924636941806,-7.091300498690876,N,rapid
381,13190800061,13190800060281,13.13987239933758,-7.086159135362252,N,rapid
382,13190800091,13190800090921,13.387698288125492,-6.929067893583606,N,rapid
383,13190800111,13190800110141,13.494777721743478,-6.934569786916353,N,rapid
384,13190800141,13190800140691,13.819497468011551,-6.991655980427673,N,rapid
385,13190800171,13190800170551,14.134955052078393,-6.894166765954073,N,rapid
386,13190800191,13190800190111,14.242019315976515,-6.829498175357091,N,rapid
387,13212000031,13212000030431,13.554127308385718,-5.880755387684817,N,rapid
388,13212000041,13212000040381,13.686111303026196,-5.904201957329397,N,rapid
389,13213000041,13213000040771,13.586967963001232,-5.550247092920921,N,rapid
390,13213000081,13213000080121,13.548247787838948,-5.363628571836909,N,rapid
391,13215000111,13215000110651,14.759014487008397,-4.859061838747304,N,rapid
392,13215000131,13215000130241,14.840091430605394,-4.817516662921628,N,rapid
393,13215000131,13215000130481,14.861439666892284,-4.781935439393877,N,rapid
394,13216000051,13216000050381,14.942732188516269,-4.829583211187596,N,rapid
395,13216000051,13216000050551,14.960533992881158,-4.843670138995146,A,dam
396,13216000051,13216000050711,14.97976154014738,-4.85729526291462,N,rapid
397,13216000061,13216000060091,14.989662016621264,-4.889727755567181,N,rapid
398,13216000061,13216000060351,15.016325661091551,-4.915691521221,N,rapid
399,13218000011,13218000010181,15.92147904904472,-3.949789296667688,N,rapid
400,13224200621,13224200620201,18.17505691840157,-5.893507381021203,N,rapid
401,13224200621,13224200620331,18.187885115901285,-5.907938953779062,N,rapid
402,13224200661,13224200660151,18.153518750635403,-6.14710960443569,N,rapid
403,13224200881,13224200880141,19.19908147993387,-5.503403659943173,N,rapid
404,13224200901,13224200900251,19.293368992476964,-5.6385951152285,N,rapid
405,13224201041,13224201040331,19.25703866380476,-6.659518229761221,N,rapid
406,13224201071,13224201070091,19.249016041168986,-6.847064541478291,N,rapid
407,13224201071,13224201070381,19.245166756625515,-6.873331340564412,N,rapid
408,13224201121,13224201120401,19.280691130188192,-7.216633973276246,N,rapid
409,13224201211,13224201210761,19.487318466888105,-8.036638477268472,N,rapid
410,13224201231,13224201230511,19.507668569578872,-8.25440260847141,N,rapid
411,13224201231,13224201230721,19.496686268987386,-8.282854235409724,N,rapid
412,13224201241,13224201240881,19.438090033658447,-8.410657186582592,N,rapid
413,13224201251,13224201250861,19.428771246667072,-8.549777418387324,N,rapid
414,13224201561,13224201560511,18.586943946333083,-7.316907931898258,N,rapid
415,13224400321,13224400320351,17.38424382489762,-6.455372305948653,N,rapid
416,13224400611,13224400610741,17.73951758598642,-7.354644008792028,N,rapid
417,13224500151,13224500150421,16.514664520790248,-5.106552167234905,N,rapid
418,13224700141,13224700140221,17.231478248631852,-7.591214191766734,N,rapid
419,13224700161,13224700160121,17.29511378969175,-7.62572675480878,N,rapid
420,13224700171,13224700170171,17.283628014112608,-7.659131428204572,N,rapid
421,13224900131,13224900130331,17.93436097557778,-8.801477697353617,N,waterfall
422,13224900131,13224900130451,17.947531866434648,-8.807517622045031,N,rapid
423,13224900131,13224900130631,17.97029137833032,-8.81183842609269,N,rapid
424,13224900131,13224900130841,17.99659221971231,-8.823479962601434,N,rapid
425,13224900141,13224900140321,18.010437418459247,-8.885470539019147,N,rapid
426,13224900201,13224900200601,18.03987916995988,-9.038614655649647,N,rapid
427,13224900251,13224900250161,18.224746303210065,-9.286400676132368,A,low head
428,13224900401,13224900400421,18.259718635630584,-9.159244807205363,N,waterfall
429,13224900401,13224900400521,18.266725671338488,-9.14604318314472,N,rapid
430,13224900411,13224900410141,18.29114544481853,-9.147401119267307,N,rapid
431,13224900411,13224900410381,18.320882066537223,-9.137328088373629,N,rapid
432,13225800381,13225800380211,19.715774781207973,-7.392780312600311,N,rapid
433,13225800381,13225800380601,19.72808820128349,-7.450747794178512,N,rapid
434,13225800511,13225800510371,19.79907107082193,-6.697083888801195,N,rapid
435,13225800551,13225800550341,19.95316781323796,-6.930378951516272,N,rapid
436,13225800561,13225800560261,19.97170713041369,-6.987295484951472,N,waterfall
437,13225800581,13225800580251,19.96390741173513,-7.110441257133347,N,rapid
438,13226600101,13226600100251,23.51920685301717,-6.4494716069799845,N,rapid
439,13226600101,13226600100361,23.50557594789835,-6.45561213159228,N,rapid
440,13226600141,13226600140281,23.43910112778826,-6.645183621460968,N,waterfall
441,13226600141,13226600140451,23.43636911443794,-6.6667312141085535,N,rapid
442,13226600151,13226600150461,23.39530037382844,-6.720189849041238,N,rapid
443,13226600161,13226600160091,23.37461370227665,-6.731859880578649,N,rapid
444,13226600161,13226600160271,23.35198552587983,-6.750272492855411,N,rapid
445,13226600171,13226600170221,23.332840445708324,-6.800258206649899,N,waterfall
446,13226700041,13226700040481,23.79333111861336,-6.219973903882294,N,rapid
447,13226800061,13226800060191,23.737939687490314,-6.715438398895237,N,rapid
448,13226800061,13226800060321,23.74082531684236,-6.73037673094494,N,waterfall
449,13226800081,13226800080091,23.69872677773252,-6.860705577800086,N,rapid
450,13226800081,13226800080221,23.69393350298273,-6.881335150046236,N,rapid
451,13226800111,13226800110291,23.59883878113073,-7.073333162683153,N,rapid
452,13226800131,13226800130251,23.605966946645665,-7.19955706530799,N,rapid
453,13226800141,13226800140501,23.66829044728421,-7.279268525675885,N,rapid
454,13226800161,13226800160781,23.644572062598936,-7.538608622867962,N,rapid
455,13226800171,13226800170231,23.62818579220295,-7.588892476096495,N,rapid
456,13226800171,13226800170711,23.62444916716098,-7.649607816867855,N,rapid
457,13226800171,13226800170861,23.61693490228496,-7.667374150740581,N,rapid
458,13226800181,13226800180271,23.63707922415849,-7.682139227821848,N,rapid
459,13226800201,13226800200371,23.578311873111307,-7.92211878464581,N,rapid
460,13226800201,13226800200521,23.581884425331804,-7.944119078326151,N,rapid
461,13226900171,13226900170461,24.12504058230972,-7.059984128582221,N,rapid
462,13226900181,13226900180171,24.09203813767247,-7.067504003884129,N,rapid
463,13226900201,13226900200121,23.98976681174713,-7.192602419597093,A,low head
464,13226900211,13226900210111,23.977528243531847,-7.245151505215305,N,waterfall
465,13226900261,13226900260131,23.991310338612,-8.273891079862928,N,rapid
466,13226900351,13226900350531,24.210487289874816,-7.154887656509413,N,rapid
467,13226900391,13226900390461,24.225477111397183,-7.264841452941331,N,rapid
468,13226900411,13226900410451,24.25860113847804,-7.383230617996291,N,rapid
469,13226900451,13226900450611,24.265939906557023,-7.647444769245632,N,rapid
470,13226900471,13226900470141,23.98349908038676,-7.39075683486023,N,rapid
471,13226900481,13226900480081,23.964880125887547,-7.469784127367227,N,rapid
472,13226900501,13226900500571,23.96360483009781,-7.804735792617826,N,rapid
473,13228200021,13228200020291,21.41225010487128,-5.456752431227618,N,waterfall
474,13228200081,13228200080311,21.55031404003552,-5.8435492692792375,N,rapid
475,13228300081,13228300080351,21.990364104935825,-5.478790481512907,N,rapid
476,13228300081,13228300080541,22.00683624641577,-5.493280401127178,N,rapid
477,13228500071,13228500070311,22.39127459714013,-6.004986506543771,N,rapid
478,13228500081,13228500080391,22.39150397596617,-6.0988918565269605,N,rapid
479,13228500121,13228500120181,22.44950524738827,-6.345600480283362,N,rapid
480,13228500131,13228500130371,22.4148967634828,-6.427642508604857,N,rapid
481,13228500141,13228500140231,22.413627521559345,-6.478526357511105,N,rapid
482,13228500151,13228500150071,22.43710720696016,-6.521461591804614,N,rapid
483,13228500151,13228500150291,22.458503767983668,-6.54881029284511,N,rapid
484,13228500151,13228500150421,22.474098529291734,-6.562998749667771,N,rapid
485,13228500161,13228500160121,22.475214798424886,-6.595008328921047,N,rapid
486,13228500171,13228500170361,22.49803116698001,-6.699649996923873,N,rapid
487,13228500181,13228500180081,22.53301637816773,-6.696431275556666,N,rapid
488,13228500271,13228500270611,22.611762819929552,-7.740710705254283,N,rapid
489,13228500371,13228500370071,22.554711866913625,-8.881468284861297,N,rapid
490,13228500391,13228500390321,22.609801802927493,-9.177024764527069,N,rapid
491,13228500391,13228500390681,22.636643830267733,-9.226478574435824,N,rapid
492,13229100041,13229100040471,20.95079877867628,-5.480964450719586,N,rapid
493,13229100081,13229100080271,20.820709047515663,-5.739200173437632,N,rapid
494,13229100101,13229100100911,20.49167026527737,-6.307103049503327,N,waterfall
495,13229100111,13229100110841,20.5053991557157,-6.415360399803996,N,rapid
496,13229100121,13229100120651,20.52329326388106,-6.513378853492196,N,waterfall
497,13229100121,13229100120821,20.51905215323922,-6.541055063585507,N,rapid
498,13229100121,13229100120931,20.525386870871543,-6.556746546864801,N,rapid
499,13229200021,13229200020561,20.719830726675145,-6.56297173231103,N,rapid
500,13229200051,13229200050151,20.631947950974222,-6.915289397669299,N,rapid
501,13229200061,13229200060581,20.56772017125249,-7.10925035705734,N,rapid
502,13229200061,13229200060881,20.54720736664657,-7.14794222863988,N,rapid
503,13229200081,13229200080891,20.534946895976365,-7.409989082016473,N,rapid
504,13229200091,13229200090111,20.53519725082687,-7.430468375566736,N,rapid
505,13229200101,13229200100361,20.5116168044358,-7.6049476664001245,N,rapid
506,13229200131,13229200130601,20.50894667096034,-7.826103551685003,N,rapid
507,13229200221,13229200220491,20.510150052190628,-8.787779609399358,N,rapid
508,13229200241,13229200240611,20.422055511207287,-8.966749135198503,N,rapid
509,13229200291,13229200290221,20.37819429860842,-9.413674610234212,N,rapid
510,13229200301,13229200300201,20.36852694111498,-9.455740794152923,N,rapid
511,13229300021,13229300020191,20.892640367643867,-6.506889256504434,N,rapid
512,13229300021,13229300020521,20.932784862657883,-6.541009162883387,N,waterfall
513,13229400041,13229400040111,20.95192785855605,-6.82500528531516,N,rapid
514,13229400041,13229400040271,20.94621461007884,-6.844280465203117,N,rapid
515,13229400051,13229400050211,20.94446546420232,-6.911175486503608,N,rapid
516,13229400061,13229400060381,20.915900264294944,-6.995217433802718,N,rapid
517,13229400091,13229400090171,20.881749083143923,-7.210629295482249,N,rapid
518,13229400091,13229400090371,20.861306795492265,-7.235879567395222,N,rapid
519,13229400111,13229400110351,20.84446892398892,-7.362215732633318,A,dam
520,13229400121,13229400120141,20.85191300252424,-7.397597615141623,N,rapid
521,13229400211,13229400210211,20.82844814228606,-7.954340089545146,N,rapid
522,13229400261,13229400260191,20.757339538270227,-8.272576971597548,A,bridge
523,13229400271,13229400270111,20.74180232120453,-8.328856336849428,N,rapid
524,13229400311,13229400310351,20.819106612453147,-8.626597842456151,N,rapid
525,13229400371,13229400370201,20.772222909949843,-8.940918162585652,N,rapid
526,13229400381,13229400380261,20.75878890971667,-9.010257878264976,N,rapid
527,13229400381,13229400380371,20.75850137418463,-9.026050267581796,N,rapid
528,13229400391,13229400390171,20.74941446845897,-9.06505520411666,N,rapid
529,13229400431,13229400430171,20.75059916963933,-9.309812727161916,N,rapid
530,13229400451,13229400450351,20.69949252516665,-9.476081927269778,N,rapid
531,13229500011,13229500010451,21.039169192342765,-6.583528916996727,N,rapid
532,13229500011,13229500010781,21.069928402095563,-6.612789717777015,N,rapid
533,13229600041,13229600040101,21.096306596604386,-6.80275260546981,N,rapid
534,13229600201,13229600200161,21.40196658552577,-7.955125589242,N,rapid
535,13229600211,13229600210231,21.43952077852529,-8.027825967661867,N,rapid
536,13229600231,13229600230391,21.48978561290591,-8.18497458724424,N,rapid
537,13229600271,13229600270461,21.60532833381208,-8.407287178843426,N,rapid
538,13229600321,13229600320071,21.58602799225953,-8.658618732486348,N,rapid
539,13229600341,13229600340291,21.58995506110017,-8.832271954161454,N,rapid
540,13229600361,13229600360241,21.57648407662366,-8.963621960074933,N,rapid
541,13229600431,13229600430281,21.54085225478057,-9.396017480159257,N,waterfall
542,13229600461,13229600460301,21.57693549272533,-9.573370399157696,N,rapid
543,13229600551,13229600550611,21.19458272112973,-7.21318123613679,N,rapid
544,13229600571,13229600570191,21.179581185423324,-7.368277744337716,N,rapid
545,13229600571,13229600570311,21.18032342446336,-7.388766119032961,N,rapid
546,13229600571,13229600570431,21.17901771768916,-7.409119614036132,N,rapid
547,13229600611,13229600610701,21.07167046831441,-7.896947997512206,N,rapid
548,13229600651,13229600650121,21.02045687451988,-8.167724617493326,N,rapid
549,13229600661,13229600660141,21.0405388816472,-8.213247133788773,N,rapid
550,13229600711,13229600710501,21.09953090228529,-8.680077203759183,N,rapid
551,13229600721,13229600720551,21.10494522976043,-8.816327441382967,N,rapid
552,13229600771,13229600770211,21.129541017929306,-9.286537424242752,N,rapid
553,13229700011,13229700010291,21.116795792652585,-6.63452771545754,N,rapid
554,13229700011,13229700010501,21.14258553221244,-6.655544037671494,N,rapid
555,13229700021,13229700020111,21.16232380420337,-6.674236145849025,N,rapid
556,13229700041,13229700040661,21.374502214519296,-6.821034619984721,N,rapid
557,13229700051,13229700050571,21.45995422374381,-6.887661412062336,N,rapid
558,13229700071,13229700070421,21.59653821592233,-7.029380130090721,N,rapid
559,13229700081,13229700080221,21.624070709394424,-7.051433199619543,N,rapid
560,13229800041,13229800040121,21.8943740166142,-7.0682631479836,N,rapid
561,13229800051,13229800050101,21.95517705400142,-7.071027761793659,N,rapid
562,13229900011,13229900010091,21.666892744998734,-7.08370466273541,N,rapid
563,13229900011,13229900010371,21.67750599472551,-7.123986166099416,N,rapid
564,13229900041,13229900040061,21.788520282657093,-7.288249211444039,N,rapid
565,13229900121,13229900120081,21.859833400341945,-8.147463853459792,N,rapid
566,13229900141,13229900140751,21.937894608433613,-8.532837525776083,N,rapid
567,13229900151,13229900150191,21.925656311076068,-8.583197709597355,N,waterfall
568,13229900171,13229900170151,21.89141406062172,-8.705103872350424,N,rapid
569,13229900181,13229900180211,21.88686183233085,-8.802248889623081,N,rapid
570,13229900211,13229900210071,21.844751360957925,-9.025375491733898,N,rapid
571,13229900221,13229900220451,21.850188813325104,-9.146508610739769,N,rapid
572,13229900231,13229900230341,21.857029667559203,-9.213508806698773,N,rapid
573,13229900281,13229900280841,21.883016459843176,-9.650101211240456,N,rapid
574,13229900401,13229900400351,22.28737737584857,-10.478413122396969,N,rapid
575,13229900411,13229900410431,22.309581975891152,-10.55440067743623,N,rapid
576,13229900421,13229900420371,22.288567436608343,-10.612094281305328,N,rapid
577,13229900471,13229900470311,21.80460797151014,-10.629883793208228,N,rapid
578,13229900491,13229900490261,21.762382013974914,-10.765389706409756,N,rapid
579,13229901491,13229901490571,21.510882403050783,-11.195040517807923,N,waterfall
580,13229901501,13229901500071,21.471238442097373,-11.196710244532104,N,rapid
581,13229901501,13229901500831,21.387041601553587,-11.232589882341518,N,waterfall
582,13229901541,13229901540101,21.18214037111392,-11.30512697304168,N,rapid
583,13230200031,13230200030451,16.035984206408067,-2.9364681724097257,A,dam
584,13246200181,13246200180171,15.832624433690714,5.005809554496461,N,rapid
585,13246200181,13246200180281,15.829347275512868,5.020874771786071,N,rapid
586,13246200191,13246200190371,15.808220333202003,5.096478222932937,N,rapid
587,13246200411,13246200410451,15.544228733331195,5.0328443609095865,N,rapid
588,13246200441,13246200440611,15.31465057251553,5.195705310481514,N,rapid
589,13246200451,13246200450511,15.268502403903046,5.287785188854064,N,rapid
590,13246300071,13246300070411,15.61766636130495,3.917481201785231,N,rapid
591,13246500021,13246500020191,15.389555393538844,4.060651996553371,N,rapid
592,13246700011,13246700010091,15.113070957583574,4.099322989779949,N,rapid
593,13246900131,13246900130301,14.258017934633516,4.79957129202348,N,rapid
594,13248000081,13248000080671,15.2467801772755,2.527688939303711,N,rapid
595,13248000111,13248000110101,15.239472428031933,2.605467823035392,N,rapid
596,13249300161,13249300160401,14.305285757916218,2.379154378873106,N,rapid
597,13249500211,13249500210121,14.126453005004452,2.667993115281168,N,rapid
598,13249500221,13249500220191,14.10830884154696,2.754686058680296,N,rapid
599,13249500221,13249500220411,14.09228976932578,2.781811793768725,N,rapid
600,13249500241,13249500240461,13.987880365077634,2.860649974480177,N,rapid
601,13249500421,13249500420091,12.881808337203823,2.8773059737015245,N,rapid
602,13262300081,13262300080061,17.327322742341313,4.0494759460606256,N,rapid
603,13262300081,13262300080431,17.302604891954694,4.097330002761892,N,rapid
604,13263200091,13263200090171,18.23591198152628,5.06079462344951,N,rapid
605,13263200091,13263200090301,18.22324848956543,5.075270432336415,N,rapid
606,13266100081,13266100080271,21.917206741772823,4.599145361252162,N,rapid
607,13266100101,13266100100091,21.910502625220342,4.643594943905541,N,rapid
608,13268200041,13268200040441,22.730971103259407,4.21992890060679,N,rapid
609,13268200061,13268200060071,22.81708934384556,4.190932142571643,N,rapid
610,13268300021,13268300020331,22.57116505731634,4.336234313471949,N,rapid
611,13268500121,13268500120101,23.69011680961525,4.772580729929781,N,rapid
612,13268600011,13268600010351,23.87339348128785,4.884974931574786,N,rapid
613,13268600091,13268600090391,24.23957967668896,5.425814475734255,N,rapid
614,13268600111,13268600110421,24.29876515890449,5.528387370199941,N,rapid
615,13268600111,13268600110611,24.318302230286672,5.547796448783319,N,rapid
616,13268600241,13268600240341,24.26697348677889,5.845803215296422,N,rapid
617,13269100071,13269100070571,22.91957579721974,3.855968253926082,N,rapid
618,13269100221,13269100220221,24.25408828832113,3.669512070299324,N,rapid
619,13269200041,13269200040521,25.41469417454853,3.359927086040727,N,rapid
620,13269600511,13269600510411,28.07831218219536,3.0260852876618256,N,rapid
621,13269600521,13269600520241,28.13171863915117,2.9882936394626096,N,rapid
622,13269600531,13269600530161,28.20304971929697,2.990623446861592,N,rapid
623,13269600631,13269600630451,28.76084830805247,2.8399912562748657,N,rapid
624,13269600651,13269600650341,28.882843209428817,2.8135213147429923,N,rapid
625,13269600931,13269600930101,27.866139765531617,3.1897365277066987,N,rapid
626,13269601501,13269601500141,26.70253146979077,3.2826015798339454,N,rapid
627,13269601561,13269601560121,27.23501265277416,3.2233788861972155,N,rapid
628,13269700031,13269700030261,26.40362422312364,3.838554094223448,N,rapid
629,13269700311,13269700310151,28.3413611847898,3.6237694628614254,N,rapid
630,13269900091,13269900090481,29.29567639129852,3.3244859577116896,N,rapid
631,13269900121,13269900120211,29.518799518880684,3.340432357883312,A,low head
632,13269900151,13269900150121,29.70905261824387,3.296176142110105,N,rapid
633,13275800211,13275800210071,23.9152417031794,2.840300466396845,N,rapid
634,13275800471,13275800470401,25.01273385445615,2.688999940000542,N,waterfall
635,13276100111,13276100110521,24.55830758584184,1.272384528593354,N,rapid
636,13276100331,13276100330171,26.44484146746284,1.827510071385817,N,rapid
637,13276200081,13276200080221,27.094382272942266,2.156549762768962,N,rapid
638,13276300031,13276300030191,27.21052933345357,1.584395993749979,N,rapid
639,13276300071,13276300070141,27.364720135875007,1.5364521683393435,N,rapid
640,13276300081,13276300080371,27.4487264869528,1.4794582482642042,N,rapid
641,13276300101,13276300100471,27.56140674460819,1.3219145906630037,N,rapid
642,13276300121,13276300120271,27.68617313567259,1.3262037124477355,N,rapid
643,13276300231,13276300230481,28.22301505064127,0.7409493810734245,N,rapid
644,13276300251,13276300250431,28.42478972078759,0.6388216643689838,N,waterfall
645,13276300321,13276300320101,27.466574254901165,1.7336748677441811,N,rapid
646,13276300361,13276300360681,27.74961927883433,1.6945828563403789,N,rapid
647,13276300411,13276300410591,27.743529731067497,1.6375852115427336,N,rapid
648,13276400021,13276400020131,28.444574058515883,1.3136363705034555,N,rapid
649,13276400021,13276400020241,28.45903545631328,1.302566714868554,N,rapid
650,13276400021,13276400020361,28.47554748707868,1.3103725614700752,N,rapid
651,13276400021,13276400020651,28.511329112249417,1.3176923160980596,N,rapid
652,13276400021,13276400020861,28.53782352795841,1.3302846072007863,N,rapid
653,13276400031,13276400030191,28.552204455422697,1.3662251455300485,N,rapid
654,13276400031,13276400030471,28.57929629180014,1.401206900119094,N,rapid
655,13276400031,13276400030841,28.61009846022011,1.453141655312777,N,rapid
656,13276400061,13276400060141,28.696074005661,1.4668021381858776,N,rapid
657,13276400061,13276400060411,28.714287299396595,1.4458317547241637,N,rapid
658,13276400131,13276400130091,29.16528727078887,1.4309885253447177,N,rapid
659,13276400201,13276400200251,28.742012446955474,1.6540700036196585,N,rapid
660,13276400201,13276400200671,28.77804930386332,1.6764460434075652,N,rapid
661,13276400211,13276400210241,28.849062408586004,1.7184003457911448,N,rapid
662,13276400221,13276400220071,28.882844106785285,1.741308799686512,N,rapid
663,13276500011,13276500010301,28.35084369698284,1.1918745641907975,N,rapid
664,13276500011,13276500010471,28.373872331072107,1.1809281058491106,N,rapid
665,13276500021,13276500020321,28.42037528178108,1.14611950908664,N,rapid
666,13276500021,13276500020481,28.440598066264915,1.126980433164232,N,rapid
667,13276600091,13276600090301,29.165067297574723,0.7260130121806742,N,rapid
668,13276600091,13276600090521,29.16141367818037,0.6908640582521873,N,rapid
669,13276700881,13276700880111,29.791570566120235,1.4521188435183736,N,rapid
670,13276800011,13276800010201,29.98766054872713,1.7750893219430683,N,rapid
671,13276800041,13276800040181,29.941708554098486,1.9651836317399087,N,rapid
672,13276800051,13276800050331,29.89392709220865,2.107000275971408,N,rapid
673,13276800061,13276800060681,29.927002622500325,2.209733098927281,N,rapid
674,13278700271,13278700270421,25.96775156205614,-5.945032893291211,N,rapid
675,13278900301,13278900300641,25.84531354113388,-6.02986326225155,N,rapid
676,13278900331,13278900330211,25.560225497900376,-6.120858203735916,N,waterfall
677,13278900341,13278900340471,25.37501365238702,-6.192364798267612,N,waterfall
678,13278900351,13278900350341,25.26322043334593,-6.237335145116524,N,waterfall
679,13278900431,13278900430161,25.38599613148563,-6.540784052485509,N,rapid
680,13279200091,13279200090131,25.223901734797607,0.9136977414041128,N,rapid
681,13279200091,13279200090431,25.220490241366843,0.955609879623718,N,rapid
682,13279200121,13279200120261,25.454150495790326,1.1864534930413335,N,rapid
683,13279200171,13279200170391,25.948818317619363,1.339857394231574,N,rapid
684,13279200171,13279200170771,25.976874040409864,1.3055521110357673,N,rapid
685,13279200301,13279200300481,25.564785347752416,0.7042462555640331,N,rapid
686,13279200371,13279200370091,25.91640777834191,0.6977964592560008,N,waterfall
687,13279200491,13279200490451,27.251928861982407,0.903916610188432,N,rapid
688,13279200491,13279200490941,27.321626286862728,0.8745724606644432,N,rapid
689,13279200511,13279200510191,27.439453789753884,0.8765533669083604,N,rapid
690,13279200531,13279200530211,27.5374461550207,0.8452977046261899,N,rapid
691,13279200531,13279200530831,27.62912558756119,0.8322022501386616,N,rapid
692,13279200541,13279200540081,27.664309295406728,0.8271018688931855,N,rapid
693,13279200561,13279200560551,27.75324094724099,0.5807286557348554,N,rapid
694,13279200571,13279200570661,27.854055288478047,0.4930649429249788,N,rapid
695,13279200591,13279200590171,27.97644301306405,0.4888253393320006,N,rapid
696,13279200591,13279200590581,28.011716827712075,0.4605263549484092,N,rapid
697,13279200601,13279200600381,28.032501671581105,0.402346004553465,N,rapid
698,13279200611,13279200610781,28.115541040294403,0.2544071292359983,N,rapid
699,13279200631,13279200630221,28.12689417176656,0.1042047590215792,N,rapid
700,13279200631,13279200630681,28.12434077733276,0.0342917183889532,N,rapid
701,13279200641,13279200640361,28.126055518381907,-0.059384066001693,N,rapid
702,13279300071,13279300070611,25.48970537215907,0.2409361314362102,N,rapid
703,13279300121,13279300120391,25.555034211111508,0.1557099782840847,N,rapid
704,13279300151,13279300150101,25.63522207023336,-0.0061051918281275,N,rapid
705,13279300151,13279300150561,25.678616053087502,0.018632477294055,N,rapid
706,13279300191,13279300190181,25.94249032469276,0.0491184894274688,N,rapid
707,13279300191,13279300190301,25.95745982218513,0.0429973001673337,N,rapid
708,13279300691,13279300690711,26.90793910561689,-0.2229436030725738,N,rapid
709,13279300701,13279300700341,26.97235651476269,-0.2449197853760376,N,waterfall
710,13279300701,13279300700471,26.98410229599548,-0.2478963701251907,N,rapid
711,13279300701,13279300700831,27.027319984398,-0.2569617568740674,N,waterfall
712,13279300711,13279300710221,27.06772611331824,-0.2643170648997345,A,low head
713,13279300711,13279300710631,27.10498442381629,-0.2858584166047535,N,rapid
714,13279300721,13279300720361,27.13934217219082,-0.3637409452623643,N,rapid
715,13279400021,13279400020651,26.01413796456153,-1.496669751632405,N,rapid
716,13279400211,13279400210181,26.91513885317802,-1.4307828590302096,N,rapid
717,13279400271,13279400270181,26.846135152908207,-1.2923113982808725,N,rapid
718,13279400301,13279400300291,26.98501597064905,-1.173434898641476,N,rapid
719,13279400331,13279400330071,27.219975627689767,-1.208853806410345,N,rapid
720,13279400361,13279400360081,27.44352508454765,-1.212713300248856,N,rapid
721,13279400411,13279400410201,27.81553210763264,-1.3323501110143354,N,rapid
722,13279400431,13279400430271,27.947491838850755,-1.5215271053831672,N,rapid
723,13279400431,13279400430691,27.96869726994701,-1.5695839185768568,N,rapid
724,13279400661,13279400660221,27.45866020636009,-1.2947170996255457,N,rapid
725,13279400661,13279400660391,27.467831214414392,-1.308285858631338,N,rapid
726,13279400761,13279400760371,28.03567160603012,-1.525936837756585,N,rapid
727,13279400781,13279400780121,28.09207277128293,-1.4698260522567623,N,rapid
728,13279400791,13279400790161,28.0863636604998,-1.3897570086077335,N,waterfall
729,13279400791,13279400790381,28.086233577663137,-1.360467330281864,N,rapid
730,13279400801,13279400800351,27.53171125933696,-1.577914841694647,N,rapid
731,13279600031,13279600030081,25.992745496980387,-1.682153933621812,N,rapid
732,13279600231,13279600230111,26.954884967664874,-2.610284865120557,N,rapid
733,13279600241,13279600240311,26.66324014863068,-2.2286562087116217,N,rapid
734,13279600291,13279600290411,26.936148378609698,-2.175812801275431,N,rapid
735,13279600371,13279600370081,27.206144546972308,-2.5620387633749853,N,rapid
736,13279600791,13279600790391,28.417019822442427,-2.783839938056732,N,rapid
737,13279800181,13279800180411,26.864884306369493,-3.039353648422154,N,rapid
738,13279900221,13279900220551,26.76829204257161,-4.624088199399583,N,rapid
739,13279900431,13279900430151,27.75388099973356,-4.295256121769081,N,rapid
740,13283000141,13283000140361,28.28697562808432,-5.905288162554554,N,rapid
741,13284900121,13284900120371,30.324262843919207,-8.797307559926612,N,rapid
742,13286700171,13286700170761,29.032877151025584,-2.7332156532543883,N,rapid
743,13287000021,13287000020201,30.17082378923972,-5.198063162871067,N,rapid
744,13287000031,13287000030061,30.240896714477863,-5.1806177174872845,N,rapid
745,13287000071,13287000070591,30.67040759190772,-5.139952172882449,N,rapid
746,13294400081,13294400080301,26.32517605222049,-8.131930960102915,N,rapid
747,13294600191,13294600190451,26.975389628296263,-9.453449399629452,N,rapid
748,13294900041,13294900040361,25.53773701156956,-9.35485976552352,N,rapid
749,13294900091,13294900090181,25.546760547682748,-9.802242292444872,N,rapid
750,13294900101,13294900100871,25.449817149816983,-9.987661085503186,N,waterfall
751,13294900211,13294900210151,25.444791126377776,-10.40166699345111,N,rapid
752,13294900351,13294900350811,25.722038714807933,-10.920597606944908,N,rapid
753,13294900361,13294900360771,25.64375497871879,-10.99132811825184,N,rapid
754,13295500131,13295500130361,28.037591931140827,-7.371444487837071,N,rapid
755,13295500131,13295500130761,28.077127019990588,-7.42006207978991,N,rapid
756,13295500201,13295500200221,28.198295135035,-7.732810669556689,N,rapid
757,13295500221,13295500220311,28.365981439824584,-7.817477248204715,N,rapid
758,13295500231,13295500230201,28.41453333301256,-7.858435719166842,N,rapid
759,13295500261,13295500260161,28.706412281414583,-7.930897004104557,N,rapid
760,13295500261,13295500260341,28.696258614612766,-7.958470590874958,N,rapid
761,13295500301,13295500300111,28.80537057359428,-8.14720614276547,N,rapid
762,13295700311,13295700310361,28.873308371726058,-8.243173521501205,N,rapid
763,13295700321,13295700320121,28.87877813589313,-8.285187390025607,N,rapid
764,13295900331,13295900330381,28.8032333327931,-8.370024905142879,N,rapid
765,13295900351,13295900350081,28.83725802429396,-8.452859637528084,N,rapid
766,13295900351,13295900350401,28.85027589193234,-8.49369371588376,N,rapid
767,13296000191,13296000190101,29.398113308624627,-9.549683828273492,N,waterfall
768,13296000191,13296000190351,29.43323613981473,-9.53907819037428,N,rapid
769,13297100261,13297100260291,28.66644108139424,-10.577121431938876,N,waterfall
770,13297100261,13297100260391,28.6648246840498,-10.594225864052488,N,rapid
771,13297100281,13297100280471,28.623542168304525,-10.719014620370588,N,rapid
772,13297300041,13297300040141,29.07800082771153,-12.38875625716466,N,rapid
773,13297300041,13297300040301,29.10082612540609,-12.38028413635042,N,rapid
774,13297300071,13297300070161,29.23858646189864,-12.380165545385218,N,rapid
775,13320100491,13320100490261,12.146257449511776,-4.081589629706007,N,rapid
776,13320400011,13320400010281,12.655892739033323,-3.424743589936998,N,rapid
777,13320400011,13320400010491,12.672254599538688,-3.40042212679172,N,rapid
778,13320400031,13320400030281,12.8243776305156,-3.296523841151731,N,waterfall
779,13330200011,13330200010711,12.040182106387368,-2.8035945662109185,N,waterfall
780,13330200011,13330200010881,12.054602186070252,-2.800685700388636,N,rapid
781,13330200031,13330200030101,12.079952800709266,-2.7853262104103806,N,waterfall
782,13330200031,13330200030431,12.09700748152677,-2.74532340263141,N,rapid
783,13330200391,13330200390091,11.658171705926325,-3.344428315078557,N,rapid
784,13342200111,13342200110551,11.26272912398535,-1.007078700684787,N,rapid
785,13342300061,13342300060081,10.643196474472123,-1.1520587168567131,N,rapid
786,13342500131,13342500130061,11.265997815130614,-2.044773614999676,N,rapid
787,13342600021,13342600020061,11.300075234135871,-1.9544815006990064,N,rapid
788,13342600021,13342600020171,11.302376428979995,-1.9392280613516828,N,rapid
789,13342600021,13342600020421,11.324094039384503,-1.942554514359155,N,rapid
790,13342600041,13342600040161,11.362449307739716,-1.915388977833472,N,rapid
791,13342600041,13342600040381,11.388408277263634,-1.918380933028373,N,rapid
792,13342600051,13342600050421,11.427804606037766,-1.8637292222913733,N,rapid
793,13342800031,13342800030301,11.505561799343086,-2.2578523299089515,N,rapid
794,13346300101,13346300100421,12.646385318484157,-0.4258930361488247,N,rapid
795,13346300101,13346300100791,12.698241330023093,-0.4292083985230478,N,rapid
796,13346400071,13346400070161,13.376542253261286,-0.9253734328341088,N,rapid
797,13346400071,13346400070381,13.381414406380133,-0.8993299382518263,N,rapid
798,13346400071,13346400070561,13.392269562957209,-0.8795471354762503,N,rapid
799,13346600031,13346600030771,13.5603432627509,-1.1778104504901534,N,rapid
800,13346600051,13346600050311,13.606916168778689,-1.1429945283136989,N,rapid
801,13346600081,13346600080191,13.819425744965772,-1.1948426689391567,N,rapid
802,13346700021,13346700020101,13.32790788027154,-1.2561855720443778,N,rapid
803,13346800071,13346800070381,13.778622983513658,-1.6935906332677018,N,rapid
804,13346900021,13346900020131,13.515743748646942,-1.6621402637331189,A,dam
805,13346900081,13346900080621,13.55629596780528,-1.9943896340529097,N,rapid
806,13346900091,13346900090381,13.576108020303428,-2.0406936303239864,N,rapid
807,13346900101,13346900100161,13.590645959234232,-2.069567346319902,N,rapid
808,13346900121,13346900120361,13.642009955668856,-2.2372275883779698,N,rapid
809,13346900131,13346900130171,13.64012861359472,-2.278297434347698,N,rapid
810,13346900131,13346900130391,13.637696025327797,-2.305266126819832,N,rapid
811,13346900141,13346900140321,13.658332064442888,-2.3400264322447404,N,rapid
812,13346900171,13346900170381,13.727312268702018,-2.506689320199488,N,waterfall
813,13347100011,13347100010221,12.197740861456358,-0.1364770141238006,N,waterfall
814,13347100021,13347100020271,12.263449878026432,-0.1089400938494631,N,rapid
815,13347200011,13347200010101,12.232797196865466,0.0600488838153808,N,rapid
816,13347200011,13347200010611,12.195588240908975,0.1217041775034402,N,rapid
817,13347300031,13347300030501,12.33292862266155,0.1233573303201308,N,rapid
818,13347300131,13347300130751,12.826180291912095,0.5187134345502701,N,rapid
819,13356100061,13356100060381,10.036812072613502,2.163763406232545,N,rapid
820,13356100071,13356100070251,10.096329562768153,2.164536967044782,N,rapid
821,13356100321,13356100320321,9.936172935303969,2.25644726043021,N,rapid
822,13356100331,13356100330391,9.997136898030105,2.2761824405753988,N,rapid
823,13356100361,13356100360371,10.134802494650112,2.20551517799525,N,rapid
824,13356100401,13356100400181,10.484794411245952,2.4077484210065863,N,rapid
825,13357000071,13357000070351,10.032831231352503,3.176910477901631,N,rapid
826,13357000111,13357000110411,10.284095038998704,3.1061777560725994,N,rapid
827,13358000091,13358000090091,10.082359025425282,3.4954925144299693,N,rapid
828,13358001211,13358001210121,10.468788563792415,3.50201067439817,N,rapid
829,13358001231,13358001230461,10.636151779849463,3.546225236591776,N,rapid
830,13358001241,13358001240061,10.646825614810686,3.5662821992017952,N,rapid
831,13361000211,13361000210121,10.473292859210094,4.058058970155235,N,rapid
832,13361000211,13361000210311,10.495453272794116,4.037333206535057,N,rapid
833,13361000221,13361000220451,10.599356621303045,4.048885687592572,N,rapid
834,13361000241,13361000240091,10.732032247723964,4.061787405765155,N,rapid
835,13362100011,13362100010481,11.313846034499216,4.464422673577703,N,rapid
836,13362100011,13362100010731,11.326389996564904,4.50412715472375,N,rapid
837,13362300031,13362300030431,11.391035848491754,4.638340319915039,N,rapid
838,13362300031,13362300030631,11.386214800856584,4.669947670196801,N,rapid
839,13362300051,13362300050591,11.19412712296402,4.809566896672601,N,rapid
840,13362300061,13362300060731,11.102431038909575,4.88633987185383,N,rapid
841,13362400021,13362400020071,11.008492754400136,4.912627657114557,N,rapid
842,13362400021,13362400020941,10.870278660775634,4.945212239897384,N,rapid
843,13362400031,13362400030341,10.868481999942556,4.998654711488936,N,rapid
844,13362400041,13362400040171,10.82960572666817,5.086164744706314,N,rapid
845,13362400061,13362400060161,10.685972705178562,5.175346949907159,N,rapid
846,13362400061,13362400060731,10.662956197329637,5.2491879358572175,N,rapid
847,13362400071,13362400070081,10.615309963889686,5.242612123800002,N,rapid
848,13362400111,13362400110131,10.569105257997434,5.546081140551493,N,rapid
849,13362400121,13362400120411,10.49441656050379,5.604343620635562,N,rapid
850,13362600011,13362600010251,11.208817043968155,5.392877244275003,N,rapid
851,13362600031,13362600030231,11.269436979103707,5.529184437993069,N,rapid
852,13362600061,13362600060291,11.52025321523079,5.745467573007834,N,rapid
853,13362600071,13362600070661,11.634333783820038,5.71304313567614,N,rapid
854,13362600071,13362600070761,11.648484452291653,5.705292820993269,N,rapid
855,13362600101,13362600100311,11.77890467696967,5.688443608810766,N,rapid
856,13362700011,13362700010081,11.183590487587944,5.398517132081892,N,rapid
857,13362700031,13362700030801,11.253668579152835,5.710134657849505,N,rapid
858,13363000041,13363000040201,11.542965971904772,4.395955223630445,N,rapid
859,13363000051,13363000050361,11.63560096459672,4.348359017393151,N,rapid
860,13363000061,13363000060221,11.691031844848508,4.366119021771512,N,rapid
861,13363000071,13363000070341,11.77378555605273,4.432300672899406,N,rapid
862,13363000091,13363000090251,11.943007009142873,4.538645334790108,N,rapid
863,13363000091,13363000090621,11.99151358833086,4.577584615133438,N,rapid
864,13363000281,13363000280231,13.383370719762716,5.130086597266461,N,rapid
865,13364000031,13364000030171,13.5019170288738,5.383638507328583,A,dam
866,13364000231,13364000230091,14.15523271530148,5.87089239957237,N,rapid
867,13364000231,13364000230331,14.17813804536246,5.858187950398452,N,rapid
868,13365000051,13365000050101,13.070698215353133,5.534863834947733,N,rapid
869,13365000061,13365000060211,13.026596123060212,5.608765702825176,N,rapid
870,13366000181,13366000180191,12.408480513310227,6.890847896103289,N,rapid
871,13369000011,13369000010411,13.36314156456215,6.685556414750414,N,rapid
872,13369000011,13369000010521,13.354087288244251,6.69665382323389,N,rapid
873,13369000041,13369000040181,13.270362814025937,6.906533180459647,N,rapid
874,13369000101,13369000100471,13.467870414378844,7.150664536682,N,waterfall
875,13370400171,13370400170291,10.2091113677135,4.74297264221732,N,rapid
876,14221200361,14221200360121,7.6559137204045795,8.74966631088566,N,rapid
877,14221400101,14221400100161,8.250484389067003,8.596307723886179,N,rapid
878,14221400111,14221400110611,8.305219260269448,8.767722406534945,N,rapid
879,14221400121,14221400120281,8.337279402773005,8.83401753101865,N,rapid
880,14221400221,14221400220331,8.44278532370401,9.4365945146144,N,rapid
881,14221400231,14221400230401,8.508742518203263,9.481495814578944,N,rapid
882,14222000371,14222000370601,9.759510066506571,6.679475940374925,N,rapid
883,14222000421,14222000420121,10.016322803649413,6.307490709026576,N,rapid
884,14222000421,14222000420251,10.02919833390997,6.2906529927381545,N,rapid
885,14222000561,14222000560081,10.207089250712263,6.741068361836278,N,rapid
886,14222000571,14222000570421,10.22705061767514,6.619222342898415,N,rapid
887,14223000361,14223000360131,8.782927405005177,8.851803423173136,N,rapid
888,14223000371,14223000370431,8.864063931649264,8.930172409713046,N,rapid
889,14223000431,14223000430061,8.75362277769738,8.83215066136867,N,rapid
890,14223000431,14223000430471,8.687830116807925,8.83320162798381,N,rapid
891,14223000471,14223000470121,8.95911192990799,8.801030254411476,N,rapid
892,14223000481,14223000480061,8.987813717511465,8.847271215612684,N,rapid
893,14223000501,14223000500071,9.081686706013272,8.939550005045028,N,rapid
894,14224000121,14224000120271,10.506353069391173,7.503635411946463,N,rapid
895,14224000441,14224000440431,11.38902919703812,6.774306110252354,N,rapid
896,14226000291,14226000290251,11.487587578471976,7.642433850939208,N,rapid
897,14226000351,14226000350431,11.586448911664403,7.976713078205861,N,rapid
898,14228400191,14228400190251,12.24674111599173,7.890423545500963,N,rapid
899,14228400201,14228400200081,12.23216334079509,7.835346998796756,N,rapid
900,14228400291,14228400290211,13.12466319645308,8.012153139139977,N,rapid
901,14228400291,14228400290381,13.152437432738289,8.001763867967167,N,rapid
902,14228400321,14228400320211,13.319795735086313,7.972717333869141,N,rapid
903,14228400321,14228400320361,13.335794495672516,7.954992669573663,N,rapid
904,14228400331,14228400330431,13.31248726582206,7.827396279638749,N,rapid
905,14228400331,14228400330561,13.294782240026905,7.81975195724256,N,rapid
906,14228400351,14228400350151,13.258583385780936,7.682063236906313,N,rapid
907,14228600341,14228600340431,13.996120701605458,8.440875781618502,N,rapid
908,14229900091,14229900090551,9.247981547474032,9.770469934485511,N,rapid
909,14229900091,14229900090701,9.223443250134055,9.776282727153225,N,rapid
910,14229900101,14229900100121,9.174884941102968,9.76924908940102,N,rapid
911,14229900171,14229900170131,9.392879959266455,10.144771508997204,N,rapid
912,14229900191,14229900190351,9.2939585548971,10.112051592672843,N,rapid
913,14232000121,14232000120271,6.839464847381045,8.829407517079536,N,rapid
914,14232000121,14232000120411,6.85370104721644,8.841122545411844,N,rapid
915,14232000181,14232000180541,7.021362296213449,9.31544669175173,N,rapid
916,14232000281,14232000280501,7.723654818427625,9.600833719416324,N,rapid
917,14234200391,14234200390641,6.435516295048458,11.006305825576264,N,rapid
918,14234500191,14234500190481,7.117778533244909,10.33188893501493,N,rapid
919,14234500251,14234500250341,7.197441079923372,10.02980298855517,N,rapid
920,14234500281,14234500280351,7.494869765230598,10.144368519735773,N,rapid
921,14234500291,14234500290141,7.581611027871301,10.185475495047228,N,rapid
922,14234500291,14234500290271,7.598069148940344,10.187708781735369,N,waterfall
923,14234500371,14234500370121,7.331831396707493,9.74305618652502,N,rapid
924,14234800121,14234800120511,8.485521299370637,10.013146220940056,N,rapid
925,14234800421,14234800420211,8.62748610558904,9.831325396539148,N,rapid
926,14235000351,14235000350531,4.595989357200421,8.985818030952078,N,rapid
927,14238000021,14238000020131,4.537693100905721,9.81066746078472,N,rapid
928,14246900011,14246900010791,7.249893930588883,12.100710513806249,N,rapid
929,14273900091,14273900090441,0.985673827307207,14.611722685718576,A,dam
930,14289500161,14289500160061,-7.452163449002772,11.397467075821362,A,low head
931,14295000161,14295000160481,-7.745555001790153,12.71672328689041,N,rapid
932,14296100051,14296100050121,-8.299238762632308,12.003452490350474,A,dam
933,14296400121,14296400120371,-8.81233438515575,9.780439559006744,N,rapid
934,14296400131,14296400130301,-8.771232398898249,9.733247904475878,N,rapid
935,14296400131,14296400130421,-8.755422979870774,9.723123750377434,N,rapid
936,14296400141,14296400140471,-8.70464676698863,9.65588209191027,N,rapid
937,14298200211,14298200210371,-9.283484276980914,9.803043419012456,N,rapid
938,14298200211,14298200210491,-9.279053699858748,9.78539658797247,N,rapid
939,14298200211,14298200210701,-9.24855701603646,9.782734010495007,N,rapid
940,14298400091,14298400090241,-9.743895972830252,9.817092499059674,N,rapid
941,14298400091,14298400090601,-9.779441945568871,9.786489466733547,N,rapid
942,14298400121,14298400120181,-9.92189324076829,9.63567420052829,N,rapid
943,14302000021,14302000020271,5.8171043137975005,7.056994392172882,N,rapid
944,14304200241,14304200240451,3.631866331849583,7.684526384728814,N,rapid
945,14304200261,14304200260381,3.728596238680221,7.781354791307637,N,rapid
946,14308000121,14308000120431,1.534918958237286,7.016946082155853,N,rapid
947,14449100021,14449100020211,-0.454650589528842,10.602741468904153,N,rapid
948,14510800111,14510800110061,-2.6432482966367647,5.38494875952406,N,rapid
949,14520100101,14520100100911,-3.401184477913658,6.02731183808259,N,rapid
950,14520100251,14520100250441,-3.64598182065863,7.0447847783376565,N,rapid
951,14540300011,14540300010701,-4.910059822816312,6.000108138260056,N,rapid
952,14540600471,14540600470431,-6.070014544493882,7.223660761889198,N,rapid
953,14540700101,14540700100371,-5.498470838245476,8.366827883612592,N,rapid
954,14540700331,14540700330111,-5.595191632895434,8.455838631214188,N,rapid
955,14560100051,14560100050521,-6.212524277252566,5.075061555757412,N,rapid
956,14560100081,14560100080191,-6.375609638680766,5.392884702651895,N,rapid
957,14560400131,14560400130821,-7.585696122341614,6.751364071596838,N,rapid
958,14560500221,14560500220841,-7.062487293717908,7.381159960798627,N,rapid
959,14560500251,14560500250481,-7.000296942583114,7.590218412262464,N,rapid
960,14572000071,14572000070361,-7.585266827125583,4.868202332572632,N,rapid
961,14572000071,14572000070611,-7.59679583247537,4.899970783261043,N,rapid
962,14572000091,14572000090191,-7.54902827013143,5.058993664011819,N,rapid
963,14572000091,14572000090651,-7.516256687861642,5.109111383517125,N,rapid
964,14572000141,14572000140061,-7.494971834720087,5.409205233954822,N,waterfall
965,14572000181,14572000180231,-7.456190155488365,5.279649600961362,N,rapid
966,14572000231,14572000230111,-7.423865646759034,5.461736878758196,N,rapid
967,14572000251,14572000250351,-7.380748932842609,5.59737419919261,N,rapid
968,14572000271,14572000270081,-7.427487150780363,5.69450466065892,N,rapid
969,14572000271,14572000270191,-7.429375570426496,5.7104997538152125,N,rapid
970,14573400051,14573400050221,-9.309040653906928,5.630196413725671,N,rapid
971,14573400101,14573400100171,-9.015555142516618,5.83151545604746,N,rapid
972,14573400121,14573400120171,-8.91874414717378,5.8480995475831055,N,rapid
973,14573400241,14573400240231,-8.65299445156419,6.374117976639276,N,rapid
974,14573400241,14573400240361,-8.653821673926075,6.396429914343483,N,rapid
975,14573500041,14573500040901,-9.66416849235178,5.869930337032399,N,rapid
976,14573600051,14573600050411,-9.855329556299443,6.183498094896005,N,rapid
977,14573600061,14573600060611,-9.771412827517214,6.309224161184626,N,rapid
978,14573600061,14573600060851,-9.769806490253982,6.34169774587,N,rapid
979,14574000131,14574000130211,-10.071225418711997,7.053961842278997,N,rapid
980,14574000141,14574000140461,-9.944395422733212,7.129532944038444,N,rapid
981,14574000161,14574000160171,-9.793460787263264,7.191820601816961,N,rapid
982,14574000191,14574000190261,-9.542015279253786,7.322240969751758,N,rapid
983,14574000191,14574000190461,-9.509819795787047,7.332809331674841,N,rapid
984,14574000211,14574000210161,-9.449474753840487,7.451426348893198,N,rapid
985,14574000221,14574000220091,-9.4118627251359,7.508647082562816,N,rapid
986,14574000221,14574000220461,-9.384127241284592,7.563714401163321,N,rapid
987,14574000231,14574000230441,-9.367368974669652,7.626731064042437,N,rapid
988,14574000281,14574000280511,-9.17795690343164,7.931416004402369,N,rapid
989,14575000031,14575000030331,-10.950113635744271,6.928796036555251,N,rapid
990,14575000041,14575000040671,-10.924279664812326,7.016562818452472,N,rapid
991,14575000041,14575000040821,-10.911387371107876,7.037174828579385,N,rapid
992,14575000051,14575000050551,-10.83572556003208,7.097693535869684,N,rapid
993,14575000071,14575000070491,-10.598059493333077,7.259980858860533,N,rapid
994,14575000071,14575000070831,-10.54657514777783,7.288100969629881,N,rapid
995,14575000081,14575000080651,-10.499936922138238,7.394101596668226,N,rapid
996,14575000091,14575000090291,-10.43313116487165,7.450788675352015,N,rapid
997,14575000091,14575000090461,-10.414052139751533,7.471793869350043,N,rapid
998,14575000131,14575000130221,-10.180303130029314,7.685735283717276,N,rapid
999,14575000201,14575000200231,-11.282989847453797,7.220626300248058,N,rapid
1000,14575000211,14575000210151,-11.238438079042796,7.247883150289322,N,rapid
1001,14575000221,14575000220201,-11.181123318332538,7.289824715725903,N,rapid
1002,14575000221,14575000220421,-11.157821105064803,7.311495999546702,N,rapid
1003,14575000221,14575000220581,-11.143583683136075,7.331903203113771,N,rapid
1004,14575000271,14575000270101,-10.81609990521285,7.42638941412901,N,rapid
1005,14575000381,14575000380321,-10.928399041460798,7.5036137162840975,N,rapid
1006,14575000451,14575000450241,-9.992916465087244,7.846151806498453,N,rapid
1007,14576000091,14576000090461,-11.328303101670002,7.590472405204112,N,rapid
1008,14576000111,14576000110271,-11.249455607601083,7.713011543023541,N,rapid
1009,14576000131,14576000130241,-11.139455175981302,7.854366590553119,N,rapid
1010,14576000231,14576000230361,-10.708310682076906,8.196080467701822,N,rapid
1011,14576000261,14576000260461,-10.576464571514135,8.331300009756756,N,waterfall
1012,14576000271,14576000270431,-10.520174068832135,8.326056210314047,N,rapid
1013,14576000281,14576000280171,-10.488960509721752,8.354696171873075,N,rapid
1014,14576000291,14576000290281,-10.421604059061702,8.42968167248506,N,rapid
1015,14576000301,14576000300301,-10.372584970529743,8.48205150852824,N,rapid
1016,14576000321,14576000320351,-10.69804959445434,8.313981150523134,N,rapid
1017,14576000341,14576000340071,-10.641003857008917,8.399801427390502,N,rapid
1018,14576000341,14576000340201,-10.644860148863462,8.421612190691944,N,waterfall
1019,14576000401,14576000400341,-10.111353996764665,8.527725444265556,N,rapid
1020,14576000401,14576000400441,-10.101799593482635,8.51424293558132,N,rapid
1021,14576000401,14576000400601,-10.07711828006797,8.516703549378596,N,rapid
1022,14576000411,14576000410101,-10.054758598513862,8.46271879032569,N,waterfall
1023,14576000411,14576000410661,-10.001159001622048,8.442682499971285,N,rapid
1024,14576000421,14576000420521,-9.885772675000371,8.494169128285195,N,rapid
1025,14577200081,14577200080291,-11.97433540845034,7.660254576187059,N,rapid
1026,14577200101,14577200100491,-11.7582994131804,7.824696089611381,N,rapid
1027,14577200151,14577200150131,-11.351946877012,7.959656117970684,N,rapid
1028,14577200201,14577200200791,-11.281357101396091,8.511436692947028,N,rapid
1029,14577200241,14577200240271,-11.191909531927076,8.678050635722423,N,rapid
1030,14577200261,14577200260151,-11.129997437941425,8.73656882555993,N,rapid
1031,14577300221,14577300220321,-12.687409639463867,8.592858157063448,N,rapid
1032,14577300221,14577300220461,-12.662470313514913,8.594844428419497,N,rapid
1033,14577300221,14577300220681,-12.6459680723118,8.615164456588877,N,rapid
1034,14577300481,14577300480271,-12.186434533029992,7.629087820257333,N,rapid
1035,14577300491,14577300490071,-12.161963229741202,7.669170700947675,N,rapid
1036,14577300531,14577300530521,-12.141353134551474,7.943219978330672,N,rapid
1037,14577300531,14577300530731,-12.128555891042332,7.973325299806921,N,rapid
1038,14577300541,14577300540081,-12.10989063473295,8.010055865168754,N,rapid
1039,14577300681,14577300680461,-11.86719603123303,8.97975842945274,N,rapid
1040,14577300681,14577300680711,-11.84225332100874,8.995956608881096,N,rapid
1041,14577300681,14577300680841,-11.830470801352693,9.012779296849052,N,rapid
1042,14577300761,14577300760371,-11.947598633306136,8.628513855996296,N,rapid
1043,14577600011,14577600010781,-13.42500369131879,10.313247272355207,N,rapid
1044,14577600021,14577600020541,-13.36364262601873,10.223111454087585,N,rapid
1045,14577600051,14577600050271,-13.518514586354977,10.432034062169784,N,rapid
1046,14577600061,14577600060151,-13.488291090045394,10.481014245862552,N,rapid
1047,14577600071,14577600070141,-13.420093594325488,10.499786688755169,N,rapid
1048,14577600081,14577600080371,-13.312392355505166,10.48389981135798,N,rapid
1049,14577600091,14577600090061,-13.24608040776265,10.424583844231451,A,dam
1050,14577600141,14577600140671,-12.79453946126797,10.504455437395084,N,rapid
1051,14577600151,14577600150451,-12.703947834761042,10.46369747231102,N,rapid
1052,14577600151,14577600150701,-12.6857886115673,10.496632015751556,N,rapid
1053,14577600211,14577600210391,-12.928619691048487,10.682905883471271,N,rapid
1054,14577800071,14577800070101,-14.7021541938374,11.340855292914425,N,rapid
1055,14577800071,14577800070451,-14.669750735661458,11.379075465136168,N,rapid
1056,14577800101,14577800100691,-14.446275333536066,11.37087211321437,N,rapid
1057,14580900351,14580900350811,-12.64012591097071,12.752176013612113,A,low head
1058,14580900401,14580900400221,-12.210561144507436,12.769856766234383,N,rapid
1059,14580900471,14580900470251,-12.244154304633945,12.436325211815149,N,rapid
1060,14638000211,14638000210131,-11.43548441776734,13.091172227283844,A,low head
1061,14650000101,14650000100671,-11.431173723998509,14.450332667931976,A,low head
1062,14670000121,14670000120141,-11.01570029894523,13.841792641939236,N,rapid
1063,14670000131,14670000130231,-10.960757451427744,13.792572540211417,N,rapid
1064,14670000141,14670000140191,-10.882959234794471,13.828074413042362,A,low head
1065,14670000141,14670000140301,-10.864353838629448,13.826157227197797,N,waterfall
1066,14670000141,14670000140421,-10.843506454107002,13.82139274329604,N,rapid
1067,14680100151,14680100150181,-10.81856798023451,13.620476774371298,N,rapid
1068,14680100151,14680100150461,-10.812465713302156,13.582886097527894,N,rapid
1069,14680700041,14680700040061,-10.64456234441404,11.879858471454009,N,rapid
1070,14680700041,14680700040271,-10.667209871592314,11.85633035452294,N,rapid
1071,14680700121,14680700120451,-11.126053529701585,11.481800379038203,N,rapid
1072,14680700131,14680700130241,-11.16372563522579,11.44912304480091,N,rapid
1073,14680700151,14680700150351,-11.38119292765012,11.27016749063768,N,rapid
1074,14680700161,14680700160061,-11.41499939722703,11.266745841551492,N,rapid
1075,14680700161,14680700160741,-11.475208527735797,11.198100380966766,N,rapid
1076,14680700171,14680700170521,-11.541883756953828,11.137588965855668,N,rapid
1077,14680700211,14680700210221,-10.516628721924503,12.084234378898204,N,rapid
1078,14680700211,14680700210411,-10.52000261101485,12.05559915650828,N,waterfall
1079,14680800011,14680800010331,-11.61545438051258,11.100599456464138,N,rapid
1080,14680800021,14680800020531,-11.72478157790034,11.021930209969897,N,rapid
1081,14680800021,14680800020731,-11.749049492708556,11.023440252692048,N,rapid
1082,14680800031,14680800030261,-11.804729317287553,11.01266760155873,N,rapid
1083,14680900031,14680900030411,-11.591179765569992,10.82973211507119,N,rapid
1084,15180400041,15180400040301,-5.593605407481137,34.4690225090068,N,rapid
1085,15180400061,15180400060061,-5.402987059508095,34.48035870982323,N,rapid
1086,15180400061,15180400060361,-5.351639052961154,34.486377131353976,N,rapid
1087,16249000431,16249000430351,8.46625330300234,11.877756700821424,A,low head
1088,16249000431,16249000430561,8.436769395891643,11.887429814852196,A,bridge
1089,16260600301,16260600300421,16.20546964922072,7.225306982380918,N,rapid
1090,16260700171,16260700170521,15.77608942813082,7.922590625710971,N,rapid
1091,16260700181,16260700180111,15.773268018213804,7.854217147007852,N,rapid
1092,16260700251,16260700250281,15.60917596805927,7.448809420378926,N,rapid
1093,16260800011,16260800010221,15.588802766217205,7.721253275003,N,rapid
1094,16260800071,16260800070631,15.217565714159065,7.238589604828309,N,rapid
1095,16260900091,16260900090191,14.808971822552303,7.726077372635137,N,rapid
1096,16282706061,16282706060181,17.352550885920287,6.429487059892703,N,rapid
1097,16282906111,16282906110191,16.940384432022782,6.446751628784973,N,waterfall
1098,16282906111,16282906110541,16.89161051419519,6.465813176883575,N,rapid
1099,16282906111,16282906110691,16.88614603874144,6.475292020894448,N,rapid
1100,16282906131,16282906130311,16.752159049514347,6.611111231699289,N,rapid
1101,16282906211,16282906210921,16.20459921381027,6.2504796980581565,N,rapid
1102,16282906241,16282906240131,16.001072022850547,6.283506110722361,N,waterfall
1103,17213700011,17213700010301,30.553255193134763,19.95546560143225,N,rapid
1104,17227900021,17227900020131,38.68002852738262,13.51751944687026,N,rapid
1105,17227900031,17227900030321,38.7230833600595,13.420185269231231,N,rapid
1106,17227900041,17227900040111,38.736534346954144,13.39334391831467,N,rapid
1107,17245600101,17245600100171,35.81766645083008,11.141468580817062,N,rapid
1108,17245600141,17245600140131,36.146476863299846,11.044155085840384,N,rapid
1109,17245600161,17245600160311,36.27439620625151,11.142093233181434,N,rapid
1110,17245600161,17245600160631,36.29437421446787,11.176966630149897,N,rapid
1111,17245800071,17245800070511,34.89451257199343,10.08570853401158,N,rapid
1112,17245800071,17245800070711,34.87079848124125,10.071892544936915,N,rapid
1113,17246000161,17246000160521,36.03893273291553,9.643456758701708,N,rapid
1114,17246000201,17246000200801,36.09438314250944,9.30284786786288,N,rapid
1115,17246000221,17246000220331,36.141385618114754,9.10687952710875,N,rapid
1116,17246000261,17246000260371,36.21522255838574,9.548437626141586,N,rapid
1117,17246000281,17246000280621,36.35098967243515,9.49623348575232,N,rapid
1118,17246000281,17246000280741,36.36796148972616,9.489197621108792,N,rapid
1119,17246000431,17246000430871,36.80639770043325,8.20769812497789,N,rapid
1120,17247100101,17247100100211,36.53157799164424,10.392862249041118,N,rapid
1121,17247300171,17247300170201,37.200207629217445,10.236959925939836,N,rapid
1122,17247300171,17247300170881,37.18982916577798,10.130388741965074,N,rapid
1123,17249300121,17249300120141,38.52155514529245,10.907201520614926,N,rapid
1124,17249700141,17249700140091,37.56998445148462,11.493223311817006,N,rapid
1125,17249700141,17249700140291,37.54157336436797,11.50075447064746,N,rapid
1126,17249700151,17249700150421,37.41113816151844,11.53876804214466,N,waterfall
1127,17249900071,17249900070221,37.17132580497702,11.77423300045878,N,rapid
1128,17249900071,17249900070381,37.18178190073535,11.756284534659668,N,rapid
1129,17264500161,17264500160191,34.83188133934773,8.195776752269262,N,rapid
1130,17264700021,17264700020861,35.02976681272671,8.493848386401687,N,rapid
1131,17264800021,17264800020561,35.14299819503408,8.680624518519783,N,rapid
1132,17264800031,17264800030341,35.21927669732873,8.754667200323082,N,rapid
1133,17284700201,17284700200101,27.85488488777773,5.811871429559921,N,waterfall
1134,17291200221,17291200220191,30.43074126292645,5.214269151336285,N,rapid
1135,17291200231,17291200230411,30.41757773909284,5.132498337732854,N,rapid
1136,17291200271,17291200270221,30.481900948637804,4.885295953875363,N,rapid
1137,17291900041,17291900040391,31.91804890905541,3.752869081550252,N,rapid
1138,17291900051,17291900050761,31.522467382422576,4.3003464025490015,N,rapid
1139,17292300011,17292300010251,31.96776060671177,3.722808005123286,N,rapid
1140,17292500071,17292500070471,32.3180867095,3.322020081161709,A,low head
1141,17292500081,17292500080311,32.36711296291582,3.298683255382189,N,rapid
1142,17292500091,17292500090391,32.44505073702884,3.237850278718742,N,rapid
1143,17292500091,17292500090531,32.45949331662495,3.227269692072836,N,rapid
1144,17292600041,17292600040181,32.530195181367425,3.040429088718059,N,rapid
1145,17293000011,17293000010441,31.97067324915036,3.67067328536384,N,rapid
1146,17293000021,17293000020141,31.99905950081493,3.638720515404463,N,rapid
1147,17294300201,17294300200311,29.50125665296715,0.352371215303697,N,rapid
1148,17294300211,17294300210131,29.52723391002988,0.3156189732164548,N,rapid
1149,17294300211,17294300210251,29.54406870781073,0.3193696225358935,N,rapid
1150,17295100071,17295100070391,31.74081748640746,2.296084039632265,N,rapid
1151,17295100081,17295100080071,31.7661216589782,2.321427232371537,N,rapid
1152,17295100081,17295100080441,31.81130574788529,2.359304851136861,N,rapid
1153,17295100081,17295100080591,31.834363446960545,2.3687406073532977,N,rapid
1154,17295100081,17295100080741,31.85477268451484,2.362489295709462,N,rapid
1155,17295100081,17295100080881,31.873353135635583,2.360270356885087,N,rapid
1156,17295100101,17295100100581,32.04175030316097,2.284212766835511,N,rapid
1157,17295100111,17295100110411,32.14473856611192,2.231864662379344,N,rapid
1158,17295100141,17295100140131,32.268388342385684,2.2486133745475763,A,dam
1159,17297100081,17297100080731,33.05494939030346,0.6146287346499199,N,rapid
1160,17297100081,17297100080841,33.05657461459655,0.5967584923688396,N,rapid
1161,17297100101,17297100100251,33.08974568531253,0.5469092707249797,N,rapid
1162,17297100101,17297100100441,33.11335446651149,0.5231705945184698,N,rapid
1163,17297200061,17297200060381,34.27755650131395,0.1991719839805737,N,rapid
1164,17297200081,17297200080161,34.373732600152884,0.2723773787909596,N,rapid
1165,17297200101,17297200100151,34.481382102548544,0.3546257660503002,N,rapid
1166,17297200191,17297200190471,34.92335796918343,0.7212945425840207,N,rapid
1167,17299300221,17299300220561,30.66179150846694,-1.0600196812875444,A,dam
1168,17299300241,17299300240101,30.52959047814706,-1.076038989888977,N,rapid
1169,17299600061,17299600060371,30.521574511669574,-2.688030696432294,N,rapid
1170,18120600051,18120600050481,45.64590820128671,-23.193290798809965,N,rapid
1171,18140600011,18140600010571,45.49142987355886,-21.59508687194233,N,rapid
1172,18140600151,18140600150131,45.98109820072906,-21.84932899554537,N,rapid
1173,18140800011,18140800010381,45.61339425829295,-21.397317005235266,N,rapid
1174,18140800021,18140800020471,45.68697735435533,-21.43104744054173,N,rapid
1175,18140800041,18140800040481,45.84031194704852,-21.425518431554543,N,rapid
1176,18140800091,18140800090661,46.2465584477195,-21.271664611667564,N,rapid
1177,18140900051,18140900050271,45.89094026396637,-21.00347249330706,N,rapid
1178,18140900051,18140900050381,45.9074379754266,-20.99663634638032,N,rapid
1179,18140900081,18140900080351,46.04714362313364,-20.85178682399737,N,rapid
1180,18140900091,18140900090141,46.08270690195539,-20.82513037412347,N,rapid
1181,18140900121,18140900120251,46.18633693282517,-20.676413639158845,N,rapid
1182,18140900161,18140900160301,46.01625266601239,-20.97448314214573,N,rapid
1183,18140900241,18140900240531,46.6685319229876,-20.98856653305902,N,rapid
1184,18140900271,18140900270281,46.91320676567484,-21.10148337323174,N,rapid
1185,18140900271,18140900270721,46.96997749685115,-21.11506689601542,N,rapid
1186,18140900301,18140900300251,47.07482252811128,-21.32292599705488,N,rapid
1187,18150000071,18150000070161,44.783435099552825,-20.40746934845935,A,low head
1188,18150000171,18150000170221,45.06582292256875,-20.425920092728983,A,dam
1189,18160200151,18160200150061,45.806575293928745,-19.45064504828101,N,rapid
1190,18160200151,18160200150211,45.82493336224055,-19.45078839394044,N,rapid
1191,18160200211,18160200210241,46.10530551441756,-19.231663740137325,N,waterfall
1192,18160200291,18160200290061,45.80913916860231,-19.4355245283674,N,rapid
1193,18160200301,18160200300351,46.054476968217415,-19.421542175933297,N,rapid
1194,18160200321,18160200320331,46.207428357790256,-19.42874885494985,N,rapid
1195,18160200321,18160200320481,46.227351624859935,-19.42375407265608,N,rapid
1196,18160200331,18160200330411,46.35491033209976,-19.40035816423078,N,rapid
1197,18160200371,18160200370301,46.62401751976148,-19.36440005901926,N,rapid
1198,18160200371,18160200370421,46.63410953270262,-19.35120075260274,N,waterfall
1199,18160200381,18160200380381,46.67372149762647,-19.31915764174098,N,rapid
1200,18160200401,18160200400291,46.76850112309835,-19.28719525053704,N,rapid
1201,18160200411,18160200410191,46.78863828312293,-19.25526285919461,N,rapid
1202,18160200421,18160200420101,46.825246096146486,-19.225631518867207,N,rapid
1203,18160200421,18160200420301,46.843102011398514,-19.216102695998305,N,rapid
1204,18160200481,18160200480511,46.20863294733349,-19.36359331215585,N,waterfall
1205,18160200491,18160200490311,46.260848481938034,-19.34355957999103,N,rapid
1206,18160200491,18160200490531,46.27115698258225,-19.31246868774957,N,rapid
1207,18160200501,18160200500111,46.29896677169035,-19.29805987816994,N,rapid
1208,18160200501,18160200500351,46.32197310376575,-19.27739316299797,N,rapid
1209,18160200541,18160200540181,46.47217368021808,-19.0577744561012,N,rapid
1210,18160200591,18160200590111,46.46068413694325,-19.286329802058457,N,rapid
1211,18160200611,18160200610391,46.60129721385076,-19.458921664979822,N,rapid
1212,18160200671,18160200670681,46.70013706162859,-19.512199078940505,N,rapid
1213,18160500011,18160500010501,45.55207336269223,-19.808404707775296,N,rapid
1214,18160500011,18160500010771,45.584676685827546,-19.833774881806605,N,rapid
1215,18160500031,18160500030291,45.73446241569263,-19.855694454992094,N,rapid
1216,18160500051,18160500050141,45.84178187973235,-19.913901430672382,N,rapid
1217,18160500051,18160500050721,45.93081139418697,-19.930001085272703,N,rapid
1218,18160600021,18160600020201,46.04866330706634,-19.86296545508184,N,rapid
1219,18160600021,18160600020441,46.07166383928138,-19.837315663166784,N,rapid
1220,18160600031,18160600030081,46.07418176771027,-19.8198328377042,N,rapid
1221,18160600041,18160600040131,46.1384495341373,-19.77785499194453,N,rapid
1222,18160600131,18160600130441,46.540776723678086,-19.72141204008824,N,rapid
1223,18160600141,18160600140401,46.610052759644894,-19.7370479648447,N,rapid
1224,18160600141,18160600140901,46.6314300442049,-19.702388075724343,N,rapid
1225,18160700031,18160700030681,46.19829407321051,-20.0439497347324,N,rapid
1226,18160700151,18160700150511,46.4481502584694,-20.21979492272781,N,rapid
1227,18160700161,18160700160171,46.47297303417335,-20.248859119735176,N,rapid
1228,18160700161,18160700160471,46.51234102393847,-20.255291817723684,N,rapid
1229,18160700181,18160700180811,46.73761576421317,-20.25361812506685,N,rapid
1230,18160700201,18160700200281,46.7961535312809,-20.279982713826403,N,rapid
1231,18160900021,18160900020511,46.973173435324775,-20.34105979098681,N,rapid
1232,18160900051,18160900050141,47.10807032311764,-20.382712027818314,N,rapid
1233,18160900071,18160900070261,47.23687929580769,-20.36107383672911,N,rapid
1234,18170200211,18170200210571,45.47563415337277,-18.6868574363886,N,rapid
1235,18170200261,18170200260491,45.92323782991328,-18.722455913478186,N,rapid
1236,18170200271,18170200270211,45.97183548279139,-18.71892969215982,N,rapid
1237,18170200491,18170200490181,45.25548184177858,-18.453958778748067,N,rapid
1238,18170300051,18170300050421,44.566507497116326,-18.6870571332394,N,rapid
1239,18170300481,18170300480211,44.40995815648344,-18.209748988861843,N,rapid
1240,18170400101,18170400100801,44.58213681206733,-17.588829046698102,N,rapid
1241,18170400111,18170400110411,44.61671351356073,-17.65112753917391,N,rapid
1242,18170400121,18170400120311,44.65370638991028,-17.681402173152623,N,rapid
1243,18170400121,18170400120471,44.67150298447495,-17.688797506693195,N,rapid
1244,18170400131,18170400130381,44.73297710158062,-17.714291748322,N,rapid
1245,18170400151,18170400150661,44.84359545910394,-17.779614602103155,N,rapid
1246,18170400351,18170400350181,45.24318763937561,-17.962359461146978,N,waterfall
1247,18170400371,18170400370221,45.28837466070225,-17.872887536009234,N,waterfall
1248,18170400371,18170400370361,45.30166512951914,-17.861605253524846,N,rapid
1249,18170400401,18170400400411,45.45816237578628,-17.936573071064107,N,rapid
1250,18170500141,18170500140341,44.86140154752093,-17.586792404175505,N,rapid
1251,18170500151,18170500150211,44.91594880660349,-17.5822132200698,N,rapid
1252,18170600621,18170600620221,45.20250751804736,-17.048856824894777,N,waterfall
1253,18170800081,18170800080211,46.06180254185817,-16.511595360080264,N,rapid
1254,18170800471,18170800470541,46.00386644879391,-17.853109883699847,N,rapid
1255,18170800481,18170800480301,46.02495651110026,-17.92444217099399,N,rapid
1256,18170800491,18170800490241,46.052020376534486,-17.983597705731444,N,rapid
1257,18170800621,18170800620151,46.0517520964289,-18.28302073523806,N,rapid
1258,18170800641,18170800640061,45.93065767912819,-17.964628077416226,N,rapid
1259,18170800691,18170800690311,45.8493822215189,-18.000980449108297,N,rapid
1260,18170800691,18170800690481,45.83249273972254,-18.016851924968496,N,rapid
1261,18180200151,18180200150361,47.50829922873114,-16.566071252100308,N,rapid
1262,18180200161,18180200160061,47.562724919224365,-16.581766029637222,N,rapid
1263,18180200201,18180200200201,47.56319992290738,-16.61687768851552,N,rapid
1264,18180200311,18180200310161,47.81212229497708,-17.18218216775308,N,rapid
1265,18180200361,18180200360201,47.79967647643292,-17.254047705117397,N,rapid
1266,18180200401,18180200400211,47.783215636556655,-17.625622464526923,N,rapid
1267,18180400021,18180400020251,46.95083780327597,-16.936987880685503,N,rapid
1268,18180400051,18180400050431,47.141253833694506,-17.206920330267103,N,rapid
1269,18180400061,18180400060281,47.17829690335629,-17.243128596597586,N,rapid
1270,18180400131,18180400130811,47.39451179079033,-17.710845419907976,N,rapid
1271,18180400141,18180400140831,47.3458844079409,-17.823435856063178,N,rapid
1272,18180400161,18180400160091,47.30333341579097,-17.85419318374346,N,rapid
1273,18180400171,18180400170391,47.23873693454123,-17.855993217002087,N,waterfall
1274,18180400221,18180400220191,47.371336492912015,-17.85970995946216,N,rapid
1275,18180400221,18180400220381,47.40007762542822,-17.877377686023397,N,rapid
1276,18180400241,18180400240181,47.47762598634293,-17.931817102854996,N,rapid
1277,18180400281,18180400280261,47.543918409251006,-18.07719653405203,N,rapid
1278,18180400291,18180400290191,47.6013996699328,-18.12123272830848,N,waterfall
1279,18180400391,18180400390201,47.50778898042524,-18.15009317763748,N,rapid
1280,18180400401,18180400400301,47.5778957623906,-18.23691160576165,N,rapid
1281,18180400411,18180400410191,47.68621164903346,-18.27750670662765,A,low head
1282,18180700011,18180700010171,46.7639425216945,-17.03146894651308,N,rapid
1283,18180700091,18180700090361,46.859291539872174,-17.313265795493034,N,rapid
1284,18180700111,18180700110151,46.85989664063444,-17.447569464040885,N,rapid
1285,18180700121,18180700120161,46.85739523532603,-17.527554287949105,N,rapid
1286,18180700121,18180700120321,46.85777890355404,-17.55424955641811,N,rapid
1287,18180800011,18180800010301,46.74920433033492,-17.715058892951834,N,rapid
1288,18180800021,18180800020251,46.64632434197077,-17.74766396417587,N,rapid
1289,18180800021,18180800020551,46.60359479354781,-17.746246987098072,N,rapid
1290,18180800031,18180800030271,46.54209919515196,-17.73926724815676,N,rapid
1291,18180800081,18180800080131,46.469492545002346,-18.019543897980046,N,rapid
1292,18180800131,18180800130091,46.47971318770932,-18.26334932505332,N,rapid
1293,18180800131,18180800130221,46.49007984613089,-18.27912689342157,N,rapid
1294,18180800151,18180800150351,46.54957737334131,-18.38591619979952,N,waterfall
1295,18180900041,18180900040231,46.86667262002553,-17.96605034087275,N,rapid
1296,18180900041,18180900040411,46.86272232186235,-17.99174704522998,N,rapid
1297,18180900041,18180900040621,46.861706994118286,-18.025429303897685,N,rapid
1298,18180900041,18180900040781,46.8583668093886,-18.049080025499048,N,rapid
1299,18180900041,18180900040881,46.84744641989285,-18.059717464862832,N,rapid
1300,18180900081,18180900080331,46.93077570549588,-18.29131022048829,N,rapid
1301,18180900091,18180900090311,46.920579902448885,-18.35673050916921,N,rapid
1302,18180900111,18180900110241,46.95476455120098,-18.49790033707613,N,rapid
1303,18180900111,18180900110831,46.98994629136058,-18.588322774918336,N,rapid
1304,18180900141,18180900140381,47.236110909865495,-18.769590096331072,N,rapid
1305,18180900151,18180900150121,47.28089785975861,-18.79282323856064,N,rapid
1306,18180900161,18180900160081,46.92947153732129,-18.24160343233025,N,rapid
1307,18180900171,18180900170411,46.99765179872113,-18.337553761693723,N,waterfall
1308,18180900211,18180900210311,47.11499275775075,-18.81861318143845,N,rapid
1309,18180900211,18180900210421,47.11443251070933,-18.832214126634128,N,rapid
1310,18191000121,18191000120521,47.56640010856058,-16.305113428922485,N,rapid
1311,18192000201,18192000200301,47.95912816311227,-15.700276163059613,N,rapid
1312,18192000221,18192000220091,48.01201581769941,-15.410279691933416,N,rapid
1313,18192000221,18192000220341,48.04029559621613,-15.441186812014257,N,waterfall
1314,18192000221,18192000220511,48.06337540267428,-15.45182093446077,N,waterfall
1315,18192000391,18192000390161,47.728905760570925,-16.030991472565415,N,rapid
1316,18192000421,18192000420401,47.759359715804536,-16.28830968725316,N,rapid
1317,18192000471,18192000470441,47.840504568493536,-16.22420171874025,N,rapid
1318,18192000481,18192000480081,47.83957875952627,-16.249437099280787,N,rapid
1319,18192000551,18192000550531,47.70681803436218,-16.30438985224479,N,rapid
1320,18192000841,18192000840301,48.27244976179893,-15.885121032810169,N,rapid
1321,18192001091,18192001090181,48.558292272540086,-16.026371627074802,N,rapid
1322,18192001091,18192001090411,48.59027482682865,-16.034907472090875,N,rapid
1323,18193100051,18193100050741,48.41091942416358,-14.866434842836943,N,waterfall
1324,18193100061,18193100060441,48.157946327141815,-14.716739626953045,N,rapid
1325,18193200121,18193200120281,48.25266727815102,-14.586452833034476,N,rapid
1326,18193200151,18193200150111,48.26720247599021,-14.617099126294107,N,rapid
1327,18193200181,18193200180161,48.411467161128,-14.445529758937935,N,rapid
1328,18193200181,18193200180411,48.44231675697503,-14.425333132814666,N,rapid
1329,18193200191,18193200190111,48.4370894393827,-14.39852756730243,N,rapid
1330,18193200201,18193200200071,48.45310546042752,-14.332166574901477,N,rapid
1331,18193300061,18193300060241,49.17679722264747,-13.328696404753032,N,waterfall
1332,18193300131,18193300130351,49.07578302271829,-13.620504146908898,N,rapid
1333,18193300141,18193300140111,49.09846160353974,-13.659450794578438,N,rapid
1334,18193300311,18193300310841,49.229716224593936,-13.301413031422657,N,rapid
1335,18193300391,18193300390351,49.8306537664784,-13.657339125610926,N,rapid
1336,18193300401,18193300400261,49.780179720421785,-13.713065201692272,N,rapid
1337,18193300471,18193300470271,49.52140976087504,-13.385719833987157,N,rapid
1338,18193500161,18193500160161,49.97060785892876,-14.878039640304236,N,rapid
1339,18193500221,18193500220491,50.10223539897729,-15.044127963932745,N,rapid
1340,18193700101,18193700100091,49.32344680109952,-16.160304290318717,N,rapid
1341,18193800041,18193800040901,49.34881176998836,-16.614854845130385,N,rapid
1342,18193800051,18193800050091,49.319937870461445,-16.608406174114112,N,rapid
1343,18193800051,18193800050201,49.302516723650704,-16.599706999875284,N,rapid
1344,18193800061,18193800060071,49.24588718783837,-16.565359720165343,N,rapid
1345,18193800061,18193800060331,49.23919027904456,-16.547561013740772,N,rapid
1346,18193800061,18193800060431,49.222610330979485,-16.547265429458815,N,rapid
1347,18193900041,18193900040181,49.39199862537415,-16.905644470036233,N,rapid
1348,18193900061,18193900060211,49.27854846262691,-16.88523933195553,N,rapid
1349,18193900081,18193900080111,49.11523517526668,-16.878922437513054,N,rapid
1350,18193900081,18193900080261,49.09781603138564,-16.87065661448094,N,rapid
1351,18193900121,18193900120351,49.35077482069187,-17.052519965700114,N,rapid
1352,18194000021,18194000020531,49.18858495780306,-17.389060390223907,N,rapid
1353,18194000181,18194000180461,48.73005748466285,-17.40386914104373,N,rapid
1354,18195000041,18195000040361,48.861675207131775,-18.777536567404667,N,rapid
1355,18195000041,18195000040561,48.85010019627845,-18.798423058685344,N,rapid
1356,18195000151,18195000150661,48.95341470717842,-18.658774323582325,N,rapid
1357,18195000171,18195000170191,48.8096212946492,-18.657151006546645,N,rapid
1358,18195000301,18195000300351,49.06144051522764,-18.10570378867568,N,waterfall
1359,18195000361,18195000360621,49.37565115644261,-17.637107872245227,N,rapid
1360,18195000361,18195000360751,49.354967644193806,-17.645181011772674,N,rapid
1361,18195000391,18195000390181,49.33265260148566,-17.67057749064138,N,rapid
1362,18195000511,18195000510621,48.70124467103688,-19.52918040127376,N,rapid
1363,18195000521,18195000520101,48.66107047909646,-19.502921753888057,N,rapid
1364,18195000541,18195000540341,48.78802547909799,-19.450755578662065,N,rapid
1365,18195000571,18195000570211,48.65873892572908,-19.344801618028573,N,rapid
1366,18195000571,18195000570311,48.64747690904858,-19.333276967264457,N,rapid
1367,18195000591,18195000590381,48.53131142462601,-19.298010154322203,N,rapid
1368,18196000021,18196000020261,48.39792518294566,-19.8469142454427,N,rapid
1369,18196000031,18196000030311,48.32979344726473,-19.82102189703464,N,rapid
1370,18196000031,18196000030621,48.29731103551016,-19.815442979670845,N,rapid
1371,18196000031,18196000030741,48.28596846602591,-19.81000433779297,N,rapid
1372,18196000051,18196000050181,48.47343604878902,-19.93260279163989,N,rapid
1373,18196000081,18196000080111,48.14494645868454,-19.79703373902492,N,rapid
1374,18196000081,18196000080451,48.09645503371727,-19.78014610441606,N,rapid
1375,18196000131,18196000130211,47.792436699148006,-19.70274628213107,N,rapid
1376,18196000131,18196000130661,47.75242387165784,-19.714117097412693,N,rapid
1377,18196000131,18196000130781,47.73492338881769,-19.70540118934745,N,rapid
1378,18196000181,18196000180241,48.02050551429626,-19.65939019437615,N,rapid
1379,18196000191,18196000190471,48.05931635894395,-19.607623550111967,N,rapid
1380,18196000221,18196000220361,48.06949409985885,-19.3610554294582,N,rapid
1381,18196000221,18196000220481,48.07217218206361,-19.341056225671547,N,rapid
1382,18196000231,18196000230161,48.07310157316102,-19.30537793074655,N,rapid
1383,18196000241,18196000240441,48.07494446793773,-19.17249990429436,N,rapid
1384,18196000251,18196000250081,48.07700227825181,-19.14802102726219,N,rapid
1385,18196000251,18196000250361,48.097320297463504,-19.102898232714985,N,rapid
1386,18196000261,18196000260241,48.10419439451142,-19.04324833640639,N,rapid
1387,18196000271,18196000270431,48.096548015326725,-18.93051448652216,N,rapid
1388,18196000281,18196000280331,48.10750418282334,-18.877214352202213,A,bridge
1389,18196000331,18196000330451,48.16613581445387,-18.526452549621787,N,waterfall
1390,18196000471,18196000470111,48.06398017375405,-20.195261965257565,N,waterfall
1391,18196000501,18196000500291,48.07978312258323,-20.047275033364706,N,rapid
1392,18196000501,18196000500501,48.048585806747774,-20.040048080675387,N,rapid
1393,18196000531,18196000530221,47.842702965829424,-20.013410674114063,N,rapid
1394,18197100171,18197100170081,48.27737337099397,-20.84777733238343,N,rapid
1395,18197200101,18197200100171,47.80650469536945,-21.262329428103467,N,rapid
1396,18197200121,18197200120371,47.81856114908444,-21.19392692515736,N,rapid
1397,18197200121,18197200120491,47.81868377435425,-21.175021665773453,N,rapid
1398,18197200131,18197200130421,47.8057548516924,-21.087490133376104,N,rapid
1399,18197200151,18197200150501,47.72091935621819,-20.98730790490496,N,rapid
1400,18197200251,18197200250291,47.6612314628101,-21.106342027263366,N,rapid
1401,18197200261,18197200260421,47.61103839965398,-21.08109364936027,N,rapid
1402,18197200301,18197200300201,47.68509570374289,-20.98649549306194,N,rapid
1403,18197200301,18197200300801,47.63259290829083,-20.96761535654829,N,rapid
1404,18197300021,18197300020521,47.86653319195148,-21.50478248050979,N,rapid
1405,18197300051,18197300050791,47.649706446239904,-21.420016098665133,N,rapid
1406,18197600091,18197600090211,47.56213517896598,-22.293960757413867,N,waterfall
1407,18197600101,18197600100321,47.5363664071761,-22.352857362050248,N,rapid
1408,18197600111,18197600110161,47.49014332710744,-22.35364733867027,N,rapid
1409,18197600111,18197600110311,47.46373103841066,-22.35844827617599,N,rapid
1410,18197600171,18197600170471,47.62655791532675,-22.065255737111,N,rapid
1411,18197600181,18197600180181,47.598395572559006,-22.03645564566837,N,rapid
1412,18197600191,18197600190361,47.53428315835481,-22.008886776934887,N,rapid
1413,18197600191,18197600190871,47.4613223944024,-21.97424602393429,N,rapid
1414,18197600201,18197600200641,47.43654519911989,-21.88556049556664,N,rapid
1415,18197800061,18197800060351,47.45419118385043,-22.54440175098972,N,waterfall
1416,18197800101,18197800100791,47.532754783049405,-22.7265521203168,N,rapid
1417,18197800111,18197800110081,47.5052088840929,-22.736952957648327,N,rapid
1418,18197800111,18197800110661,47.4108069697694,-22.743407394586782,N,rapid
1419,18197800161,18197800160481,47.0844199317879,-22.63234163194961,N,rapid
1420,18198000101,18198000100081,47.08508668373072,-22.983930830019315,N,rapid
1421,18198000111,18198000110241,47.02218982436076,-22.991518371077987,N,rapid
1422,18198000121,18198000120171,46.969624799694486,-22.93528436122752,N,waterfall
1423,18198000161,18198000160121,46.69020733712367,-22.83693710394375,N,rapid
1424,18198000211,18198000210871,46.701369950597126,-23.339080457846737,N,rapid
1425,18198000261,18198000260081,47.379234645748255,-23.15596617971675,N,rapid
1426,18198000261,18198000260351,47.35943802561221,-23.117127814098865,N,rapid
1427,18198000291,18198000290561,46.90507933791617,-22.84545390469025,N,waterfall
1428,18198000481,18198000480071,46.95622960826768,-23.899801682006053,N,rapid
1429,18199100031,18199100030271,47.457930813548565,-23.48563468357898,N,rapid
1430,18199100031,18199100030401,47.440414145263006,-23.47512689003855,N,rapid
1431,18199100041,18199100040151,47.40575060036439,-23.45786894258104,N,rapid
1432,18199200011,18199200010491,47.4514700379151,-23.651675024036127,N,rapid
1433,18199200011,18199200010611,47.44795363471113,-23.636492915207224,N,rapid
1434,18199200061,18199200060221,47.38754924372605,-23.70947304331072,N,rapid
1435,18199300041,18199300040401,47.20554704553259,-23.921904194738417,N,waterfall
1436,18199300071,18199300070311,47.342517603962975,-23.970558414244834,N,rapid
1437,18199300081,18199300080191,47.31150262697444,-23.957720003426527,N,waterfall
1438,18199600111,18199600110751,46.20582773847881,-24.385823667710707,N,rapid
1439,18199600141,18199600140141,46.285017208927,-24.212736753858227,N,rapid
1440,18199600181,18199600180231,46.03196022577401,-24.495143203636417,N,rapid
1441,18199600181,18199600180851,45.97754745486797,-24.413884187514515,A,low head
1442,21103200061,21103200060421,35.537492081924235,36.844772787728616,A,low head
1443,21103400121,21103400120521,35.27735188282434,37.196272308033215,A,dam
1444,21103400171,21103400170101,35.44594997628904,37.400540883324354,A,dam
1445,21103600031,21103600030161,33.84170823025577,36.3976579752298,A,low head
1446,21103600031,21103600030301,33.8151103248831,36.40203447529014,A,low head
1447,21103600091,21103600090311,33.34237326783064,36.58205007647545,A,dam
1448,21103600091,21103600090441,33.32197412952632,36.58108564743543,A,dam
1449,21105800271,21105800270351,28.17815506649705,39.81439401936107,A,low head
1450,21302600051,21302600050501,26.31095582205782,41.61256974920404,A,low head
1451,21302600161,21302600160071,25.80493431446869,41.64924524918272,N,rapid
1452,21302700091,21302700090701,25.87680203504065,42.01867617242214,N,rapid
1453,21302900191,21302900190431,24.945607826161623,42.16059999667466,A,low head
1454,21306000191,21306000190231,22.25305252578366,41.40747678437298,N,rapid
1455,21306000201,21306000200611,22.103461553068744,41.51034106382999,A,bridge
1456,21306000231,21306000230191,21.959739725209666,41.57864410000488,N,rapid
1457,21307400081,21307400080211,22.447597987719128,39.67488436219286,A,bridge
1458,21308000171,21308000170211,20.032024679266907,42.29851959917601,N,rapid
1459,21309200261,21309200260381,18.17394831730933,43.49340351243844,N,rapid
1460,21309600051,21309600050121,15.9742747644809,43.905981502987935,A,low head
1461,21401000261,21401000260111,13.082060884283848,46.27194623827622,A,low head
1462,21406100091,21406100090161,10.953442400748276,45.0854130820742,A,dam
1463,21406400121,21406400120421,9.49682575619113,45.47437785086124,A,low head
1464,21406400121,21406400120761,9.517292904370612,45.52016583475131,A,low head
1465,21406600231,21406600230141,8.381936267333463,45.98616482498207,A,dam
1466,21406800021,21406800020391,8.608577854429795,44.91804664274866,A,bridge
1467,21406900081,21406900080491,8.136945280925195,45.17037988595306,N,rapid
1468,21406900321,21406900320171,7.729018105541525,45.09334830104232,A,low head
1469,21406901031,21406901030191,8.39971107936316,45.45997413072973,A,low head
1470,21602300091,21602300090091,4.743185070881638,44.30399150362433,A,dam
1471,21602300141,21602300140371,4.526642469953656,44.18919693417261,A,dam
1472,21602300161,21602300160231,4.480590111543332,44.19544815407794,A,low head
1473,21602500011,21602500010131,4.847140550935812,45.0110268138563,A,dam
1474,21602500031,21602500030161,4.80900474582033,45.13505234826719,A,dam
1475,21602800601,21602800600151,5.977321959045796,47.6602007121194,A,low head
1476,21602800821,21602800820071,5.778387802050173,47.29159564769708,A,low head
1477,21602900311,21602900310711,5.883919322207174,47.15738990871986,A,low head
1478,21603300161,21603300160311,3.087607792205363,43.43659939234176,N,rapid
1479,21603300181,21603300180391,3.042770919797249,43.47872937516157,A,low head
1480,21604300161,21604300160281,-0.3442800709948748,41.31900329704094,A,low head
1481,21604300171,21604300170311,-0.3608862817460325,41.34227999248024,N,rapid
1482,21604400221,21604400220231,-0.7398946560210149,42.35738875328273,N,rapid
1483,21604900131,21604900130201,-2.080780597595055,42.42016976431139,A,low head
1484,21604900421,21604900420241,-2.52916502641464,42.48495596795952,A,bridge
1485,21604900511,21604900510471,-2.718763194408885,42.535695599978894,N,waterfall
1486,21604900511,21604900510611,-2.7449428318816924,42.54210595469319,N,rapid
1487,22120100151,22120100150341,30.204204972535788,40.47819065095492,A,dam
1488,22140500411,22140500410141,34.828866221731445,40.96519945455885,A,low head
1489,22140900021,22140900020261,33.96816765669771,40.34559545940512,A,dam
1490,22140900081,22140900080231,33.44414775079809,40.03323081460906,A,dam
1491,22140900141,22140900140281,33.485002676845745,39.73061271028428,A,dam
1492,22140900211,22140900210161,33.51837986051791,39.27227513126342,A,dam
1493,22140900271,22140900270501,34.10504406298035,38.99921302185687,A,bridge
1494,22140900281,22140900280231,34.19712438016135,38.96070168398396,A,low head
1495,22140900341,22140900340171,34.70410747526328,38.75447678901732,A,dam
1496,22140900361,22140900360311,34.813288788400946,38.723892255258654,A,dam
1497,22140900401,22140900400581,35.23456893461437,38.86016517424991,A,dam
1498,22140900411,22140900410261,35.26888545356805,38.90405268457256,A,dam
1499,22140900471,22140900470411,35.733714435269306,39.04370133389958,N,rapid
1500,22160100181,22160100180501,36.50947754775687,40.77251277861735,N,rapid
1501,22160200271,22160200270471,35.67974844068549,39.92115388608222,N,rapid
1502,22180000241,22180000240191,41.769549139255794,40.93297054023181,A,dam
1503,22180000441,22180000440791,40.23122627119299,40.30132993162714,N,rapid
1504,22190200451,22190200450181,42.71573533539381,42.30835226366276,A,dam
1505,22190200511,22190200510201,42.75684428092666,42.47635991060478,N,rapid
1506,22202900681,22202900680561,41.88098559521171,43.92723989086803,A,dam
1507,22203000231,22203000230181,39.09674636284023,45.466236134536125,A,low head
1508,22203000231,22203000230381,39.11282849563786,45.46108169989821,A,low head
1509,22203000401,22203000400351,39.314764992689554,45.3955681117064,A,low head
1510,22203000951,22203000950071,39.41380673994388,45.2184278818736,A,low head
1511,22204000421,22204000420091,39.44381582799171,46.10598505074592,A,low head
1512,22204000901,22204000900391,39.35619959225431,45.885881933454016,A,low head
1513,22204000981,22204000980091,40.041781518430525,45.825938241539085,A,low head
1514,22204001191,22204001190121,39.91608980836317,46.00379425846388,A,low head
1515,22204001571,22204001570081,39.69390179129004,45.47530390232064,A,low head
1516,22204001671,22204001670071,40.532780806919405,45.5546898782617,A,low head
1517,22204001761,22204001760221,40.79552875018337,45.53763716897191,A,low head
1518,22204002131,22204002130101,39.57771613829917,45.93652258119791,A,low head
1519,22206001271,22206001270121,39.68203467768677,46.17157497116659,A,low head
1520,22206001401,22206001400081,40.18533296179036,46.34539431961426,A,low head
1521,22206001401,22206001400341,40.25218060211584,46.34471774406968,A,low head
1522,22206001601,22206001600081,40.08594291887892,46.04084343122969,A,low head
1523,22207000021,22207000020181,38.9575023339422,46.81574744665252,A,low head
1524,22207000041,22207000040381,39.164106587918056,46.747292011705966,A,low head
1525,22320400061,22320400060171,41.57348648380876,46.26628180385103,A,low head
1526,22320400061,22320400060311,41.53926986024679,46.27144463815977,A,low head
1527,22320400071,22320400070231,41.450293976911375,46.28001534583984,A,bridge
1528,22320400071,22320400070381,41.41816074958634,46.26660546136844,A,low head
1529,22320400081,22320400080151,41.37213860899191,46.25117549150106,A,bridge
1530,22320400081,22320400080381,41.31515763575622,46.24285403600592,A,bridge
1531,22340200031,22340200030151,40.89137747875653,48.246117630820336,N,rapid
1532,22340700241,22340700240261,37.64321071756076,48.84879718056785,A,dam
1533,22340900261,22340900260201,36.66795674893958,49.07313181477388,A,low head
1534,22340900261,22340900260431,36.61450630131503,49.086937270924444,A,low head
1535,22340900261,22340900260611,36.58264323633078,49.08304423343965,A,low head
1536,22340900261,22340900260771,36.55157987995042,49.09946475078459,A,low head
1537,22380700131,22380700130371,42.66427183855226,51.58705629096394,A,dam
1538,22398000021,22398000020311,39.02410156533461,52.79809574269175,N,rapid
1539,22398000061,22398000060111,39.078460387715936,52.92191361198228,A,bridge
1540,22398000081,22398000080251,39.02694503593163,52.95909015020771,N,rapid
1541,22398000151,22398000150151,38.58372945859215,53.11765716831675,N,rapid
1542,22398000151,22398000150331,38.55675760084394,53.136471527449295,N,rapid
1543,22398000161,22398000160191,38.48699300301505,53.1506570199084,A,low head
1544,22398000201,22398000200741,39.13516764841441,53.20559318773194,N,rapid
1545,22398000251,22398000250471,38.45093187586902,53.19707868832898,N,rapid
1546,22399000071,22399000070261,38.16124636847014,52.493532632209984,N,rapid
1547,22513000271,22513000270111,34.771097754457834,49.14505291980928,A,dam
1548,22513000271,22513000270811,34.94915900540891,49.14959624013142,A,dam
1549,22513000291,22513000290461,35.28450901509564,49.06976459090394,A,dam
1550,22513000311,22513000310121,35.43497648254789,49.00080382079309,A,dam
1551,22513000321,22513000320831,35.8294633088253,48.94024406063724,A,dam
1552,22513000331,22513000330381,35.9428459287805,48.98790654799112,A,dam
1553,22516000161,22516000160341,33.74074284225257,49.78109019927292,A,dam
1554,22519000231,22519000230301,31.26041268188674,49.412524641781374,A,low head
1555,22519000411,22519000410261,30.775010614772643,49.53493653016106,A,low head
1556,22520400191,22520400190161,34.272640389035246,51.28545975219031,A,low head
1557,22520400781,22520400780751,36.76444097068175,51.4300304679449,N,waterfall
1558,22546500051,22546500050071,26.733789121158235,52.11166091764727,A,dam
1559,22548000121,22548000120311,27.379177573232223,50.76653719023438,A,low head
1560,22602300031,22602300030251,30.87850139395125,48.03283342375321,A,low head
1561,22602700051,22602700050171,30.58212326264196,48.10236765563942,N,rapid
1562,22602700051,22602700050531,30.53415860907636,48.14175871054001,N,rapid
1563,22602700061,22602700060431,30.432908556925213,48.16958459944505,N,rapid
1564,22602700111,22602700110281,29.971487878185545,48.25822086915712,A,low head
1565,22602900091,22602900090641,29.003357228257087,48.85550344314106,N,rapid
1566,22602900151,22602900150391,28.77404030240144,48.89404116776308,N,rapid
1567,22602900261,22602900260471,28.45728086132493,49.19070463259956,A,dam
1568,22710800681,22710800680121,25.552712273496898,48.4421776817444,A,low head
1569,22720900101,22720900100181,26.9002380515292,46.925465087797335,A,low head
1570,22720900571,22720900570191,26.42931493065854,47.72282655326944,A,dam
1571,22720900741,22720900740351,26.12156286855614,47.70889841746149,A,dam
1572,22736000701,22736000700371,24.345902663518803,45.71842929633648,A,dam
1573,22738300121,22738300120431,21.36202636046559,43.94899906320637,N,rapid
1574,22738600051,22738600050461,20.29244957471125,43.89734375691288,A,dam
1575,22738700061,22738700060391,20.63744243674276,43.33796353448248,A,dam
1576,22740200291,22740200290381,19.5501619739617,43.54382916071231,A,dam
1577,22740500291,22740500290331,17.331087246633874,44.904642833352966,N,rapid
1578,22740600431,22740600430451,15.915737349681892,44.88687843120695,N,rapid
1579,22740600581,22740600580161,15.950417636690462,44.76426425207711,N,rapid
1580,22740900331,22740900330201,15.012358390939632,46.11235409135541,N,rapid
1581,22762300221,22762300220321,22.825803298120363,45.91961500376289,A,dam
1582,22762300231,22762300230301,23.00864909159208,45.861858103352695,N,rapid
1583,22762400031,22762400030401,23.01312336549582,45.614740780602574,A,dam
1584,22780700851,22780700850321,14.026327788443606,46.5704192386172,A,dam
1585,22791800101,22791800100451,18.523691972376923,48.20234094132345,A,low head
1586,22795000241,22795000240181,17.217206766297796,48.02605858651321,A,dam
1587,22797000151,22797000150161,14.488684989613583,48.21924286592992,A,low head
1588,22797000361,22797000360271,14.551712599540917,47.581106371017,N,rapid
1589,22797000441,22797000440401,14.287882109844588,48.23397303334966,A,dam
1590,22797000451,22797000450201,14.22245894635676,48.20563172531118,A,dam
1591,22797000451,22797000450711,14.099498097108032,48.17161630527524,A,dam
1592,22797000461,22797000460371,13.969293853060703,48.12142522612837,A,dam
1593,22797000621,22797000620171,15.080701308455252,48.14801644987154,A,dam
1594,22797000731,22797000730561,14.322798305746892,48.02158720861618,A,dam
1595,22797000731,22797000730681,14.301471788893345,48.00688039295883,A,low head
1596,22799200571,22799200570061,11.67288171669555,48.23775167624111,N,rapid
1597,22799800491,22799800490211,10.87978153250978,47.97624692913926,A,low head
1598,22799800491,22799800490421,10.877488598628425,47.94996605589138,A,low head
1599,22799800491,22799800490541,10.872333228899535,47.93516793932732,A,low head
1600,22799800511,22799800510141,10.930520928297057,47.9017246313362,A,low head
1601,22799800511,22799800510391,10.921612410152084,47.87351025523928,A,dam
1602,23140100171,23140100170201,-7.662350376452847,37.97720649126173,A,low head
1603,23140500011,23140500010091,-5.99138931640887,38.9471403153242,A,low head
1604,23140500511,23140500510271,-6.169184518732002,38.94091428289037,A,low head
1605,23160300031,23160300030471,-8.114567465054135,39.48092779305667,A,low head
1606,23160900471,23160900470231,-2.3813652704978794,40.76324853683551,N,rapid
1607,23170000031,23170000030161,-8.61519273434968,40.1842907717519,A,low head
1608,23170000111,23170000110091,-8.272295135398757,40.274105881527525,A,low head
1609,23180200311,23180200310461,-5.4936303551909935,40.89249785215156,A,low head
1610,23180300101,23180300100111,-6.186625271430322,41.57560573642952,A,dam
1611,23180400261,23180400260091,-5.748578624154828,41.88034869759156,A,low head
1612,23180400461,23180400460341,-5.942366873950465,41.99896220397186,A,low head
1613,23180500081,23180500080281,-5.863351608052264,41.47416985306391,A,low head
1614,23180500081,23180500080631,-5.801923216449646,41.49551531158515,A,low head
1615,23180500161,23180500160271,-5.686365634310942,41.503344939329146,A,low head
1616,23180500311,23180500310551,-4.915297735350042,41.50597244493771,A,low head
1617,23180500311,23180500310821,-4.869125977954201,41.53031995512794,A,low head
1618,23180900161,23180900160231,-4.311475828986233,41.64264114324063,A,low head
1619,23180900231,23180900230391,-4.177845281658247,41.62353429118654,A,low head
1620,23180900691,23180900690331,-2.389642846552288,41.585696792957606,A,dam
1621,23190100301,23190100300371,-8.479806187737646,41.5851029672846,A,low head
1622,23212000371,23212000370351,-0.3867204476898157,43.29403392653925,N,rapid
1623,23212000711,23212000710431,-0.2853826404506525,43.73362988883421,A,low head
1624,23214200691,23214200690151,1.6550443493706692,44.47325432902191,A,low head
1625,23214200761,23214200760181,1.780697496391798,44.466760657525015,A,low head
1626,23214300061,23214300060111,0.8534744939312335,44.10957114898967,A,dam
1627,23214400061,23214400060151,1.3879817827025045,43.66674131793832,N,rapid
1628,23214400091,23214400090421,1.418795823535399,43.5271188639573,N,rapid
1629,23214900281,23214900280191,2.66644078283417,43.98401050478603,N,rapid
1630,23214900451,23214900450501,2.3791760150064385,43.94449170893377,A,low head
1631,23216001001,23216001000161,0.2563888141186154,45.02218688450805,A,low head
1632,23222000761,23222000760421,-0.6529188754517928,47.76073251177535,A,low head
1633,23222001401,23222001400391,-0.0297256320969941,47.89530359835731,A,low head
1634,23226000091,23226000090261,0.8978835955827948,47.34502257118775,A,low head
1635,23226000091,23226000090461,0.9469709565145976,47.33389300927796,A,low head
1636,23226000341,23226000340331,1.89828041657628,47.2645448470988,A,dam
1637,23228000091,23228000090071,3.3236338364688054,46.56153204640037,A,low head
1638,23229000011,23229000010371,3.159503510516497,46.98384309705583,A,low head
1639,23229000491,23229000490831,4.13462868774817,46.70942965084356,A,low head
1640,23230400101,23230400100231,-3.2034561232375065,47.88024385936495,A,dam
1641,23240602361,23240602360111,3.8771574290779767,47.94599395200396,A,low head
1642,23240602801,23240602800231,3.299306443571365,48.01566804110835,A,low head
1643,23240602811,23240602810151,3.376026938443717,47.98136110687917,A,dam
1644,23240700501,23240700500781,4.566720210466182,48.75815056074764,A,low head
1645,23250600241,23250600240271,3.3654566655410254,50.71912527347577,A,dam
1646,23250600411,23250600410141,3.472799601336164,50.53724506742124,A,dam
1647,23250600461,23250600460341,3.5400930962103017,50.38723216535086,A,dam
1648,23250600461,23250600460491,3.516703215518262,50.36552189382275,A,dam
1649,23250600471,23250600470251,3.474618575943712,50.31597573641098,A,dam
1650,23250600701,23250600700371,2.91757520932649,50.54578783471528,A,dam
1651,23250600811,23250600810141,3.671633500675645,50.450025100730535,A,dam
1652,23250800311,23250800310121,5.696929999166849,50.86915429212048,A,dam
1653,23250800321,23250800320271,5.686804833002883,50.75160901649042,A,dam
1654,23250801121,23250801120321,5.683185180085805,50.90171723163827,A,dam
1655,23250801121,23250801120461,5.654471884270473,50.88456467844692,A,dam
1656,23261000341,23261000340321,7.322350735890681,51.68864801071833,A,dam
1657,23261000831,23261000830391,6.93618193972224,51.36124831034312,A,dam
1658,23262000571,23262000570431,6.04406743370512,48.91914701785161,A,dam
1659,23266000011,23266000010331,8.512232940328023,49.48327719717086,A,dam
1660,23266000021,23266000020351,8.636374141838624,49.44264524587111,A,dam
1661,23266000271,23266000270271,9.16063715727802,49.073105043833,A,dam
1662,23267000231,23267000230241,7.579641201372817,48.10529307600496,A,dam
1663,23268000011,23268000010081,8.224303490439267,47.5938641079258,A,dam
1664,23268000011,23268000010431,8.227030409719257,47.549585687062425,A,dam
1665,23269000011,23269000010181,8.261893069572077,47.61221327432346,N,rapid
1666,23269000391,23269000390081,9.55413686501676,47.2945369714512,A,dam
1667,23270400301,23270400300541,7.339330843087931,52.39329887580255,A,dam
1668,23270400681,23270400680331,7.672387641289281,52.0365923813934,A,dam
1669,23282000041,23282000040081,12.258012031170374,52.66458231789216,A,low head
1670,23285000321,23285000320381,14.075871104083008,50.51641587345963,A,dam
1671,23285000341,23285000340261,14.148790535530273,50.43191886571335,A,low head
1672,23285000351,23285000350261,14.057486517067336,50.40321432110886,A,low head
1673,23285000381,23285000380521,13.666779003478885,50.33042698151346,A,low head
1674,23285000871,23285000870071,12.934251541181007,51.162227213303,A,low head
1675,23285000871,23285000870271,12.983630068340204,51.15163145203059,A,low head
1676,23285000871,23285000870431,13.008829795230552,51.14423902027127,A,dam
1677,23286000221,23286000220401,15.121894387342762,50.13917181322285,A,dam
1678,23287000121,23287000120121,14.42783942598768,50.1115482356916,A,dam
1679,23288000251,23288000250181,13.833362100186331,50.01800846615426,A,low head
1680,23303800261,23303800260191,-0.6984876775612276,51.536641713460185,A,low head
1681,23303800331,23303800330291,-0.874193211429201,51.56048395539568,A,low head
1682,23400400031,23400400030281,-8.516334978534012,52.7045166929641,A,low head
1683,24222900811,24222900810371,18.15262999268052,50.33611690236,A,low head
1684,24224000071,24224000070331,16.3485820338916,52.89067741527024,A,dam
1685,24224000071,24224000070611,16.423325295091296,52.8853729377424,A,dam
1686,24224000081,24224000080291,16.509869335736152,52.89146953235549,A,dam
1687,24224000211,24224000210111,17.42127136762704,53.09289165639933,A,low head
1688,24224000211,24224000210651,17.565635744798044,53.12462780907376,A,low head
1689,24229000451,24229000450531,18.7419219611558,51.15476787356923,A,low head
1690,24244600231,24244600230681,20.894124390477423,50.01775357921494,A,dam
1691,24244600241,24244600240081,20.874819028261204,49.95351663141357,A,low head
1692,24244600301,24244600300591,20.687363521791543,49.62828507765917,N,rapid
1693,24244600301,24244600300811,20.656360044421174,49.59679676111509,A,low head
1694,24244600671,24244600670071,19.42103204021258,50.0291851670349,A,dam
1695,24244900171,24244900170431,22.68364153303929,49.80343600920776,N,rapid
1696,24280200051,24280200050261,25.95049304945608,56.646010888999946,A,dam
1697,24322200321,24322200320111,30.946738292352915,61.84413925393187,N,rapid
1698,24322500011,24322500010471,30.45892491538277,60.56615211065803,N,rapid
1699,24326000071,24326000070181,30.077046647997047,58.05510712658114,A,low head
1700,24326000071,24326000070391,30.02000112243059,58.04081666413426,A,low head
1701,24326000131,24326000130091,29.66945873484129,57.91083012733935,A,low head
1702,24340000041,24340000040401,26.80566696087852,60.57739581366983,N,rapid
1703,24340000051,24340000050301,26.75397059258958,60.63283359878796,N,rapid
1704,24351000021,24351000020271,26.654643910270742,60.61407176658004,N,rapid
1705,24354000031,24354000030201,21.880016136345592,63.10228669561,N,rapid
1706,24354000051,24354000050171,22.28656077126412,63.010932287785415,N,rapid
1707,24354000051,24354000050301,22.32654155832812,63.00051810444267,A,low head
1708,24354000061,24354000060061,22.49592622793893,62.93919019158823,N,rapid
1709,24354000061,24354000060191,22.5322435388198,62.949746565840144,N,rapid
1710,24357000011,24357000010311,22.52731175983902,63.52471518452172,A,dam
1711,24358000411,24358000410081,24.01843192050789,64.22395373238479,N,rapid
1712,24359000091,24359000090251,25.61402613648259,64.52380657615356,N,rapid
1713,24359000171,24359000170251,24.309819883207847,64.42869483181592,N,rapid
1714,24359000181,24359000180151,24.418068710067818,64.35009381808278,N,rapid
1715,24360000331,24360000330431,26.303373653242783,64.78814308930949,A,low head
1716,24370000591,24370000590071,25.52599754644953,65.19653147242794,N,rapid
1717,24370000631,24370000630271,26.1215647086248,65.03101269382144,N,rapid
1718,24436000011,24436000010251,21.068382558693504,64.72505647173637,A,dam
1719,24438000071,24438000070091,19.6605044404527,63.93077576925285,A,dam
1720,24438000091,24438000090241,19.502670675906547,64.15596120990878,A,dam
1721,24440400521,24440400520061,16.42327306913643,64.00496975048513,N,rapid
1722,24440400521,24440400520701,16.386477210743028,64.09961415895042,N,rapid
1723,24450200121,24450200120221,14.683596466512796,63.33855611687125,N,rapid
1724,24450200121,24450200120381,14.647301734697315,63.35942622382535,N,rapid
1725,24450200251,24450200250471,14.716898171211922,63.58547566063356,N,rapid
1726,24450200971,24450200970091,13.395184071560754,63.32562485121944,N,rapid
1727,24450201011,24450201010141,13.193109409776612,63.32808988322237,N,rapid
1728,24450201031,24450201030171,12.9581429140718,63.392866041595205,N,rapid
1729,24450201091,24450201090361,16.14324912607375,63.1852334189241,N,rapid
1730,24450201091,24450201090541,16.096621919367884,63.207538261722505,N,rapid
1731,24450201131,24450201130061,15.561067364972429,63.41504061954764,N,rapid
1732,24450201281,24450201280071,12.87292543275009,63.38791420130235,N,rapid
1733,24450201351,24450201350081,12.628186557042904,63.35637964325245,N,rapid
1734,24450201351,24450201350281,12.626199660131723,63.34319799478394,N,rapid
1735,24450800421,24450800420121,15.028022420362618,61.703133840112194,N,rapid
1736,24450800491,24450800490601,16.16851148010436,61.7689911772512,A,low head
1737,24450800521,24450800520181,15.917240923975507,61.81023067610182,N,rapid
1738,24450800701,24450800700161,16.207818317436526,61.3370300756175,N,rapid
1739,24450800701,24450800700271,16.173803355731653,61.34402605745001,N,rapid
1740,24460000121,24460000120171,16.676035630146263,60.192514648910375,N,rapid
1741,24460000751,24460000750341,14.898382494199362,60.48395994115566,A,dam
1742,24460000761,24460000760091,14.81501329818522,60.50647854064948,A,low head
1743,24460000761,24460000760711,14.685710032362318,60.46261063950494,N,rapid
1744,24460000791,24460000790381,14.315063157661504,60.52803289295963,N,rapid
1745,24460000791,24460000790561,14.283412658104794,60.515170618192734,N,rapid
1746,24460001221,24460001220211,13.965183534813484,60.46851863125449,N,rapid
1747,24460001221,24460001220421,13.915564732141632,60.49204432228622,N,rapid
1748,24460001231,24460001230121,13.875604745190708,60.49124791996828,N,rapid
1749,24460001241,24460001240371,13.806137584210871,60.60365172215246,N,rapid
1750,24480901271,24480901270571,12.47793010661108,61.13978171207216,N,rapid
1751,25102100011,25102100010211,11.323948266402091,60.02802702943395,A,dam
1752,25102300061,25102300060191,11.894422618608523,60.20290500626962,A,dam
1753,25102300081,25102300080601,12.017321856643177,60.27577225722128,N,rapid
1754,25102300091,25102300090341,12.035900690506722,60.33978971333183,N,rapid
1755,25102300141,25102300140481,12.31327228051475,60.78235867368395,N,rapid
1756,25102300161,25102300160581,11.839260991419968,60.65052098101204,N,rapid
1757,25102300211,25102300210291,11.555037828145077,60.870357515458345,A,low head
1758,25104000091,25104000090111,10.25066785251696,60.202408636327554,A,dam
1759,25105000031,25105000030281,9.993595232051256,59.188906920811895,N,rapid
1760,25105000061,25105000060261,9.915215724457283,59.34534447617808,N,rapid
1761,25105000061,25105000060531,9.955031351434794,59.37744348147847,N,rapid
1762,25106000391,25106000390281,9.087970802417075,59.30061718201336,A,low head
1763,25107200021,25107200020231,8.656197444980387,58.40830654560369,N,rapid
1764,25107300051,25107300050071,8.229500298741737,58.34181783378659,N,rapid
1765,25107300141,25107300140251,8.406596813416044,58.62891461608406,N,rapid
1766,25107300151,25107300150401,8.315714130411553,58.70422153299429,N,rapid
1767,25107500161,25107500160621,7.751847119078317,62.489344814487545,N,rapid
1768,25107500161,25107500160751,7.780340555021494,62.47402515158181,N,rapid
1769,25107900091,25107900090271,11.588272801798915,64.0047565530918,N,rapid
1770,25107900531,25107900530761,11.729765909797589,63.77506783909703,A,low head
1771,25107900541,25107900540171,11.810776162119565,63.79116187007978,N,rapid
1772,25107900541,25107900540591,11.936038259846642,63.80584241273585,N,rapid
1773,25108000161,25108000160091,12.859512572722243,64.75678400112967,N,rapid
1774,25108000171,25108000170581,13.07103325849032,64.89724718556832,A,low head
1775,25108000181,25108000180181,13.146817024136022,64.92686069862476,N,rapid
1776,25109200041,25109200040091,13.21544048550605,65.72109133349495,N,rapid
1777,25109200051,25109200050111,13.291801909720984,65.62306976017227,N,rapid
1778,25109200051,25109200050571,13.397558937685744,65.57086217311706,N,rapid
1779,25280900021,25280900020211,35.36372264354362,63.29543133609436,N,rapid
1780,25290000031,25290000030291,36.08491542651381,63.84000489017465,N,rapid
1781,27102000021,27102000020371,-21.581608174786787,64.59103607228849,N,rapid
1782,27102000221,27102000220351,-20.97273593156672,64.7017485389747,N,rapid
1783,27103100041,27103100040251,-20.569910130900382,65.4626889785883,N,rapid
1784,27103200011,27103200010141,-20.24563869349856,65.66180694477855,N,rapid
1785,27105400041,27105400040081,-14.364892132206688,65.50463273537373,A,dam
1786,27105700031,27105700030351,-17.839832773570155,63.90777902834377,N,rapid
1787,27106000451,27106000450321,-20.4137483516254,63.81957420740925,N,rapid
1788,27106000451,27106000450681,-20.338776611926296,63.862727359312565,N,rapid
1789,27107000011,27107000010291,-20.40776897120856,64.02123571381753,A,low head
1790,27108000021,27108000020101,-20.836359831432976,63.996466718836494,N,rapid
1791,27108000091,27108000090161,-20.55820036536004,64.15947811433189,N,rapid
1792,28100100211,28100100210431,58.72745218670788,41.9869466277119,N,rapid
1793,28101600011,28101600010111,57.89629234923185,38.21008992914754,A,dam
1794,28290400501,28290400500141,50.74518547424133,50.06544217492262,A,low head
1795,28290600071,28290600070071,49.47881527949981,49.27191240866552,A,low head
1796,28290600171,28290600170541,49.05548335790427,49.5045619778591,A,low head
1797,28290600261,28290600260111,48.876581962569055,49.61669552598485,A,bridge
1798,28290900041,28290900040401,49.79385291762262,49.08471705462623,A,dam
1799,28290900861,28290900860461,48.5197812667224,51.32645764554487,A,low head
1800,28314000661,28314000660291,49.53351607840072,51.7995855713857,A,bridge
1801,28315000771,28315000770231,47.97299902898152,52.14551908950432,A,low head
1802,28323600201,28323600200411,53.31518222137316,55.02361587564607,N,rapid
1803,28363000211,28363000210151,40.89952407895656,57.790137756317385,A,low head
1804,28380200051,28380200050231,42.04515693989489,54.172509375638576,A,dam
1805,28396000341,28396000340701,37.319534243938186,55.76926124927474,A,dam
1806,28440300131,28440300130391,46.54742321523791,43.53929931325303,A,low head
1807,28440300151,28440300150081,46.4043416128856,43.47686611111087,A,low head
1808,28440400101,28440400100131,45.58091780951161,43.25295817577636,A,low head
1809,28440700021,28440700020251,44.08771210268393,43.617724029968485,A,low head
1810,28440900021,28440900020501,44.242552497873625,43.29105232606646,A,dam
1811,28464100271,28464100270371,47.97341865987169,39.73973746477238,A,dam
1812,28464300061,28464300060211,47.03327022215487,39.17836156176731,A,dam
1813,28464300151,28464300150191,46.1685183381812,38.84214411921919,N,rapid
1814,28464300181,28464300180141,45.88161086108306,38.88769843988166,N,rapid
1815,28464900141,28464900140091,42.92726811673498,40.08878571411924,N,rapid
1816,28464900151,28464900150501,42.7847778967492,40.09479155700955,N,rapid
1817,28465000471,28465000470491,47.72250054827259,40.50566687011352,A,low head
1818,28469000041,28469000040061,44.93603540153406,41.64180982018795,N,rapid
1819,29145000071,29145000070851,61.883028316408286,30.32290305875271,A,dam
1820,29146700031,29146700030061,66.07120329083453,33.29614268177375,N,rapid
1821,29146900101,29146900100091,66.60361817850388,33.64385595429635,N,rapid
1822,29146900131,29146900130241,66.8638594346197,33.700600195546336,N,rapid
1823,29380100151,29380100150661,52.111139176600055,28.18977846012285,N,rapid
1824,29390600201,29390600200201,50.87264977685348,30.18333058030038,A,dam
1825,29390600241,29390600240071,51.14023239146936,30.22120153338829,A,low head
1826,29420400271,29420400270331,48.37761021698116,32.373929548268784,A,dam
1827,29420400281,29420400280091,48.41662290692266,32.40879642979436,A,dam
1828,29420500021,29420500020501,50.05655136180295,31.867985698771296,N,rapid
1829,29440100341,29440100340341,48.02093698864474,32.837086893690454,N,rapid
1830,29440100381,29440100380221,47.75938237225094,32.99436743410181,N,rapid
1831,29440100391,29440100390551,47.560757210549966,33.077328525951,N,rapid
1832,29466000091,29466000090141,44.10945970642299,35.69026011912582,A,dam
1833,29466000331,29466000330081,45.22493407735076,36.07724933462512,N,rapid
1834,29466000391,29466000390791,45.5051841626226,36.24322933722287,N,rapid
1835,29468000011,29468000010161,43.36919005469736,35.998474644628736,N,rapid
1836,29468000151,29468000150321,44.27016406769108,36.70197072386631,N,rapid
1837,29468000261,29468000260191,43.56936809524391,37.24616772344035,N,rapid
1838,29469300041,29469300040691,42.17231610010934,37.35155423251285,A,low head
1839,29469400091,29469400090501,42.06131459782623,37.9229418675336,A,dam
1840,29469800021,29469800020471,41.091546326203925,37.91345222371815,A,bridge
1841,29469900091,29469900090181,40.25331549272773,38.078803182354896,A,low head
1842,29497300181,29497300180391,38.76791021270094,35.89656525384605,A,low head
1843,29498000181,29498000180091,38.822754737096936,39.54292169184261,N,rapid
1844,29498000201,29498000200211,39.06389360446752,39.60797123883349,N,rapid
1845,29498000211,29498000210101,39.1456718587725,39.60977422633213,N,rapid
1846,29498000211,29498000210331,39.18469027446597,39.61628218496451,N,rapid
1847,29498000351,29498000350211,40.2444137164265,39.756922804089456,N,waterfall
1848,29498000421,29498000420331,40.25136380390607,39.927770317090456,N,rapid
1849,29499200291,29499200290201,40.34196552867858,39.441244062317246,N,rapid
1850,29499500021,29499500020101,40.7097948623266,38.83215825149323,A,dam
1851,29499500081,29499500080451,41.243574623007405,38.83357480704748,N,rapid
1852,31248500651,31248500650541,81.11320029135118,51.25265701333132,A,dam
1853,31269700351,31269700350221,63.182348766719066,52.955735097067,A,dam
1854,31269900151,31269900150431,61.74780947847906,52.4563257602158,A,low head
1855,31281900601,31281900600261,66.66818280656965,53.00724616123859,N,rapid
1856,31283000021,31283000020441,66.27578334717946,52.015805047389314,A,low head
1857,31283000711,31283000710351,66.51074742147728,52.24910291951604,A,low head
1858,31284000011,31284000010161,67.15972203862978,51.24878263742236,A,low head
1859,31299600051,31299600050171,87.20525897048661,47.903246907211205,A,dam
1860,31299700081,31299700080251,87.33012577260484,47.493417584198,N,rapid
1861,35441000721,35441000720411,157.0845891683539,51.82887301006709,N,rapid
1862,41200100751,41200100750121,142.0422252067603,43.71115485316471,A,low head
1863,41301102021,41301102020611,133.89229648489118,34.88351411851364,A,low head
1864,41301102021,41301102020801,133.87898135055391,34.90286877583186,A,low head
1865,41301200431,41301200430331,138.52184941440044,36.98272232096342,N,rapid
1866,41301200451,41301200450461,138.4209474426341,36.93557340125688,N,rapid
1867,41301300521,41301300520191,140.08731251793574,38.755687969340215,N,rapid
1868,41301302091,41301302090581,139.6334593832033,37.645888566769706,A,low head
1869,41301400391,41301400390131,141.16043769490815,38.73118166786856,A,low head
1870,41301500071,41301500070111,140.6852666819364,37.91404594847521,N,rapid
1871,41301500641,41301500640641,140.96709851269276,38.52729049515154,A,dam
1872,41301703871,41301703870071,139.4144600007453,35.68105634877814,A,low head
1873,41301801541,41301801540461,136.8993106760986,35.54055101300889,A,low head
1874,41304000121,41304000120341,133.8470810319002,34.03385389115815,N,rapid
1875,41304000161,41304000160431,133.77409438535884,33.81595235548008,N,rapid
1876,41304000231,41304000230321,132.88450602773315,33.015333132879654,A,low head
1877,41304000271,41304000270111,132.86591717857797,33.2351504518045,N,rapid
1878,41304000271,41304000270231,132.86625485714356,33.22125121585775,N,rapid
1879,41304000271,41304000270661,132.905334788969,33.21560838410228,N,rapid
1880,41304000571,41304000570081,134.5286313588774,33.907862229253794,N,rapid
1881,41304000571,41304000570401,134.49778869605697,33.87716611407667,N,rapid
1882,41305200111,41305200110071,130.5778524603909,32.01165970490027,N,rapid
1883,41305200111,41305200110551,130.6571396033062,31.991336336089944,A,dam
1884,41305400131,41305400130391,130.86659999283626,32.23790820240548,N,rapid
1885,41305500051,41305500050311,130.68144035421628,33.010908078154706,A,dam
1886,42228100071,42228100070391,132.56169414208256,45.61104344467753,A,low head
1887,42241600121,42241600120111,129.38619532752236,47.10342670754819,N,rapid
1888,42241700101,42241700100221,129.28889433998947,46.46899733070676,A,dam
1889,42246200351,42246200350121,125.7586355796642,44.116382657677775,N,rapid
1890,42246200621,42246200620151,125.34881303685776,43.83951576424306,A,low head
1891,42246300491,42246300490321,126.60738543098844,43.77704986037012,A,dam
1892,42246400791,42246400790151,125.94377102092405,42.17305230282178,A,low head
1893,42246500021,42246500020331,127.02738136226463,43.02189174472708,A,dam
1894,42249400041,42249400040111,123.27083312119964,47.0365321811852,A,dam
1895,42249500481,42249500480261,124.26134583774513,47.70114401938885,A,low head
1896,42305600031,42305600030081,133.73512569530132,43.08031460671111,N,rapid
1897,42308400231,42308400230301,129.72375293669458,43.01509839041741,A,dam
1898,42410100841,42410100840191,126.92225662670778,39.52490733263385,N,rapid
1899,42410101141,42410101140401,128.30326664373618,38.48095417801611,N,rapid
1900,42410200311,42410200310181,128.4600679398311,35.84020845489139,A,dam
1901,42410200341,42410200340101,128.39710638490837,36.0163952329214,A,dam
1902,42410200351,42410200350601,128.34441546177487,36.23748712558845,A,dam
1903,42410200361,42410200360561,128.30625923479943,36.36031268780973,A,dam
1904,42410200371,42410200370421,128.24921887029558,36.43282803114567,A,dam
1905,42410200411,42410200410171,128.4672315410264,36.54001747672346,A,low head
1906,42410200431,42410200430171,128.60047535946055,36.56432900943688,A,low head
1907,42410200451,42410200450071,128.74064066426482,36.55693630659822,A,dam
1908,42410800081,42410800080541,127.30352416140738,36.50442353531887,A,low head
1909,42410800121,42410800120061,127.32242549466817,36.52013193018406,A,low head
1910,42410800271,42410800270121,127.67101192507404,36.2779674643654,A,dam
1911,42410800291,42410800290281,127.70583983660464,36.18875047488524,A,low head
1912,42410800331,42410800330411,127.6344169976149,36.02994392115964,A,low head
1913,42420000631,42420000630561,127.607381199091,37.32719966910955,A,low head
1914,42420000641,42420000640251,127.68528927950574,37.27752634335522,A,dam
1915,42420001391,42420001390411,127.95536404119748,37.02371529073197,A,low head
1916,42420001501,42420001500611,128.51183742906585,37.11399668742335,N,rapid
1917,42420001731,42420001730151,128.52829499832347,37.13988885323628,N,rapid
1918,42420001731,42420001730311,128.4982531397919,37.151308709128216,N,rapid
1919,42420002121,42420002120131,128.52020899254262,37.231998123783534,N,rapid
1920,42420002121,42420002120291,128.53538664509006,37.246057360818185,N,rapid
1921,42420002131,42420002130271,128.56897604487554,37.27966223796492,N,rapid
1922,42420002151,42420002150101,128.61495639899695,37.292178841568685,N,rapid
1923,42420002161,42420002160141,128.61276886430366,37.33638486257109,N,rapid
1924,42420002161,42420002160281,128.62528744709266,37.35470912500164,N,rapid
1925,42420002171,42420002170301,128.62954768083347,37.38389640511171,N,rapid
1926,42430200241,42430200240811,126.96053411340716,38.15134101668941,N,rapid
1927,42430200511,42430200510431,127.09411461105148,38.5970520351355,N,rapid
1928,42430200521,42430200520091,127.13478746695036,38.59947627880501,A,low head
1929,42430200651,42430200650491,127.20294347207086,38.06668084157469,A,low head
1930,42430200951,42430200950241,126.88671931061062,38.5541000297854,A,dam
1931,42430400311,42430400310281,126.50098743027776,38.53452714502769,A,low head
1932,42430600081,42430600080091,125.98499353803152,39.162865086050274,A,dam
1933,42430600301,42430600300301,126.01525388610078,39.261379950682176,A,dam
1934,42430600491,42430600490161,126.26617024546847,39.59748882412942,A,dam
1935,42430600891,42430600890191,126.74397808692376,38.87059166390743,A,dam
1936,42430601301,42430601300251,126.43441766931323,39.27863802349364,N,rapid
1937,42430601301,42430601300411,126.45406267442868,39.27360093300421,N,rapid
1938,42430601921,42430601920641,125.98051858745092,38.98283111874191,A,low head
1939,42430800061,42430800060101,125.73036244369544,39.66922362242101,A,low head
1940,42430800071,42430800070251,125.85397277735358,39.73395511975125,A,dam
1941,42430800081,42430800080281,125.92992264181134,39.784929586711975,A,dam
1942,42430800121,42430800120081,125.7584799975576,39.79504412051491,A,low head
1943,42430800141,42430800140241,125.78420874741568,39.897734327781365,A,low head
1944,42430800151,42430800150321,125.8077869626947,39.91979355934928,A,low head
1945,42430800231,42430800230261,126.02077493052468,39.88457030588667,A,dam
1946,42430800321,42430800320361,126.12103739943258,39.95828503961924,A,dam
1947,42430800331,42430800330281,126.17884450314538,40.02726658180902,A,dam
1948,42430800331,42430800330551,126.20366066686016,40.04621760587742,A,dam
1949,42430800351,42430800350291,126.27094532929544,40.12408408961296,A,dam
1950,42440200091,42440200090751,124.23849246084882,40.369269815849385,A,low head
1951,42440200101,42440200100151,124.21634634778763,40.3907298072476,A,low head
1952,42440200441,42440200440181,124.222653974272,40.5691171473289,A,low head
1953,42440200781,42440200780161,124.553642692959,40.83808789611576,A,low head
1954,42440300561,42440300560571,125.73063546356336,40.540693634621775,A,dam
1955,42440400051,42440400050171,125.49695855847162,40.96257329601232,N,rapid
1956,42440400111,42440400110301,125.30349133695132,40.93320431168672,A,low head
1957,42440400781,42440400780151,125.67678844347522,41.4296268245985,A,dam
1958,42440400791,42440400790201,125.74757303552131,41.48577690930224,A,low head
1959,42440400791,42440400790461,125.7902434246718,41.4910982635692,N,rapid
1960,42440400801,42440400800191,125.77913073719672,41.527166904101215,A,dam
1961,42440400811,42440400810111,125.82423560193166,41.5620013457109,A,low head
1962,42440400821,42440400820061,125.83343072477936,41.62621276082972,A,dam
1963,42440400831,42440400830151,125.85445526014178,41.673629312221806,A,low head
1964,42440400831,42440400830251,125.8718814862012,41.66160558910855,A,low head
1965,42440400891,42440400890451,125.98923375240182,41.9427483797998,A,low head
1966,42440401101,42440401100091,125.71654163026692,41.69454629323294,A,low head
1967,42440401101,42440401100451,125.68106184551372,41.69519995973497,A,low head
1968,42440401451,42440401450091,125.5460170001386,41.38774490864015,A,low head
1969,42440401451,42440401450531,125.48396545117708,41.4199043093778,A,dam
1970,42440401451,42440401450701,125.4727596262814,41.44703025035388,A,low head
1971,42440401451,42440401450891,125.43095688395304,41.45734613798368,A,low head
1972,42440401491,42440401490401,125.3250028263584,41.6028994306001,A,low head
1973,42440401491,42440401490911,125.2962669803648,41.656964931052826,A,low head
1974,42440401571,42440401570371,124.99356201356868,40.81677518207269,A,low head
1975,42440500031,42440500030731,125.96139694250344,40.89253291935197,N,rapid
1976,42440500101,42440500100771,126.15913362028648,40.84395819912861,N,rapid
1977,42440600131,42440600130231,126.43007707968144,41.03716788875677,A,dam
1978,42440600211,42440600210331,126.57549200828132,40.89233578291599,A,dam
1979,42440700071,42440700070261,126.30916055591116,41.21287389460395,N,rapid
1980,42440700191,42440700190751,126.70135517064466,41.421227392258594,N,rapid
1981,42440700381,42440700380171,126.99984878218228,41.74480621969538,N,rapid
1982,42440700401,42440700400221,127.06563208527108,41.6556946158012,N,rapid
1983,42440800051,42440800050221,127.66764252469036,41.26066577844878,N,rapid
1984,42440800061,42440800060291,127.53972552271746,41.27938087733994,A,bridge
1985,42440800061,42440800060401,127.52928629582924,41.27505951548199,N,rapid
1986,42440800081,42440800080281,127.4853491223893,41.23638833185612,N,rapid
1987,42440800081,42440800080421,127.51350150316678,41.22433578269592,N,rapid
1988,42440800101,42440800100451,127.45837457215762,41.10205222478648,N,rapid
1989,42450000121,42450000120251,123.53087405057346,40.36973728998044,N,rapid
1990,42450000121,42450000120471,123.53498354784227,40.38625194362182,A,low head
1991,42450000211,42450000210221,123.43938532983545,40.18217748186543,A,bridge
1992,42450000241,42450000240231,123.34867820597792,40.25978710750799,A,low head
1993,42450000281,42450000280071,123.28807492839664,40.291846950745615,A,low head
1994,42460000511,42460000510151,123.32485960933808,41.24449699370902,A,bridge
1995,42460000531,42460000530391,123.38714040437148,41.29434270555221,A,low head
1996,42460000621,42460000620161,123.89644094691458,41.86771925076873,A,low head
1997,42460000621,42460000620291,123.92597809959148,41.87297128004432,A,low head
1998,42460000621,42460000620491,123.97266914112792,41.87661130640255,A,low head
1999,42460000631,42460000630291,124.06758786014466,41.89561160799704,A,low head
2000,42460001531,42460001530121,124.45543940932517,41.99331950076453,A,low head
2001,42460001571,42460001570831,124.72443952933192,42.043008773565774,N,rapid
2002,42460001781,42460001780411,124.42034686558718,41.372413194005865,N,rapid
2003,42481400121,42481400120311,122.16813578010596,42.68445997278815,A,low head
2004,42481400191,42481400190061,121.47382905022684,42.83457085741686,A,low head
2005,42481400191,42481400190201,121.4461776350692,42.83209039783738,A,dam
2006,42481400191,42481400190401,121.406609791635,42.83085181602835,A,dam
2007,42481500061,42481500060201,123.34323063582086,42.14710196913024,A,low head
2008,42481500061,42481500060791,123.4327340446843,42.166964628226,A,dam
2009,42481500081,42481500080161,123.6344095508634,42.29260954328143,A,low head
2010,42481600021,42481600020451,123.90927710240427,42.489128364493446,N,rapid
2011,42488000131,42488000130681,118.4842933608544,43.26596515271215,A,dam
2012,42490200101,42490200100241,121.38789036525353,41.16480671532897,A,low head
2013,42490200221,42490200220081,121.2541252891196,41.54827198458876,A,low head
2014,43110000011,43110000010091,119.70963952358964,40.00858991270129,A,low head
2015,43120202531,43120202530481,119.05923324446294,40.31634203940265,A,bridge
2016,43120300211,43120300210071,118.81374774589368,39.87123561289884,A,low head
2017,43120300321,43120300320451,118.0645123154264,40.80337216124149,A,low head
2018,43120300321,43120300320561,118.06478624940551,40.82228706933679,N,waterfall
2019,43130000441,43130000440671,117.46986616716916,39.4649500861262,A,low head
2020,43162201161,43162201160481,116.75355704088534,39.9064082707647,A,low head
2021,43180000381,43180000380081,116.39319686722524,36.85299826466272,A,dam
2022,43180000551,43180000550151,115.70360192394972,36.24621435776152,A,low head
2023,43210200211,43210200210261,116.8368929962154,35.894541936971635,A,low head
2024,43210200391,43210200390671,117.28375015433076,35.88138844683173,A,low head
2025,43210200411,43210200410201,117.35522964300748,35.915964185868255,A,low head
2026,43210200421,43210200420571,117.20026382988031,36.00137948804073,A,dam
2027,43210200521,43210200520351,117.33181595473452,36.16081301301608,A,low head
2028,43210600041,43210600040451,113.22751027836526,35.063689123169645,N,rapid
2029,43210900271,43210900270291,111.426281196281,34.830569968805726,N,rapid
2030,43226103771,43226103770441,108.17607918854152,34.96276722098316,N,rapid
2031,43227000781,43227000780341,106.7620756972442,34.36960196582426,A,dam
2032,43250000041,43250000040371,110.50804249404848,35.90979275450025,N,rapid
2033,43250000081,43250000080471,110.46557521019744,36.313963372876536,N,rapid
2034,43250000081,43250000080641,110.456655038261,36.34151006459628,N,rapid
2035,43250000131,43250000130161,110.42936411651053,36.7335353997936,N,rapid
2036,43250000131,43250000130371,110.41730898589245,36.73526189869073,N,rapid
2037,43271500141,43271500140461,110.74827251757809,38.378304206917726,N,rapid
2038,43275100121,43275100120101,107.02863826509216,40.3100917846099,A,dam
2039,43275900031,43275900030711,105.98190050540695,37.9119930334544,A,dam
2040,43277000121,43277000120731,104.81191144283814,37.36524345957124,N,rapid
2041,43279000411,43279000410411,103.56110358498827,36.11313112879124,A,low head
2042,43279000431,43279000430481,103.47236534254142,36.17052897238232,A,dam
2043,43292000541,43292000540231,103.83960417883604,35.17232542431011,A,low head
2044,43292000841,43292000840621,103.97270137986422,34.43438693413315,N,rapid
2045,43295300151,43295300150301,101.38433360025309,36.04362550408698,N,rapid
2046,43302000071,43302000070301,117.84945931810846,37.06290428202341,A,dam
2047,43305200031,43305200030511,119.5941814017292,36.923861620218254,A,low head
2048,43305400511,43305400510141,120.90352576355292,36.91679515007848,A,low head
2049,43305800111,43305800110191,119.15909005780308,34.65249486893071,A,low head
2050,43306400011,43306400010341,118.44905848242406,34.13222359662095,A,low head
2051,43306400011,43306400010711,118.39712829489748,34.16993338021592,A,low head
2052,43306600151,43306600150411,118.4243072442411,34.934181167712666,A,dam
2053,43306600311,43306600310271,118.48029721780074,35.40172148680694,A,dam
2054,43306600371,43306600370291,118.59981333204644,35.67095065879417,A,dam
2055,43421000031,43421000030651,119.50710391576206,32.42444136019236,A,bridge
2056,43421001511,43421001510061,116.4280582320356,34.49589059907785,A,dam
2057,43424000571,43424000570101,117.56693990425342,33.32746200163567,A,bridge
2058,43426000161,43426000160381,115.49202805284295,33.87972997233792,A,low head
2059,43427000681,43427000680081,116.3442114310174,32.92262575452995,A,dam
2060,43428200111,43428200110501,116.41340937075157,31.761491427895194,A,bridge
2061,43428400091,43428400090491,115.5433696198109,32.17564853077999,A,low head
2062,43428800101,43428800100201,114.96525033684846,32.02093963943362,A,low head
2063,43428900051,43428900050231,114.79357628969044,32.30400099949308,A,dam
2064,43428900191,43428900190351,114.5236511492177,32.29600707658967,A,low head
2065,43428900231,43428900230511,114.25012365092226,32.128477981326284,A,dam
2066,43428900311,43428900310361,114.06188468966388,32.30800838686323,A,low head
2067,43428900421,43428900420091,113.8181634922662,32.43043335718148,A,low head
2068,43429300261,43429300260441,115.07180419748045,33.38793481653719,A,dam
2069,43429300281,43429300280091,114.86730846776516,33.50822852496843,A,dam
2070,43429700161,43429700160551,113.62172492235288,33.51182856955635,A,dam
2071,43429800191,43429800190291,112.90456434615656,33.712601947774374,A,dam
2072,43429900171,43429900170901,112.87341743486044,34.124332608784584,A,low head
2073,43430400171,43430400170481,118.48403427933157,30.845443749002605,N,rapid
2074,43430400181,43430400180261,118.45515782867938,30.740574862998223,A,low head
2075,43430700071,43430700070191,117.79145731116064,31.14500401452017,A,dam
2076,43430800061,43430800060261,116.67306241516302,30.48455163544193,A,low head
2077,43442200671,43442200670661,117.1983539256061,29.26604487645803,A,dam
2078,43442200711,43442200710441,117.26613005829826,29.544829127864546,A,dam
2079,43442200781,43442200780231,117.53468312854386,29.717043745385155,A,dam
2080,43442201041,43442201040571,117.83227134162706,29.1899736587865,A,dam
2081,43442400641,43442400640241,116.3229133202589,26.82819580405931,A,dam
2082,43442400701,43442400700391,116.67820848784466,27.51739641005308,A,low head
2083,43442400941,43442400940151,116.29723843990264,27.65039399269768,A,low head
2084,43442400941,43442400940941,116.28793143778704,27.56428820105926,A,dam
2085,43442600081,43442600080381,116.85662117859042,28.171449715450287,A,low head
2086,43442600131,43442600130161,117.13261177974287,27.972832744381787,A,dam
2087,43442600131,43442600130451,117.13671418076758,27.95072440064512,A,low head
2088,43444000521,43444000520211,114.52500617152164,28.99011017248048,A,dam
2089,43444000591,43444000590271,114.49073735714398,28.75022466332589,A,dam
2090,43446000051,43446000050161,115.4067408138902,28.43451584670824,A,low head
2091,43447000191,43447000190131,114.97565273082787,27.80749271181016,A,low head
2092,43449300131,43449300130211,114.67978819469306,26.41887114372076,A,dam
2093,43449400261,43449400260601,114.72400039578322,25.79915374480241,A,low head
2094,43449800301,43449800300371,115.78495824556876,25.509332649105065,A,dam
2095,43449900171,43449900170781,116.21808113802076,26.16119067834724,A,dam
2096,43450800021,43450800020801,114.78597835268668,30.83702945287513,A,low head
2097,43450800091,43450800090261,115.03988513804453,31.21743215889965,A,low head
2098,43462000251,43462000250241,113.67386630596816,31.271530823659763,A,dam
2099,43462001231,43462001230851,113.30790962668432,31.8434507100235,A,low head
2100,43463000321,43463000320441,112.38244354568674,31.66459813822968,A,dam
2101,43464000071,43464000070211,112.59929940522142,32.045081598013745,A,low head
2102,43464000121,43464000120591,112.33581941862668,32.50617691507157,A,low head
2103,43464000121,43464000120811,112.34862640426591,32.53864758529494,A,low head
2104,43464000161,43464000160431,112.08438500485018,32.7057225285702,A,low head
2105,43464000221,43464000220111,111.90459256567532,32.96910415500627,A,dam
2106,43464000311,43464000310171,112.58210401386508,32.4905990135011,A,dam
2107,43464000391,43464000390561,112.4573523442208,32.682137540628176,A,low head
2108,43464000581,43464000580191,112.80836643960176,32.67681969796963,A,low head
2109,43464000721,43464000720221,111.80713481196,33.19017320910341,A,low head
2110,43465000141,43465000140231,111.65256093620744,32.25832453242638,A,low head
2111,43465000491,43465000490501,111.51699371537356,32.250260711029455,A,low head
2112,43469100051,43469100050111,110.31584110601648,32.82189737166316,A,dam
2113,43469700271,43469700270291,107.94831853530718,33.21182373124203,A,dam
2114,43481000401,43481000400601,113.4137013479042,29.34086023335484,A,low head
2115,43482100181,43482100180481,112.62332153832244,28.47187844252991,A,low head
2116,43482100201,43482100200081,112.80756569812186,28.39798786648232,A,bridge
2117,43482100241,43482100240281,112.56615955804936,28.26219143934733,A,low head
2118,43482100241,43482100240761,112.5213650279471,28.209551932011266,A,low head
2119,43482100561,43482100560061,113.49690962837502,28.73074120197176,A,dam
2120,43482100611,43482100610161,112.8610337887335,28.07537349922279,A,dam
2121,43482200081,43482200080121,112.36009706523517,27.719509883071098,A,low head
2122,43482200081,43482200080231,112.35845055395554,27.7094166873178,A,low head
2123,43482400131,43482400130321,113.19860271555387,26.792825601515123,A,dam
2124,43482400141,43482400140341,113.24046240728096,26.714709631911774,A,dam
2125,43482400181,43482400180061,113.36246218287268,26.556365491200392,A,bridge
2126,43482400291,43482400290341,113.41122763910911,26.89785504256991,A,low head
2127,43482400431,43482400430451,113.58201326068418,26.76812436129195,N,rapid
2128,43482600071,43482600070501,112.87188044111736,26.60873972079305,A,low head
2129,43482600211,43482600210911,112.97367846989606,26.232204003628222,A,dam
2130,43482600221,43482600220721,113.04172700385855,26.183038328261144,A,dam
2131,43482600421,43482600420641,113.12689243643584,26.1214756575134,A,dam
2132,43482700041,43482700040361,112.4018056355851,26.88894185417856,A,low head
2133,43482700051,43482700050251,112.39897899940728,26.951527668899285,A,dam
2134,43482700361,43482700360391,112.68175756022592,26.11977570018793,N,rapid
2135,43482700431,43482700430121,112.36706465475326,26.56020090925073,A,dam
2136,43482700531,43482700530221,112.15485825868264,26.512818401025203,A,dam
2137,43482700881,43482700880591,111.59281657798589,26.431343913493723,A,dam
2138,43482800011,43482800010491,111.54756050114936,26.27685481293077,A,dam
2139,43482800541,43482800540651,110.99860242732704,25.886531326756813,A,low head
2140,43482800971,43482800970081,110.81748810862584,25.742630836213102,A,low head
2141,43482900011,43482900010401,111.62946734215195,26.1969173335674,A,dam
2142,43482901151,43482901150301,111.54995237660412,25.26820603829677,A,low head
2143,43484000421,43484000420551,111.43261920978152,27.67803403521334,A,dam
2144,43484000821,43484000820361,111.42201922409149,27.21771547205172,A,dam
2145,43484000861,43484000860371,111.26794111327918,26.97398456117948,A,low head
2146,43484000891,43484000890361,111.10739720737844,26.791705594370107,A,dam
2147,43484000941,43484000940221,111.01245961734708,26.648839371700216,A,dam
2148,43484000951,43484000950311,110.94482037985246,26.576835139949925,A,low head
2149,43484000951,43484000950781,110.94077305923491,26.538699518294365,A,low head
2150,43484000991,43484000990331,110.76576081685734,26.24655626744175,A,dam
2151,43484001001,43484001000441,110.70646354232213,26.18642815398078,A,low head
2152,43484001191,43484001190131,111.23842960926358,27.01853027508842,A,dam
2153,43484001211,43484001210081,111.08584875689442,27.03319678516533,A,dam
2154,43484001471,43484001470251,111.21608587902595,27.36175960492896,A,low head
2155,43484001511,43484001510241,110.92354610905564,27.12475108298791,A,dam
2156,43486000561,43486000560231,111.06828674481127,29.40550144753565,A,dam
2157,43486000571,43486000570351,110.94322826871114,29.365469969540552,A,low head
2158,43486000591,43486000590371,110.81051473115632,29.273928048929687,N,rapid
2159,43486000651,43486000650451,110.45113140104354,29.12645170916538,A,dam
2160,43486000701,43486000700391,110.18267780433324,29.168621785878923,N,rapid
2161,43486001121,43486001120391,110.33999248978496,29.67233121999936,N,rapid
2162,43488001061,43488001060581,109.71569427197066,29.883645054027483,N,rapid
2163,43489100121,43489100120441,110.0163660552852,28.24096728901512,A,dam
2164,43489200091,43489200090311,109.8237262103497,27.81568397714649,N,rapid
2165,43489200111,43489200110601,109.76092447566474,27.745017753364976,N,rapid
2166,43489300141,43489300140161,110.57109509692364,27.77371734999294,A,low head
2167,43489300271,43489300270351,110.09958624545524,27.283165119512912,A,dam
2168,43489400011,43489400010131,109.99141252603827,27.10175004077783,A,dam
2169,43489400011,43489400010551,109.98495476825084,27.044865357370824,A,dam
2170,43489400031,43489400030451,110.01800313251938,26.94869184146632,A,dam
2171,43489400051,43489400050631,110.00172289955373,26.8101703106496,A,dam
2172,43489400061,43489400060451,110.05824130429824,26.74025537724215,A,dam
2173,43489400071,43489400070351,110.09468966930184,26.65532874747528,A,dam
2174,43489400111,43489400110061,110.20213971380768,26.59211622734654,A,dam
2175,43489400161,43489400160161,110.24358152627448,26.500590251401466,A,dam
2176,43489400191,43489400190241,110.23281793656078,26.44893335323321,A,dam
2177,43489600251,43489600250121,109.25197166406748,27.366665759853984,A,low head
2178,43489600551,43489600550581,108.45810710290355,27.066229897868656,A,bridge
2179,43489800031,43489800030321,109.61778178512932,26.95453646659463,A,dam
2180,43489800061,43489800060271,109.71661141867166,26.85310010905234,A,dam
2181,43489800131,43489800130311,109.73724517675058,26.67727511060558,A,dam
2182,43489800131,43489800130601,109.73182784999612,26.637541065458915,A,dam
2183,43489800141,43489800140371,109.68674410522318,26.542458437375817,A,dam
2184,43489900111,43489900110081,109.16869441024964,26.66008839232705,A,dam
2185,43489900211,43489900210661,108.5025250645464,26.738463214325453,A,dam
2186,43489900251,43489900250131,108.33439791642677,26.8241877487721,A,dam
2187,43489900381,43489900380321,108.31115773073336,26.86284258101568,N,rapid
2188,43489900831,43489900830381,107.9482246754545,26.735217248725792,N,rapid
2189,43491200091,43491200090091,111.80879142496585,30.829984538714907,A,low head
2190,43491200091,43491200090201,111.7887642553344,30.83588277983764,A,bridge
2191,43491200091,43491200090391,111.76739743019236,30.85640323147876,A,dam
2192,43491200131,43491200130881,111.92567016212136,30.98036102215926,A,dam
2193,43491700581,43491700580201,108.47355340521356,30.51099561453415,A,dam
2194,43494202681,43494202680421,104.82253968863934,32.26334568396669,N,rapid
2195,43494202691,43494202690631,104.6761382292484,32.36124307240885,N,rapid
2196,43494202701,43494202700771,104.55652358711208,32.39438918123388,A,dam
2197,43494402251,43494402250441,107.2998967326572,32.113451349309095,N,rapid
2198,43494402251,43494402250671,107.34261505325554,32.12897305789383,N,rapid
2199,43494402711,43494402710401,108.08453512696585,31.518261030626142,A,low head
2200,43494402871,43494402870131,107.76168945837048,31.637732811895308,A,bridge
2201,43494500211,43494500210191,106.09379316039433,30.463726455220705,N,rapid
2202,43494500961,43494500960341,105.82743077440908,31.425367768371075,A,low head
2203,43494501541,43494501540101,106.24546974453796,32.217279071192685,A,dam
2204,43494501561,43494501560441,106.27710677807028,32.31999506601651,N,rapid
2205,43494600071,43494600070091,105.8922946187877,32.70193244909027,N,rapid
2206,43494600071,43494600070441,105.90199079250188,32.7431147753353,A,dam
2207,43494600461,43494600460311,105.56558746497409,33.56638536642548,N,rapid
2208,43494600471,43494600470561,105.43084651054896,33.63988021714664,A,low head
2209,43494700071,43494700070511,105.54187345950804,32.31038224942828,A,low head
2210,43494700131,43494700130421,105.39735687163324,32.275376006801686,N,rapid
2211,43494700131,43494700130571,105.3730832934706,32.26003255961663,A,low head
2212,43494700131,43494700130711,105.3631499607778,32.253080770512454,A,low head
2213,43494700221,43494700220421,105.28139961723592,32.275362835951256,A,dam
2214,43495600981,43495600980531,104.65610159626756,29.991894853631965,A,low head
2215,43495601041,43495601040201,104.6179931671922,30.22610733751664,N,rapid
2216,43495601101,43495601100341,104.55847290202914,30.37142259387009,A,dam
2217,43495601311,43495601310891,104.65598775652002,29.949713722091666,N,rapid
2218,43495601571,43495601570161,104.4281355521723,30.875280391967227,N,rapid
2219,43496100331,43496100330371,104.08529393323316,29.074906232565368,A,dam
2220,43496100501,43496100500731,103.91870236384996,29.23743335081679,A,dam
2221,43496200041,43496200040481,103.75650244245806,29.75563666957115,A,dam
2222,43496200051,43496200050271,103.84556723182553,29.804307075661185,A,dam
2223,43496200181,43496200180461,103.87872062315115,30.16802438790717,A,dam
2224,43496200191,43496200190081,103.9164714511422,30.229791863261102,N,rapid
2225,43496201841,43496201840321,103.7317186671398,32.12192993008281,A,dam
2226,43496401111,43496401110061,102.8094225672375,30.37143681636336,N,rapid
2227,43496401551,43496401550081,102.7402242560773,30.072363516040344,N,rapid
2228,43497200081,43497200080191,104.2713520886218,28.36904319795907,N,rapid
2229,43497300391,43497300390261,103.004831618314,28.15037380391276,N,rapid
2230,43497400041,43497400040131,103.23197621186294,27.15494576798803,N,rapid
2231,43497600251,43497600250341,102.58809069085318,25.509958894297185,N,rapid
2232,43498300141,43498300140191,101.9175675445792,27.78093848071372,N,rapid
2233,43498300241,43498300240151,101.88160837126458,28.309806958755463,N,rapid
2234,43498300261,43498300260211,101.88548104527308,28.494971016307385,N,rapid
2235,43498300271,43498300270071,101.92212240199032,28.54848013074168,N,rapid
2236,43498300271,43498300270211,101.93161978726714,28.570473692097,N,rapid
2237,43498300271,43498300270391,101.94062985494496,28.59918780447381,N,rapid
2238,43498300291,43498300290371,101.85783438765836,28.607778684315686,N,rapid
2239,43498300391,43498300390291,101.75181070833058,28.48556663441673,N,rapid
2240,43498300391,43498300390441,101.74778595746616,28.45976917384769,N,rapid
2241,43498300411,43498300410411,101.6468105923732,28.266400814400345,N,rapid
2242,43498500041,43498500040231,101.36676502432825,28.294955469427965,N,rapid
2243,43498500071,43498500070451,101.23240699037592,28.55559174596319,A,low head
2244,43498500181,43498500180401,101.05874471659912,29.35294040806204,N,rapid
2245,43498700071,43498700070481,101.01783906982982,29.96980153332548,N,rapid
2246,43498700081,43498700080321,101.01584362112187,30.03255884400066,N,rapid
2247,43498700081,43498700080471,101.01401512969991,30.05748688715312,N,rapid
2248,43498700161,43498700160861,101.0977282087681,30.300430712406552,N,rapid
2249,43499100031,43499100030151,101.64294991226204,26.57300058104316,A,dam
2250,43499200031,43499200030251,100.47435757100654,27.90013194056943,N,rapid
2251,43499200081,43499200080231,100.5601074458423,28.135307472113247,N,rapid
2252,43499200091,43499200090451,100.64163287387932,28.228449616767417,A,dam
2253,43499200121,43499200120101,100.60344291371176,28.40190155519993,A,dam
2254,43499500121,43499500120761,99.06046114277824,29.436507470104285,A,dam
2255,43504400031,43504400030201,119.54228252789756,29.905424583764898,A,low head
2256,43504400141,43504400140271,119.39307233184536,30.08747620801056,A,dam
2257,43504600131,43504600130231,119.55202225834944,29.12101837447879,A,low head
2258,43504600341,43504600340091,119.18183030983684,29.04147515253737,A,low head
2259,43504600351,43504600350371,119.12796139319568,29.034336808512176,A,dam
2260,43504601041,43504601040071,118.89455328468966,28.850660660437047,A,dam
2261,43504601101,43504601100511,118.78182062599988,28.936670984800102,A,dam
2262,43504601121,43504601120781,118.5262871249666,28.90176327104145,A,low head
2263,43504601401,43504601400251,119.96676380501508,29.172248351502308,A,bridge
2264,43504900201,43504900200331,118.35440193855148,29.739469115086344,A,low head
2265,43504900441,43504900440061,118.1955462185247,29.777121234818,A,low head
2266,43506000331,43506000330491,119.65924186664212,28.22710878535029,A,dam
2267,43506000621,43506000620201,119.15301989279853,28.07570446447886,A,low head
2268,43506000691,43506000690061,120.0151516992159,28.512442035331407,A,dam
2269,43507000021,43507000020301,119.61683405074366,27.001319944344527,A,low head
2270,43507000021,43507000020471,119.6176472758866,27.02545039146067,A,low head
2271,43507000081,43507000080061,119.49873341611236,27.067595446106296,A,dam
2272,43507000311,43507000310151,120.32680477833355,27.774320285391784,A,low head
2273,43508300061,43508300060481,118.87187225343848,26.263663740586363,A,low head
2274,43508400091,43508400090191,118.25163084360912,26.20328630628328,A,dam
2275,43508400121,43508400120141,118.12455258962235,26.02223476925806,A,low head
2276,43508400131,43508400130171,118.10053424828784,25.9711204172362,N,rapid
2277,43508600471,43508600470421,118.58287514208833,27.12708994675772,A,dam
2278,43508600471,43508600470851,118.63955780134565,27.164235936365777,A,low head
2279,43508600491,43508600490381,118.70159781311416,27.27242803906645,A,dam
2280,43508600501,43508600500141,118.69890014705554,27.315043741181544,A,dam
2281,43508600501,43508600500501,118.69427952496542,27.36773090719995,A,low head
2282,43508600591,43508600590301,118.19399794304626,27.218639451833795,A,dam
2283,43508600601,43508600600131,118.14631529706251,27.263501327409983,A,dam
2284,43508600661,43508600660261,118.07768319001563,27.499159474036954,N,rapid
2285,43508600661,43508600660431,118.06697056856962,27.52410248057,A,dam
2286,43508600681,43508600680111,118.02304523091138,27.54806094738605,A,dam
2287,43508800181,43508800180671,117.66223821647743,27.10100147941955,A,dam
2288,43508800191,43508800190261,117.61456639132771,27.14795487354388,A,dam
2289,43508800741,43508800740331,117.28533367354184,27.512637040371857,A,dam
2290,43508900251,43508900250331,117.35225964338149,25.97808162784916,A,dam
2291,43610400051,43610400050391,118.4204450570576,24.96601552748047,A,dam
2292,43610400411,43610400410141,118.0585303403544,25.223132260674326,A,dam
2293,43610600331,43610600330151,117.74632482231402,24.48283943010896,A,dam
2294,43620000481,43620000480181,116.60514649242016,24.241128935241687,A,dam
2295,43620001511,43620001510061,115.69232949586956,23.74319895523801,N,rapid
2296,43620001521,43620001520101,115.65766083977049,23.69604928798421,A,low head
2297,43620002061,43620002060141,115.70700419624131,24.17105528249504,A,dam
2298,43630000311,43630000310201,115.95815467664488,23.433398367151444,A,dam
2299,43630000381,43630000380061,115.81629408152573,23.46649960996492,A,low head
2300,43640200021,43640200020091,113.8356414023665,23.22441358439478,A,dam
2301,43640200171,43640200170461,114.04917152091458,23.49478593314668,A,dam
2302,43640200181,43640200180321,114.05649719586914,23.54067971155932,A,dam
2303,43640200191,43640200190371,114.1036419968821,23.58696044731808,A,low head
2304,43640200221,43640200220391,114.26066140423124,23.72125128573205,A,low head
2305,43640300071,43640300070291,114.32795616483368,23.15504326394944,A,dam
2306,43640300091,43640300090311,114.05161272935668,23.137756194049828,A,dam
2307,43640400131,43640400130641,114.9987592871923,23.072129526406275,A,dam
2308,43640600211,43640600210651,114.4256606556484,24.136296385022405,A,dam
2309,43640600211,43640600210921,114.38303220407444,24.1407249439272,A,dam
2310,43640700011,43640700010471,114.75482069082244,23.79581724394332,A,dam
2311,43640800141,43640800140661,115.21190367340498,24.876638638479783,A,dam
2312,43662400401,43662400400801,112.40921430653282,24.766778506759096,A,dam
2313,43662400681,43662400680061,112.38117733874084,24.83528738476671,A,dam
2314,43662700091,43662700090431,113.53423312856532,24.73446575071735,A,dam
2315,43662900051,43662900050111,113.44983838799938,24.93652445242654,A,dam
2316,43663100241,43663100240451,112.11921121941188,23.32154566224027,N,rapid
2317,43663400011,43663400010281,111.49699884937438,23.471535589697737,A,dam
2318,43663400281,43663400280081,111.7315126536053,23.972319911688643,N,rapid
2319,43663600421,43663600420281,110.57925284378685,24.61225013616584,A,dam
2320,43663600671,43663600670411,110.3597407646842,25.39713998333956,N,rapid
2321,43663800031,43663800030211,110.87176969248291,23.269620658643674,A,low head
2322,43663800571,43663800570451,110.82284111408352,22.89909852170597,A,dam
2323,43663800591,43663800590311,110.85663503351049,22.854235766127044,A,dam
2324,43663800601,43663800600311,110.87089738991048,22.800543058215627,A,dam
2325,43663800641,43663800640491,110.9853480092212,22.686835363784787,A,low head
2326,43663800641,43663800640721,111.0081282186218,22.670559480791017,A,dam
2327,43663800871,43663800870131,110.67488936177448,23.05274179810449,A,dam
2328,43663800881,43663800880341,110.70149915696514,23.004074948684448,A,dam
2329,43663800951,43663800950221,110.50556271658952,22.787769165057863,A,low head
2330,43663800991,43663800990281,110.37514771486804,22.672831723620337,A,dam
2331,43663801001,43663801000231,110.38292836291518,22.598050405432,A,low head
2332,43663900271,43663900270141,110.68901747258776,23.65177873540419,A,low head
2333,43664100011,43664100010181,110.08318845306724,23.37847217693643,A,dam
2334,43664100841,43664100840101,108.51217459981385,22.788447968930942,A,dam
2335,43664100911,43664100910271,108.11411324938764,22.82161298894308,A,dam
2336,43664202931,43664202930071,106.6188068734252,22.83106826712562,A,low head
2337,43664203171,43664203170141,106.60267560844672,21.92843078985761,A,low head
2338,43664203201,43664203200111,106.65703436316622,21.87688131979989,A,dam
2339,43664203481,43664203480651,107.77335871020462,22.05326329524612,N,rapid
2340,43664203651,43664203650411,107.02040362997936,21.718741046294287,A,dam
2341,43664203771,43664203770081,107.63137608611748,22.04278983576253,N,rapid
2342,43664500551,43664500550221,106.62573183650346,23.92935050477952,A,dam
2343,43665000011,43665000010531,110.02958805463857,23.45913940929952,A,dam
2344,43666100061,43666100060351,109.7510555761532,24.14399759171385,A,low head
2345,43666100061,43666100060451,109.7624212677993,24.135330384875648,A,low head
2346,43666200151,43666200150101,109.90520786924318,24.48252564221122,A,low head
2347,43666200321,43666200320491,109.85005443956982,24.647127906069024,N,rapid
2348,43666200361,43666200360601,109.85520475656008,24.77246288393348,A,low head
2349,43666200381,43666200380801,109.93900447933406,24.87126831842401,A,dam
2350,43666400741,43666400740441,107.87403234139155,24.909722754697807,N,rapid
2351,43666500161,43666500160351,109.08779785481376,24.85746935933537,A,dam
2352,43666700031,43666700030221,109.2674831051841,25.70056471479112,N,rapid
2353,43666700081,43666700080221,108.88888612393376,25.76319008296003,A,dam
2354,43666700091,43666700090401,108.8563116755052,25.77699325333416,A,dam
2355,43666900181,43666900180071,107.86470556034104,25.982195648894542,A,low head
2356,43666900181,43666900180301,107.85364439216852,25.98426409544682,A,low head
2357,43667600151,43667600150091,107.16735605185676,25.509989442659435,N,rapid
2358,43668000181,43668000180521,105.66718944837842,25.887800256353284,A,low head
2359,43668000241,43668000240401,105.54966954877416,25.698138520201795,N,rapid
2360,43668000571,43668000570121,104.5725030657246,26.528193122894447,A,dam
2361,43669500051,43669500050071,104.25047933193112,24.53084778963764,A,dam
2362,43669500341,43669500340481,103.42386775216032,23.87467543055421,A,low head
2363,43669500351,43669500350351,103.29070757283544,23.85276385663673,N,rapid
2364,43669900561,43669900560341,103.30406120574804,25.00922294607289,A,dam
2365,43670200121,43670200120151,112.53998762456922,22.280459854213884,A,dam
2366,43670200131,43670200130521,112.43076744467886,22.31172618903689,A,dam
2367,43670200161,43670200160431,112.33965236061891,22.203391789541588,A,dam
2368,43670400491,43670400490231,110.87883625991516,22.075493178646685,A,dam
2369,43670700221,43670700220481,108.99151253551096,22.28582360632034,A,low head
2370,43670700241,43670700240291,109.11244560775758,22.328139299951083,A,dam
2371,43682200021,43682200020241,105.10565236397352,21.677715483133536,N,rapid
2372,43682200031,43682200030131,105.08088405671468,21.72367723498797,A,dam
2373,43682400181,43682400180121,105.57098883478136,22.45209747939225,N,rapid
2374,43682400291,43682400290471,105.5042066300106,22.86546194643921,A,dam
2375,43682500011,43682500010121,105.17418819479948,21.90700649924303,A,dam
2376,43682700031,43682700030691,104.90946999222724,22.542916289857008,A,dam
2377,43684300151,43684300150251,103.39823316024048,22.99420621437232,N,rapid
2378,43684300151,43684300150661,103.3315143934195,23.02440262371564,N,rapid
2379,43684500101,43684500100141,101.52430009709596,24.17805738567705,N,rapid
2380,43684500351,43684500350141,102.08400072325249,23.545223106947983,N,rapid
2381,43684701191,43684701190441,101.6529525374114,24.37098549125868,N,rapid
2382,43685000821,43685000820321,103.04799078618066,21.64952522983054,A,dam
2383,43685000991,43685000990331,103.71846693255526,22.159915415022105,A,low head
2384,43689000281,43689000280121,101.59846974579705,22.76041404670031,N,rapid
2385,43900101981,43900101980481,109.01886256859144,19.44207058458408,N,waterfall
2386,43900101991,43900101990631,109.10224284046944,19.407325450175527,N,rapid
2387,43900102931,43900102930221,110.20158896819268,19.413586041664903,A,low head
2388,43900102941,43900102940321,110.17061796959167,19.34927862323744,A,low head
2389,44102000691,44102000690351,104.90644926373632,20.58878284391816,A,dam
2390,44102000771,44102000770091,104.3877646126094,20.6943816134207,N,rapid
2391,44102000781,44102000780091,104.32471312187864,20.75039181630685,N,rapid
2392,44102000841,44102000840511,103.8151105807714,20.980106419837977,A,dam
2393,44102000881,44102000880561,103.95521748302195,20.77198856086258,A,low head
2394,44104000151,44104000150061,105.29751555222818,18.9120826331035,A,low head
2395,44104000241,44104000240691,104.66269730418225,19.182136947598952,A,dam
2396,44104000271,44104000270121,104.42286975355728,19.297320068959355,A,dam
2397,44104000621,44104000620291,104.40016242311664,19.25561976937362,A,dam
2398,44104000651,44104000650311,104.1122947908229,19.41276501999296,A,dam
2399,44104000661,44104000660371,104.02943370554772,19.41482621003739,N,rapid
2400,44104000801,44104000800401,105.21823635449825,19.54507343209429,N,rapid
2401,44105400381,44105400380411,108.32143236192984,15.45939492969702,N,rapid
2402,44105400561,44105400560431,108.14783910903,15.52575767387656,A,dam
2403,44105400641,44105400640561,108.11054932279976,15.159424629406333,N,rapid
2404,44105700021,44105700020261,108.8742391872171,13.938641326932853,A,dam
2405,44105700091,44105700090191,108.71987620949038,14.36203213975873,A,dam
2406,44105700341,44105700340791,108.84050624110426,14.65864775136052,A,dam
2407,44105800071,44105800070211,108.93605740325016,13.060214152435782,N,rapid
2408,44105800171,44105800170071,108.53245611741268,13.347896598412438,A,dam
2409,44105800281,44105800280081,108.54912346916991,13.898343994827048,N,rapid
2410,44105900151,44105900150061,109.14602749110342,12.270971506425107,A,low head
2411,44106000221,44106000220391,107.32339107411708,11.082336233075388,N,rapid
2412,44106000241,44106000240171,107.43734782571782,11.088494249678,N,rapid
2413,44106000241,44106000240381,107.45205169464327,11.10842639098214,N,rapid
2414,44106000341,44106000340181,107.32795544185814,11.279369782312507,A,dam
2415,44106000591,44106000590591,107.40124957347182,11.758072647963129,N,rapid
2416,44106000881,44106000880381,108.20570720267688,11.663821811309854,A,dam
2417,44106001221,44106001220221,108.37290882461964,11.702290356543635,N,rapid
2418,44220200241,44220200240601,105.13518593446771,13.626059149205767,A,dam
2419,44220700151,44220700150341,102.91169340594332,12.80460746513119,A,dam
2420,44240200381,44240200380341,106.85042795728482,14.860847842223036,A,low head
2421,44240200481,44240200480181,106.76835912086358,15.504065880771304,N,rapid
2422,44240200581,44240200580391,107.08885276095263,14.891874586077996,N,rapid
2423,44240200641,44240200640821,107.3240276648603,15.17938980730827,N,rapid
2424,44240200651,44240200650061,107.35640681574624,15.167303111160084,N,rapid
2425,44240200661,44240200660361,107.45830896544145,15.240667822332387,N,rapid
2426,44240200721,44240200720361,106.78441521298348,15.638255410939454,N,rapid
2427,44240200741,44240200740371,106.7880780051169,15.714662228723194,N,rapid
2428,44240200751,44240200750571,106.75266487045438,15.746485960299664,N,rapid
2429,44240200791,44240200790181,106.92452345790736,15.955732414647182,N,rapid
2430,44240200791,44240200790651,106.98526095115956,16.00217623936093,N,rapid
2431,44240400201,44240400200551,107.3626118408216,13.839842123813836,N,rapid
2432,44240400201,44240400200861,107.38768037654796,13.804743366073817,N,rapid
2433,44240400401,44240400400631,107.98807263247156,14.34454010740694,A,dam
2434,44240400431,44240400430251,108.0817872368487,14.326291204431158,A,dam
2435,44240400441,44240400440781,108.14342153771231,14.429170997386828,A,dam
2436,44240400821,44240400820421,107.91413753131164,14.634553672170563,A,dam
2437,44240500161,44240500160091,107.45438288172176,13.5507042587128,A,low head
2438,44240600021,44240600020181,107.46450598334768,13.335070726808103,N,rapid
2439,44240600031,44240600030111,107.53413291841194,13.29889407646396,N,rapid
2440,44240600031,44240600030301,107.5640270194698,13.28409409374134,N,rapid
2441,44240600031,44240600030551,107.59592827307416,13.304525652724868,N,rapid
2442,44240600111,44240600110401,107.82917938859752,13.412997759790064,A,low head
2443,44240700031,44240700030081,107.41824548916374,13.106997912009444,N,rapid
2444,44240700031,44240700030401,107.41431426211628,13.05827456744182,N,rapid
2445,44240700081,44240700080191,107.76838236573204,12.86424641926724,N,rapid
2446,44240700081,44240700080471,107.80584554018692,12.867638000894472,A,low head
2447,44240700091,44240700090181,107.81758527204536,12.830251288196369,A,low head
2448,44240800041,44240800040381,107.9755983203582,12.296620413875862,A,dam
2449,44240800061,44240800060361,108.04190011857374,12.281771788086408,A,dam
2450,44240800111,44240800110751,108.35571189439834,12.254524108425302,A,dam
2451,44250000311,44250000310371,106.06707120803212,15.709087634790349,N,rapid
2452,44250000331,44250000330571,106.29397515349376,15.796123681150084,N,rapid
2453,44250000451,44250000450161,106.31990456048182,15.789839640929742,N,rapid
2454,44272000041,44272000040141,105.42586455381662,16.128667921806947,N,rapid
2455,44272000221,44272000220821,105.98222392691534,16.301467622226145,N,rapid
2456,44272000301,44272000300061,106.4301113779894,16.35801832424636,N,waterfall
2457,44272000351,44272000350061,106.64002013432447,16.197704475374017,N,rapid
2458,44272000451,44272000450231,106.19786686664548,16.645348845856418,N,rapid
2459,44272000831,44272000830161,106.2772636523737,16.765712208438945,N,rapid
2460,44272000841,44272000840211,106.3190183410312,16.806796865414032,N,rapid
2461,44272000871,44272000870221,106.63371003768611,16.17028381365048,N,rapid
2462,44273000091,44273000090141,104.72445819172684,16.635245331846754,A,dam
2463,44273000561,44273000560301,105.13110898981851,17.317014010511322,N,rapid
2464,44276000841,44276000840221,105.536401203341,17.638806998249027,N,rapid
2465,44277000101,44277000100441,103.5700304684702,18.64828833714216,A,low head
2466,44277000271,44277000270191,103.80930362367748,18.77542708316017,N,rapid
2467,44278000241,44278000240131,102.3867958347673,18.61938023205656,A,dam
2468,44279500181,44279500180291,101.80619493966653,19.19029293607067,A,dam
2469,44279600211,44279600210551,103.21930670477704,19.877899023321792,N,rapid
2470,44279800011,44279800010211,102.2621347515183,19.96556819648395,N,rapid
2471,44280000021,44280000020401,102.3169023724557,20.15046150603526,A,dam
2472,44280000301,44280000300171,102.49785476633456,21.106481768951085,A,dam
2473,44280000461,44280000460811,102.23426920299808,21.00526422011192,N,rapid
2474,44291200061,44291200060101,100.90021834710636,20.24590642791418,A,dam
2475,44291600341,44291600340091,99.34331607943813,20.35275232625044,N,rapid
2476,44291700111,44291700110181,100.1737667883182,20.627506439263072,N,rapid
2477,44292000321,44292000320341,100.16780986699364,21.48601124845592,N,rapid
2478,44292000391,44292000390311,99.9473514694731,21.8443499450444,N,rapid
2479,44292000401,44292000400321,99.99262153164888,21.9867706043427,N,rapid
2480,44293400081,44293400080201,101.23187976941364,22.25617807693472,N,rapid
2481,44293400141,44293400140441,101.41078936646618,22.375153781206432,N,rapid
2482,44295500241,44295500240111,99.14166007105388,26.306723532497724,A,dam
2483,44295500341,44295500340441,99.1496179330201,27.15935040130072,N,rapid
2484,44295500351,44295500350311,99.10707390670396,27.19474617188936,A,dam
2485,44295500561,44295500560551,98.67701667614344,28.701113566347008,N,rapid
2486,44306400121,44306400120511,99.76938815206444,16.196994154352915,A,low head
2487,44306400881,44306400880161,98.64154736399448,18.26891661543817,A,dam
2488,44306402121,44306402120381,98.70357661499906,18.40418944970288,A,dam
2489,44306402351,44306402350161,98.42077541806697,17.498740337837855,N,rapid
2490,44402000491,44402000490191,98.91911417905244,15.168142116241512,N,rapid
2491,44403800371,44403800370441,101.8574560171343,5.093892623188402,N,rapid
2492,44404000501,44404000500361,102.78526702017314,4.1601904699381285,N,rapid
2493,44541000281,44541000280241,97.71293069759312,17.60451081707758,N,rapid
2494,44541000281,44541000280531,97.70264904615038,17.653655856579995,N,rapid
2495,44541000291,44541000290111,97.68793574684064,17.739494639768363,N,rapid
2496,44542000101,44542000100331,98.15006178670492,17.28686470786269,N,rapid
2497,44544000031,44544000030851,97.38944067732758,19.214798393778143,N,rapid
2498,44544000041,44544000040611,97.40826007747329,19.327869175378872,N,rapid
2499,44544000051,44544000050301,97.41418495942948,19.44121457160608,N,rapid
2500,44544000261,44544000260221,97.38989192435758,19.95459587949821,N,rapid
2501,44544000271,44544000270811,97.43558338373629,20.121276230098257,N,rapid
2502,44546000021,44546000020421,97.80081844937398,20.05380103032696,N,rapid
2503,44546000171,44546000170161,98.3004679085551,20.62546986811081,N,rapid
2504,44546000441,44546000440421,97.71463829118926,21.539900028776625,N,rapid
2505,44547100041,44547100040421,98.00018156773903,19.93982755704158,N,rapid
2506,44547100161,44547100160791,98.74834827010392,20.710655658046104,N,rapid
2507,44547100171,44547100170581,98.853662774271,20.64837499952925,N,rapid
2508,44547100211,44547100210421,99.03250671434682,20.749004260979607,N,rapid
2509,44547200011,44547200010231,98.49146487853614,20.98001647583768,N,rapid
2510,44547200021,44547200020361,98.49430724883452,21.07125236638856,N,rapid
2511,44547200041,44547200040121,98.46701149353493,21.20356440589516,N,waterfall
2512,44547200041,44547200040441,98.44775067124208,21.25351177802408,N,rapid
2513,44547200051,44547200050151,98.43336099147687,21.29764531384101,N,rapid
2514,44547200051,44547200050431,98.43066193615768,21.34398563245984,N,rapid
2515,44547200061,44547200060171,98.3928304044726,21.37341895918944,N,rapid
2516,44547200071,44547200070151,98.35219622707515,21.44927305391376,N,rapid
2517,44547200071,44547200070411,98.32962948716252,21.490111328883888,N,rapid
2518,44547200081,44547200080101,98.32197946595711,21.52233413172615,N,waterfall
2519,44547200081,44547200080201,98.3068629706001,21.53167705343952,N,rapid
2520,44547200081,44547200080371,98.2972281112002,21.5593638265312,N,rapid
2521,44547200101,44547200100281,98.28638624242517,21.70472733418465,N,rapid
2522,44547200111,44547200110161,98.32248403817724,21.76003380132561,N,rapid
2523,44547200111,44547200110391,98.31923937228127,21.79588683453551,N,waterfall
2524,44547200121,44547200120111,98.30768210745345,21.831524263855663,N,waterfall
2525,44547200151,44547200150431,98.21518940588255,21.90409673939379,N,rapid
2526,44547400021,44547400020321,98.84834430682216,21.484366910245097,N,rapid
2527,44547400041,44547400040401,98.95027703984022,21.732953867007705,N,rapid
2528,44547400131,44547400130511,99.26824509347894,22.401191917739425,N,rapid
2529,44547500061,44547500060221,98.72455099820478,22.020846524179177,N,rapid
2530,44547500131,44547500130171,98.54522005028105,22.72902472329567,N,rapid
2531,44547600061,44547600060071,99.06801191609134,23.57678786166736,A,low head
2532,44547700021,44547700020191,98.60481373285938,23.45992294733982,N,rapid
2533,44547700121,44547700120531,98.77348991506317,24.132356758624308,N,rapid
2534,44547700121,44547700120721,98.81039235020974,24.13533343788453,N,rapid
2535,44547700131,44547700130241,98.89104479209028,24.16477384212285,N,rapid
2536,44547700241,44547700240861,98.86699333268211,24.99698062773709,N,rapid
2537,44547700261,44547700260511,98.85123470373848,25.22842858361982,N,rapid
2538,44547700261,44547700260731,98.85068475184156,25.26411583620591,N,rapid
2539,44547700421,44547700420471,98.8792441036636,26.837474826341587,N,rapid
2540,44547700441,44547700440391,98.86899603533402,27.005128335979464,N,rapid
2541,44547700451,44547700450281,98.87268422966498,27.0685120335836,N,rapid
2542,44547700451,44547700450401,98.8726962263182,27.089774116717194,N,rapid
2543,44547700481,44547700480141,98.87165303627584,27.29128565629579,N,rapid
2544,44547700481,44547700480401,98.85336234999652,27.32986313930921,N,rapid
2545,44547700491,44547700490451,98.82109202684693,27.422589125020966,N,rapid
2546,44547700501,44547700500211,98.83451871073328,27.459575389252723,N,rapid
2547,44547700501,44547700500441,98.82917522991428,27.498840539572445,N,rapid
2548,44547700521,44547700520441,98.73107916245236,27.63329015280267,N,rapid
2549,44547700541,44547700540171,98.66996303759224,27.7410834071772,N,rapid
2550,44547700541,44547700540451,98.68193506073,27.78809972654568,N,rapid
2551,44547700631,44547700630101,98.59368643178829,28.045958310843705,N,rapid
2552,44582200141,44582200140141,93.74024717661176,22.915991102270866,N,rapid
2553,44582200141,44582200140411,93.73163897837706,22.94725809765883,N,rapid
2554,44582200151,44582200150291,93.65750187077164,22.973444326761363,N,rapid
2555,44582200191,44582200190521,93.66516896178383,23.56996889956273,N,rapid
2556,44582900041,44582900040241,96.62826794080152,26.694328270893457,N,rapid
2557,44582900271,44582900270241,96.49577110659312,27.099413431159267,N,rapid
2558,44582900271,44582900270361,96.51525403032107,27.105633746894068,N,rapid
2559,44586000221,44586000220091,97.06152872546484,23.43747413587161,N,rapid
2560,44586000231,44586000230781,97.24693677349818,23.638088884648024,N,rapid
2561,44586000241,44586000240371,97.32254963544251,23.680833752099147,N,rapid
2562,44586000241,44586000240811,97.39106086636389,23.66817794771213,N,rapid
2563,44586000421,44586000420091,98.27585581619788,24.495524277210155,A,low head
2564,44587600161,44587600160101,97.94771848460232,24.683173263451778,A,low head
2565,44587600191,44587600190331,98.117229794592,24.82099925938181,N,rapid
2566,44587900101,44587900100481,97.6286501768208,25.11667941434261,N,rapid
2567,44588000031,44588000030701,97.59748385839325,26.036906516114986,N,rapid
2568,44588000051,44588000050211,97.77308157645886,26.15623577608456,N,rapid
2569,44588000121,44588000120061,97.95107736547754,26.547357333136,N,rapid
2570,44588000181,44588000180311,97.75329786361412,26.67522318426476,N,rapid
2571,44588000251,44588000250191,97.67734078045385,27.201465583821687,N,rapid
2572,44588000481,44588000480091,97.41468720016822,27.547563632351405,N,rapid
2573,44589000051,44589000050561,97.91605827955092,25.70160192947707,N,rapid
2574,44589000061,44589000060491,97.99445098176896,25.76571199450685,N,rapid
2575,44589000061,44589000060721,98.03423537422007,25.784482528081195,N,rapid
2576,44589000071,44589000070091,98.0693185170594,25.82442232885232,N,rapid
2577,44589000071,44589000070211,98.0833416034519,25.84049340987336,N,rapid
2578,44589000071,44589000070451,98.10644473950433,25.870493840125835,N,rapid
2579,44589000071,44589000070771,98.13524660679995,25.915168577940385,N,rapid
2580,44589000081,44589000080281,98.16371774858426,25.985899804962084,N,rapid
2581,44589000081,44589000080471,98.1746046387254,26.016300701099137,N,rapid
2582,44589000081,44589000080731,98.18730914767836,26.059306773573013,N,rapid
2583,44589000101,44589000100521,98.27338538538316,26.29786534513852,N,rapid
2584,44589000111,44589000110061,98.28978445557486,26.32517003606356,N,rapid
2585,44589000111,44589000110411,98.29314044312282,26.38437169380159,N,rapid
2586,44589000131,44589000130281,98.30663167214514,26.538966948897144,N,rapid
2587,44589000141,44589000140101,98.33375424796934,26.584158950951345,N,rapid
2588,44589000141,44589000140391,98.34597334775592,26.63043372704595,N,rapid
2589,44589000161,44589000160181,98.382618084067,26.753432627730536,N,rapid
2590,44589000221,44589000220121,98.28622284891873,26.05630817813365,N,rapid
2591,45100200081,45100200080361,93.50208776233296,20.875594657504035,N,rapid
2592,45100400181,45100400180401,92.90604882103798,22.37528754044639,N,rapid
2593,45100400191,45100400190751,92.93531344780138,22.507154194670456,N,rapid
2594,45100400251,45100400250351,93.13428001929948,22.614479432817387,N,rapid
2595,45100500781,45100500780501,92.64796137840852,20.88120087498743,A,low head
2596,45220401561,45220401560631,92.3571177031952,25.102529029584748,N,rapid
2597,45241200651,45241200650091,88.66473030426822,25.864178975738696,A,dam
2598,45242200391,45242200390381,85.46997641230726,27.115896194386487,A,low head
2599,45242500271,45242500270431,87.16767951264806,26.900402454830576,N,rapid
2600,45242600041,45242600040471,86.73968382972102,27.03224193418845,N,rapid
2601,45242600051,45242600050261,86.649551566552,27.12955304416105,N,rapid
2602,45242600051,45242600050381,86.6269807284158,27.1350996805572,N,rapid
2603,45242600101,45242600100281,86.58320221146958,27.225712003141663,N,rapid
2604,45242600131,45242600130161,86.41821989845268,27.164058123268244,N,rapid
2605,45242600161,45242600160281,86.26649636072466,27.256514804744068,N,rapid
2606,45242600271,45242600270381,86.08771216639938,27.42777147426449,N,rapid
2607,45242600311,45242600310431,85.77655291745667,27.54304266824628,N,rapid
2608,45242700031,45242700030091,87.18301620230991,27.070211136230107,N,rapid
2609,45242700031,45242700030381,87.21608290492203,27.10388546424466,N,rapid
2610,45243400191,45243400190501,86.29514708860292,24.866322540313337,A,dam
2611,45243600841,45243600840201,84.29983666827242,27.79361553198357,N,rapid
2612,45243600921,45243600920511,83.57040740988951,27.94276799993329,N,rapid
2613,45243600951,45243600950151,83.35452216535468,28.06493220141117,N,rapid
2614,45243601101,45243601100481,84.62753018549984,27.874752625079093,N,rapid
2615,45243601121,45243601120171,84.72870285083695,27.79862947420188,N,rapid
2616,45243601221,45243601220131,84.80572763762142,27.816821625260257,N,rapid
2617,45243601221,45243601220371,84.83486135661074,27.81400603353521,N,rapid
2618,45243800791,45243800790331,83.29175767643758,24.209219931602835,A,low head
2619,45243800841,45243800840591,83.58633708189045,23.882812622360973,N,rapid
2620,45243801291,45243801290321,81.93637509174266,24.22047232097357,N,waterfall
2621,45243801411,45243801410601,82.12753020803073,24.50521518216542,A,low head
2622,45243801821,45243801820101,81.41103863486953,23.41801503460733,A,low head
2623,45243802141,45243802140501,83.03805379308614,23.460924997627988,N,rapid
2624,45243802491,45243802490361,81.19108610324268,23.13701288407972,N,waterfall
2625,45243802501,45243802500211,81.20965765563928,23.120187422946383,N,rapid
2626,45243802501,45243802500441,81.23979271462576,23.10835608981916,N,rapid
2627,45243802811,45243802810131,80.65046719610017,23.87151040726729,N,rapid
2628,45243803401,45243803400171,84.32516147361508,23.51466536758073,N,rapid
2629,45243803461,45243803460231,82.94168101026891,23.21036781545813,A,low head
2630,45243803661,45243803660151,82.188733384701,23.84239195757098,N,rapid
2631,45244400521,45244400520361,80.25670315162941,29.18819578282187,N,rapid
2632,45244400551,45244400550151,80.30523244953231,29.322581038964785,N,rapid
2633,45244400701,45244400700271,79.8845202343514,29.72322472516221,N,rapid
2634,45244500381,45244500380631,81.27167917467035,28.726274272997685,N,rapid
2635,45244600011,45244600010071,81.27094458972965,28.743200001701275,N,rapid
2636,45244600111,45244600110161,81.96265368678424,28.450737813880533,N,rapid
2637,45244600121,45244600120131,82.02480642413758,28.49846583368468,N,rapid
2638,45244600231,45244600230181,82.29778001629948,28.78515615280695,N,rapid
2639,45244600261,45244600260271,82.53751140241687,28.97575227117962,N,rapid
2640,45244700031,45244700030071,81.19885339571185,28.8581386137361,N,rapid
2641,45244700041,45244700040481,81.13822885772376,28.872322235094625,N,rapid
2642,45244700061,45244700060191,81.03396916117029,28.899169327441783,N,rapid
2643,45244800031,45244800030351,81.0355884490974,29.18864785574779,N,rapid
2644,45244800041,45244800040231,80.98312607919858,29.221667505085,N,rapid
2645,45244800041,45244800040371,80.96660917617568,29.231210974781938,N,rapid
2646,45244900081,45244900080591,81.44861115813995,28.94034313010356,N,rapid
2647,45244900141,45244900140311,81.61302245332192,29.1741261451124,N,rapid
2648,45244900171,45244900170441,81.72351167441435,29.38825752576852,N,rapid
2649,45244900181,45244900180301,81.70859958717548,29.447632167394445,N,rapid
2650,45244900221,45244900220371,81.89187025345866,29.66856412602177,N,rapid
2651,45245800031,45245800030471,81.93232976444276,25.16858270308806,N,rapid
2652,45245800061,45245800060281,81.76789054215062,25.0543186090708,A,low head
2653,45246700181,45246700180371,78.39834883679117,28.191891371951616,A,dam
2654,45246700451,45246700450441,78.59239334953737,30.084558566946388,N,rapid
2655,45246800021,45246800020441,78.509244490614,30.25511224557214,N,rapid
2656,45246900071,45246900070401,79.21717772047984,30.261454539589323,A,low head
2657,45247200631,45247200630871,79.78604620696657,24.118000360483013,A,low head
2658,45247201521,45247201520361,80.3586431637204,24.198005362289614,A,dam
2659,45247400431,45247400430191,79.34310695496482,24.89165804836395,A,low head
2660,45247400741,45247400740131,79.05467810413704,25.735847661969984,A,dam
2661,45247400811,45247400810761,78.1714606086574,24.87418099940948,N,rapid
2662,45247401061,45247401060341,78.16412668007347,24.39499754019609,A,dam
2663,45247401111,45247401110081,78.04162493950247,24.104598647494395,A,low head
2664,45247401231,45247401230441,78.2186849168197,24.067521242182263,N,rapid
2665,45247401311,45247401310231,78.38722525566386,23.751983269206825,A,dam
2666,45247401431,45247401430401,78.60337292995531,25.30865068914545,N,rapid
2667,45247401431,45247401430661,78.5900998474731,25.26535485951372,N,rapid
2668,45247401831,45247401830171,79.28616143142403,24.66919718934255,A,low head
2669,45247801711,45247801710061,77.6687954436274,25.17128514956984,A,low head
2670,45247801751,45247801750091,77.56377292189386,24.86908299345974,A,low head
2671,45247801781,45247801780071,77.49202834740301,24.654717088993102,A,dam
2672,45247802261,45247802260111,77.78064337959337,25.857103919531653,N,waterfall
2673,45248100231,45248100230351,77.10247711003902,26.188445305737385,N,rapid
2674,45248100331,45248100330391,77.18058543239563,25.43039723272333,N,rapid
2675,45248100351,45248100350281,77.22297893999477,25.282100016267435,A,low head
2676,45248100351,45248100350441,77.21985653432974,25.25439077992974,A,low head
2677,45248100351,45248100350631,77.20984141960857,25.22421203407793,A,low head
2678,45248100391,45248100390621,76.99700556217373,26.1299777348717,N,rapid
2679,45248100571,45248100570671,77.38535032923599,26.35986098050712,N,rapid
2680,45248100581,45248100580221,77.31563170445885,26.32000541231576,N,rapid
2681,45248100761,45248100760731,77.64242095356991,26.484265394364453,N,rapid
2682,45248200051,45248200050571,76.39682214876346,26.18971652777614,A,dam
2683,45248200101,45248200100081,76.11957548824775,26.15544006926953,A,low head
2684,45248200101,45248200100481,76.0582889232768,26.127706761047914,A,low head
2685,45248400061,45248400060641,76.56831861485843,25.29511918026336,A,low head
2686,45248400321,45248400320661,76.6504621578355,25.31006740314646,A,low head
2687,45248500011,45248500010291,76.51430526159228,25.839071163529347,A,low head
2688,45248600011,45248600010181,76.26151973255791,25.66715502594356,A,low head
2689,45248800011,45248800010411,76.31435512557906,25.483284946787265,A,dam
2690,45248800021,45248800020441,76.30095631034055,25.320067604414906,A,low head
2691,45248800041,45248800040601,76.22855495474265,25.16016305954612,A,low head
2692,45248800041,45248800040701,76.21942370480683,25.14482503824968,A,low head
2693,45248800061,45248800060421,76.28525050671209,24.981194812747948,A,low head
2694,45248800071,45248800070171,76.34454380703788,24.98683808090956,A,low head
2695,45248800091,45248800090401,76.20304466157702,24.91402262514717,A,low head
2696,45248800111,45248800110141,76.22588526821728,24.8092701959039,A,bridge
2697,45248800131,45248800130131,76.18966544288389,24.674787956022293,A,low head
2698,45248800291,45248800290061,76.18351401128497,24.612392331652195,A,low head
2699,45248800291,45248800290221,76.18737338189013,24.58757375363803,A,bridge
2700,45248800291,45248800290741,76.24301304136802,24.520481621289903,A,low head
2701,45248800391,45248800390301,76.23217992383464,24.044163176577342,A,low head
2702,45248800391,45248800390551,76.2572260175189,24.01889911555983,A,low head
2703,45248800451,45248800450331,76.4991401130838,24.467226777490563,N,rapid
2704,45248800451,45248800450461,76.50096490863815,24.444724718109256,A,low head
2705,45248800551,45248800550261,76.68415437726921,24.32910042880203,A,low head
2706,45248800561,45248800560281,76.69835112812287,24.23853043168641,A,low head
2707,45248801091,45248801090191,76.44981405896102,23.332336936322168,A,low head
2708,45248801671,45248801670061,75.92092000411311,24.350479999298965,A,low head
2709,45248801671,45248801670231,75.91524084494318,24.321524468018097,A,low head
2710,45248802111,45248802110101,76.56673739250577,24.1076104932437,A,low head
2711,45248802111,45248802110251,76.57122536876673,24.083590030843474,A,low head
2712,45248900051,45248900050321,76.06708809049566,25.34063802311647,N,rapid
2713,45248900491,45248900490151,75.17987326462259,24.31720435550531,A,low head
2714,45248900491,45248900490391,75.13937970122919,24.33075862989053,A,low head
2715,45248900491,45248900490621,75.09946753934321,24.342477288780035,A,low head
2716,45248900571,45248900570091,75.23758781892366,24.188654736575334,A,low head
2717,45248900571,45248900570191,75.21809493524499,24.190092867074423,A,low head
2718,45248900731,45248900730081,75.53962160993264,23.87245179421305,A,low head
2719,45248900851,45248900850421,75.34416554720123,23.72340895226651,A,low head
2720,45248900871,45248900870301,75.35592567084043,23.642658522665084,A,low head
2721,45248900871,45248900870441,75.34966649755897,23.619097661307944,A,low head
2722,45248900971,45248900970381,75.6264713769704,23.685156721275074,A,low head
2723,45248900991,45248900990131,75.60631767297811,23.62521699206009,A,low head
2724,45248901011,45248901010221,75.64186972494953,23.54405349321781,A,low head
2725,45248901051,45248901050261,75.23608464085491,23.73054867476858,A,low head
2726,45248901051,45248901050591,75.22049380225174,23.698054410622703,A,low head
2727,45248901051,45248901050701,75.21841784041912,23.680805072534653,A,low head
2728,45248901111,45248901110171,75.70152260853328,23.32566150066076,A,low head
2729,45248901551,45248901550091,75.72141154032707,23.76941969830122,A,low head
2730,45248901871,45248901870361,74.98634460893791,24.02836489219448,A,low head
2731,45249900371,45249900370181,77.91582695038964,30.519860102966565,A,dam
2732,45249900411,45249900410171,77.46761799201194,30.586275000887024,A,dam
2733,45249900521,45249900520181,77.74627048312107,30.71954185602492,N,rapid
2734,45253000521,45253000520161,89.05081761059607,26.179443006171606,A,low head
2735,45254000361,45254000360331,89.93746517927953,26.78284380081794,N,rapid
2736,45254000381,45254000380421,89.98143485268344,26.85551053800324,N,rapid
2737,45254000391,45254000390401,90.02239726730905,26.913428130538623,N,rapid
2738,45254000721,45254000720101,89.90079745899511,27.46168134473062,N,rapid
2739,45255000271,45255000270211,90.36496262588209,26.592502398238025,A,dam
2740,45255000721,45255000720781,90.18477547609083,25.786136678621947,N,rapid
2741,45256500021,45256500020171,91.08629419189226,26.8786470664562,N,rapid
2742,45256600011,45256600010351,91.297016876167,27.069090718925704,N,rapid
2743,45256600061,45256600060451,91.55454070663929,27.35360514300697,N,rapid
2744,45258000351,45258000350121,92.82392141082822,25.741085568308787,N,rapid
2745,45258000351,45258000350741,92.78776877566976,25.662267006889504,N,rapid
2746,45258000361,45258000360101,92.75769873255042,25.62727312050264,N,rapid
2747,45258000361,45258000360301,92.75073180611332,25.61010386827755,N,rapid
2748,45259600151,45259600150291,92.8988297668751,27.228200464933472,N,rapid
2749,45259600151,45259600150451,92.89404140853053,27.25381014459371,N,rapid
2750,45259600161,45259600160191,92.91993177104662,27.281029453162528,N,rapid
2751,45259600171,45259600170341,93.01374633638056,27.31702007974029,N,rapid
2752,45259600221,45259600220501,92.82367029429396,27.286800548678773,N,rapid
2753,45260300081,45260300080141,94.25942502201174,27.55282210951356,A,dam
2754,45260300111,45260300110211,94.33294095058838,27.72588127918549,N,rapid
2755,45260400011,45260400010071,94.30682720161212,27.781598672243128,N,rapid
2756,45260400011,45260400010321,94.26024560619328,27.76850264876901,N,rapid
2757,45260400011,45260400010471,94.23178104508396,27.768465222304023,N,rapid
2758,45260400021,45260400020331,94.16314667846208,27.76988634877326,N,rapid
2759,45260400051,45260400050081,93.93486510764252,27.82935281112785,N,rapid
2760,45260400061,45260400060111,93.90081778545851,27.89308486143179,N,rapid
2761,45260400071,45260400070171,93.8558831221604,27.971853962318114,N,rapid
2762,45260500011,45260500010191,94.33115935379476,27.802895674538004,N,rapid
2763,45260500011,45260500010321,94.33968231536936,27.81666839737187,N,rapid
2764,45260500021,45260500020151,94.33136528754028,27.84473889074839,N,rapid
2765,45260500071,45260500070231,94.04961717882766,28.32904055833152,N,rapid
2766,45280500341,45280500340101,96.36560044826363,27.87525481996111,N,rapid
2767,45280700021,45280700020341,96.60011916883816,28.04169768343517,N,rapid
2768,45280700041,45280700040521,96.82983328425026,27.89067464230865,N,rapid
2769,45291000091,45291000090371,95.17994664632862,28.30137874384924,N,rapid
2770,45291000151,45291000150341,95.16799181513623,28.152403304460154,N,rapid
2771,45291000181,45291000180321,94.97986250055176,28.28601020159802,N,rapid
2772,45291000291,45291000290411,95.07003882820317,28.36975637030305,N,rapid
2773,45291000381,45291000380141,94.96477341525012,28.71404481191994,N,rapid
2774,45291000381,45291000380331,94.9357372803381,28.734403816391094,N,rapid
2775,45291000391,45291000390441,94.88800688049832,28.785512076713307,N,rapid
2776,45291000401,45291000400441,94.88184150013772,28.821795698980143,N,rapid
2777,45291000431,45291000430121,94.79913214028484,28.81555677726666,N,rapid
2778,45291000541,45291000540421,94.8238711895548,28.941998244149165,N,rapid
2779,45291000731,45291000730401,95.22001141953363,29.2689813455977,N,rapid
2780,45291000751,45291000750111,95.28521742992162,29.3277040856733,N,rapid
2781,45291000951,45291000950241,94.6775939349166,28.467339137111995,N,rapid
2782,45291001091,45291001090231,94.31815005172749,28.70539971910109,N,rapid
2783,45312000041,45312000040791,87.86611419743447,23.54918334800678,A,low head
2784,45312000431,45312000430331,86.53588511281544,24.477906317779915,A,dam
2785,45314500051,45314500050091,87.95944702592988,23.01863897061672,N,rapid
2786,45314700221,45314700220131,86.00939359274629,23.75613239091401,N,rapid
2787,45314800091,45314800090381,85.80231866354713,23.87479856128245,N,rapid
2788,45314900131,45314900130211,85.46422293775787,23.63977917071596,A,bridge
2789,45314900171,45314900170461,85.14066608892709,23.701537831584584,A,low head
2790,45318200131,45318200130121,86.01522702883004,21.42133997776283,A,dam
2791,45318200131,45318200130371,86.0026554257477,21.45398737094217,N,rapid
2792,45318200131,45318200130481,85.99205665837685,21.467005272514587,N,rapid
2793,45318200161,45318200160411,85.90668642780662,21.61992708265576,N,rapid
2794,45318200221,45318200220291,85.70284685036232,22.00158228796604,A,low head
2795,45318500151,45318500150221,84.87589400972453,21.95394524355063,N,rapid
2796,45318600191,45318600190241,84.32409941272421,23.03939379403913,N,waterfall
2797,45318700071,45318700070531,85.21555134272378,22.48685307496811,N,rapid
2798,45318900061,45318900060111,84.96744023591948,22.80729717031356,N,rapid
2799,45318900091,45318900090621,84.68144021556043,23.111414494009427,A,low head
2800,45321000241,45321000240431,84.21472258904656,20.75312489688228,A,low head
2801,45321000431,45321000430121,84.89115676355243,20.42189731491501,N,rapid
2802,45321000441,45321000440351,84.7572683246597,20.40019338067257,N,rapid
2803,45322000091,45322000090131,83.63839237945241,20.43908324171434,N,rapid
2804,45324000251,45324000250721,83.9256305341022,22.62843991816123,N,rapid
2805,45324000351,45324000350181,84.09886270065634,22.22148614428677,N,rapid
2806,45325000381,45325000380531,83.13369661492618,21.72248693493449,A,dam
2807,45326000071,45326000070201,82.62977496174481,22.06675922531064,A,low head
2808,45326000091,45326000090101,82.64294725099448,22.14091507268801,N,rapid
2809,45328000191,45328000190271,81.9661192651727,21.05784209616437,A,low head
2810,45328000201,45328000200141,81.91936138144037,21.01286207784519,A,low head
2811,45328000201,45328000200411,81.88387242081444,20.98614435941993,A,low head
2812,45329800211,45329800210561,81.58422600609332,21.332991923002908,A,low head
2813,45329900171,45329900170281,81.34409407879512,21.40124814370609,A,low head
2814,45329900191,45329900190941,81.27041493362495,21.23370726745213,A,bridge
2815,45329900201,45329900200321,81.23530906628157,21.198278011061607,A,low head
2816,45329900231,45329900230331,81.19965810121923,21.095737191796125,A,low head
2817,45329900511,45329900510211,80.84332189146816,20.93231733705144,A,low head
2818,45342000051,45342000050211,81.48541922212517,17.817985206073125,N,rapid
2819,45342000061,45342000060431,81.60099567422071,17.828911418436647,N,waterfall
2820,45342000061,45342000060661,81.63268356034534,17.833030472289757,N,rapid
2821,45342000121,45342000120071,81.47723186277973,17.986663299138147,N,rapid
2822,45342000151,45342000150251,81.52524154224922,18.25375413172052,N,rapid
2823,45342000161,45342000160221,81.5901354467376,18.29910301905386,N,rapid
2824,45342000161,45342000160341,81.60589165264777,18.307897327070545,N,rapid
2825,45342000171,45342000170271,81.65148471466257,18.33416490454752,N,rapid
2826,45342000221,45342000220061,81.83279084139066,18.55022275613744,N,rapid
2827,45342000231,45342000230221,81.90704865389817,18.62817870509055,N,rapid
2828,45342000241,45342000240651,82.05212826898338,18.58962217992827,N,rapid
2829,45342000251,45342000250071,82.07267651375946,18.585882582327663,A,low head
2830,45342000291,45342000290241,81.63889914936937,18.06460401298761,N,rapid
2831,45342000591,45342000590121,82.14313992344005,18.63731150392171,N,rapid
2832,45342000611,45342000610161,82.13247932798576,18.67730514737924,N,rapid
2833,45343000091,45343000090441,80.79793714291101,17.588543716145836,A,bridge
2834,45343000201,45343000200311,80.85887727563417,18.18473648107491,N,rapid
2835,45343000361,45343000360681,80.3935989248831,18.58809493862227,A,dam
2836,45344100061,45344100060801,80.32885768763721,19.068437062548472,N,rapid
2837,45344100071,45344100070661,80.38490344108749,19.17972620187,N,rapid
2838,45344400021,45344400020311,80.59082949484726,19.51961003287222,N,rapid
2839,45344400031,45344400030371,80.65633487808195,19.58066489695984,N,rapid
2840,45344400041,45344400040401,80.67142824271043,19.67246325004824,N,rapid
2841,45344400051,45344400050071,80.66959959097075,19.70261237602282,N,rapid
2842,45344400051,45344400050331,80.63720374387034,19.733667233662285,N,rapid
2843,45344400191,45344400190361,80.77919133630286,19.950472493728963,N,rapid
2844,45344500011,45344500010641,80.62458524198168,19.3051508859381,N,rapid
2845,45344500121,45344500120391,80.62637154779426,19.39855389820325,N,rapid
2846,45344500181,45344500180251,80.79097375160792,19.144262020415027,N,rapid
2847,45344700011,45344700010181,81.55403292551087,19.213059954236783,N,rapid
2848,45344700011,45344700010701,81.61246848733299,19.212331761202822,N,rapid
2849,45344700021,45344700020171,81.66909732279552,19.19085162997591,N,rapid
2850,45344700021,45344700020381,81.69985494792815,19.205946069614534,N,rapid
2851,45344800031,45344800030121,81.76215419140556,19.22071689044594,A,low head
2852,45344900461,45344900460241,82.79607700980296,19.059688253479568,N,rapid
2853,45346400021,45346400020161,79.78188520703468,19.72176271187068,N,rapid
2854,45346400241,45346400240391,79.94328487593368,20.19634339579497,A,low head
2855,45346400691,45346400690291,80.17426480942694,21.758140805685866,N,rapid
2856,45346400761,45346400760411,80.08543067463232,22.30348980161224,A,low head
2857,45346400881,45346400880241,79.36538848836985,21.17441155009477,N,rapid
2858,45346401031,45346401030711,78.95385301265664,21.45400348850527,A,dam
2859,45346401071,45346401070501,78.85850055642462,21.64420965118084,N,rapid
2860,45346401171,45346401170201,80.41740104945333,21.44260110071452,A,low head
2861,45346600171,45346600170061,78.25298471240286,20.63280928375846,N,waterfall
2862,45346700211,45346700210181,78.30704289321982,19.913950617762826,A,low head
2863,45346900021,45346900020331,78.08075676462245,19.89336952616416,A,low head
2864,45346900101,45346900100201,77.73595916999223,19.78852398216816,A,dam
2865,45346900151,45346900150371,77.60615806063214,19.890621059023463,A,low head
2866,45347100031,45347100030191,79.82274878792575,18.76554694669115,A,dam
2867,45347200021,45347200020111,79.80407183530563,18.61807889902077,A,low head
2868,45347200131,45347200130391,79.62322035344381,18.40783878363805,A,low head
2869,45347500061,45347500060651,78.58929442076692,18.99710649641437,N,rapid
2870,45349200441,45349200440301,76.33981998881698,19.94342510175611,A,low head
2871,45349200771,45349200770251,75.84412216776425,20.154784273014503,A,low head
2872,45349200971,45349200970211,76.77168113627955,19.693568932512804,A,low head
2873,45349300151,45349300150291,76.3936646531801,19.11088039242797,A,dam
2874,45349500071,45349500070191,75.95836786512116,19.29942460622259,A,dam
2875,45349800341,45349800340271,74.58686819285485,19.54069333519811,A,low head
2876,45349800351,45349800350161,74.50729317062128,19.52691140832476,A,dam
2877,45349800371,45349800370471,74.37004566717074,19.519971071833343,A,low head
2878,45349800491,45349800490571,74.37204618844878,19.32682325442201,N,rapid
2879,45349900161,45349900160381,74.3909904811173,19.91656650572737,A,bridge
2880,45349900561,45349900560201,73.94274066267276,20.149299607408324,A,low head
2881,45362000151,45362000150091,78.77992934282378,17.40235935466659,N,rapid
2882,45364400181,45364400180221,76.83722674279372,14.40915065227163,A,dam
2883,45364400221,45364400220231,76.87932247334741,14.281503784520126,A,low head
2884,45364400221,45364400220521,76.84194940958781,14.263429534996172,A,low head
2885,45364400231,45364400230201,76.77742092249566,14.205951728002953,A,low head
2886,45364400231,45364400230581,76.78697559122716,14.15762685381666,A,low head
2887,45364400231,45364400230701,76.78552384699519,14.137844450262296,A,low head
2888,45364400231,45364400230811,76.78455647277598,14.118465099523208,A,low head
2889,45364400241,45364400240091,76.7661950553434,14.100569568732343,A,low head
2890,45364400241,45364400240651,76.72585607892478,14.034023697895334,A,low head
2891,45364800021,45364800020331,75.58560759151185,14.92511224437929,A,bridge
2892,45364900181,45364900180461,75.71449041310629,14.14949184984706,A,low head
2893,45364900261,45364900260411,75.5678260520433,13.913247159417368,A,low head
2894,45364900411,45364900410591,75.38532118592704,13.248922621039942,N,rapid
2895,45365000071,45365000070221,77.77334965313051,16.30725110300755,A,dam
2896,45366100201,45366100200461,76.45390339847056,16.24313104163244,N,rapid
2897,45366400571,45366400570361,74.56604837324839,15.643396235530686,A,bridge
2898,45366600681,45366600680361,74.6087209678945,16.185458968588883,A,bridge
2899,45366700661,45366700660311,74.32816075619064,17.09493084421614,A,low head
2900,45366700741,45366700740401,74.18272951414683,16.716759322159092,A,low head
2901,45366700771,45366700770091,74.23249888417558,17.276180116943426,A,dam
2902,45366800071,45366800070291,74.10204239052896,17.46669065221393,A,low head
2903,45366800161,45366800160481,74.12864720781131,17.641895512735275,A,dam
2904,45367000181,45367000180081,76.82841806788974,17.043678255791985,A,low head
2905,45367000351,45367000350081,76.93525714661003,17.061686978025993,A,low head
2906,45367000351,45367000350291,76.9498762691784,17.09452522898283,A,low head
2907,45367000371,45367000370311,77.00603883505417,17.171640244664534,A,bridge
2908,45367000371,45367000370611,77.0403668947766,17.190982520789145,A,bridge
2909,45367001991,45367001990071,77.45632986682043,17.26149347861278,A,dam
2910,45367001991,45367001990171,77.46912519142411,17.255519738673545,A,low head
2911,45367001991,45367001990441,77.51182076460336,17.26731024705095,A,low head
2912,45367001991,45367001990581,77.53282871731457,17.256814880105743,A,low head
2913,45369100011,45369100010221,75.88660061297652,17.416098947588296,A,bridge
2914,45369100021,45369100020171,75.85480152411246,17.402815862054506,A,bridge
2915,45369100041,45369100040341,75.73911714896899,17.41642002050162,A,dam
2916,45369100071,45369100070171,75.6569531075235,17.535077589552703,A,low head
2917,45369100081,45369100080281,75.54354596387036,17.600770845890626,A,low head
2918,45369100081,45369100080451,75.51216091445804,17.60071911717549,A,bridge
2919,45369300051,45369300050151,75.39566944249371,17.691962166191466,A,low head
2920,45369300071,45369300070701,75.1945227412957,17.763462963839135,A,bridge
2921,45369300101,45369300100191,75.13431927067977,17.867278783061312,A,dam
2922,45369300111,45369300110281,75.19860591888728,17.940645145599074,A,bridge
2923,45369400051,45369400050401,74.93862032232298,17.940230774585242,A,low head
2924,45369400051,45369400050571,74.9080227631447,17.94443072822922,A,bridge
2925,45369400061,45369400060511,74.85869952278252,17.96974551332768,A,low head
2926,45369400081,45369400080421,74.81299317638114,18.000546602239897,A,low head
2927,45369400081,45369400080571,74.79166698103973,18.00738874961891,A,bridge
2928,45369400101,45369400100231,74.70495735306694,18.03461400016015,A,bridge
2929,45369400101,45369400100551,74.6665403924271,18.06857057597849,A,bridge
2930,45369400161,45369400160351,74.49890537745206,18.059226134118934,A,low head
2931,45369400211,45369400210101,74.3693433400213,18.082345826387108,A,bridge
2932,45369400211,45369400210571,74.30229055914508,18.06671815552739,A,low head
2933,45369400221,45369400220551,74.19382726636226,18.105373417466307,A,bridge
2934,45369400221,45369400220831,74.15124431819827,18.11879062264904,A,bridge
2935,45369500041,45369500040121,75.04908060338187,18.017614210363984,A,bridge
2936,45369600281,45369600280261,74.36309122858864,18.838704086070216,A,bridge
2937,45369600421,45369600420161,74.20398427655775,19.00538657612398,A,low head
2938,45369600421,45369600420381,74.17965658405365,19.02592967327184,A,low head
2939,45369600481,45369600480321,74.08555854745967,19.13015101719372,A,low head
2940,45369600481,45369600480491,74.06726284098784,19.149307111105347,A,low head
2941,45369600671,45369600670211,74.20170634413249,18.915086521179465,A,bridge
2942,45369600781,45369600780271,74.11832567679986,18.980182909312223,A,bridge
2943,45369900011,45369900010351,74.31136650168045,18.60570679818524,A,low head
2944,45369900531,45369900530131,73.90483384844414,18.814236068017035,A,bridge
2945,45374100071,45374100070561,79.7531302633867,14.578257855136677,A,dam
2946,45374600341,45374600340651,78.61555912286191,14.901592559096343,N,rapid
2947,45374700051,45374700050321,78.25021072072383,14.8072429376199,A,dam
2948,45380100011,45380100010781,78.68258161495636,10.850146306389597,A,low head
2949,45380100021,45380100020541,78.23223840416252,10.960934226909837,A,low head
2950,45380100221,45380100220421,78.57904200026749,10.885007373793607,A,dam
2951,45380200081,45380200080521,77.90908377202112,10.808655350041311,A,low head
2952,45380200121,45380200120201,77.82411019315143,10.855805853890216,A,low head
2953,45380400041,45380400040301,77.40528346422141,11.493186026577092,N,rapid
2954,45380500331,45380500330221,77.62948229137129,12.201792614360937,N,rapid
2955,45380500331,45380500330331,77.61188760551306,12.20579074321009,N,rapid
2956,45380500341,45380500340211,77.54006869168893,12.201581990170643,N,rapid
2957,45380500421,45380500420321,77.28838796354945,12.30343690735498,N,rapid
2958,45380600121,45380600120081,76.99910805259218,12.774327034554,A,dam
2959,45380600121,45380600120301,76.97489809352012,12.799029377149909,A,low head
2960,45380600131,45380600130251,76.91048057439052,12.8237939192008,A,low head
2961,45380900211,45380900210221,76.35118150754305,12.364494433669664,A,low head
2962,45380900221,45380900220421,76.2869598686198,12.345573573613258,A,dam
2963,45380900321,45380900320601,76.37577400381967,12.73242325541944,A,low head
2964,45380900331,45380900330241,76.33527644316558,12.787246972576478,A,low head
2965,45380900331,45380900330581,76.36653476808506,12.807455917129834,N,rapid
2966,45380900341,45380900340451,76.28809056528023,12.816212749964468,A,low head
2967,45380900341,45380900340561,76.26956217435738,12.814070995284364,A,low head
2968,45380900611,45380900610521,75.84827947169123,12.30466691097893,N,rapid
2969,45390800011,45390800010791,78.01833221158178,8.61836261294322,A,low head
2970,45390800111,45390800110101,77.61712804931376,8.690574239110786,A,low head
2971,45402000201,45402000200311,76.50544351445693,10.288543011608924,N,rapid
2972,45402000211,45402000210291,76.57033511289823,10.284600286722611,N,waterfall
2973,45402000221,45402000220141,76.59396331268697,10.301301366058803,N,waterfall
2974,45403200261,45403200260131,76.27055153135726,10.752604442861545,A,low head
2975,45403200271,45403200270471,76.39211957742441,10.756310846286048,A,low head
2976,45403200381,45403200380081,76.45022064895204,10.750879591571032,A,low head
2977,45403200401,45403200400081,76.50078705724533,10.770036676293302,A,low head
2978,45403200611,45403200610241,76.53441300059374,10.655419046386047,A,low head
2979,45403301001,45403301000171,75.0785005019901,12.482384853428483,A,low head
2980,45403600141,45403600140181,73.26895677126983,19.31155788313792,A,low head
2981,45403600231,45403600230311,73.21251484378992,19.35575850104701,A,low head
2982,45403600231,45403600230891,73.25947882964462,19.394129379676325,N,rapid
2983,45403600441,45403600440361,73.29080457944134,19.1202456958652,A,bridge
2984,45403800301,45403800300131,72.94159481843498,19.68571294539577,A,low head
2985,45403800721,45403800720411,73.1330209747804,19.63403092008878,A,low head
2986,45403800741,45403800740071,73.17940718633888,19.654903950880257,A,low head
2987,45403901841,45403901840281,73.23138688439427,20.430690199388884,A,low head
2988,45403902371,45403902370291,73.29866124608895,20.88297705137009,A,low head
2989,45403903091,45403903090091,73.06225787774011,20.5984065904924,A,low head
2990,45403903311,45403903310071,73.46182141633756,20.816535104182748,A,low head
2991,45403903971,45403903970121,73.11633505759607,20.400434539917825,A,low head
2992,45404100111,45404100110521,73.20596882979392,21.219554501036125,A,bridge
2993,45404100371,45404100370091,74.72252968358829,21.21369158897381,A,low head
2994,45404200031,45404200030201,74.86944223044144,21.078987507839333,A,low head
2995,45404200471,45404200470151,74.3229686122043,20.96858800745244,A,low head
2996,45404400451,45404400450311,74.52094908849439,20.53560138183489,A,low head
2997,45404400451,45404400450431,74.50006500618261,20.541977772464787,A,low head
2998,45404500041,45404500040451,75.68982071449797,21.09723303844714,A,dam
2999,45404800071,45404800070551,76.3755492151491,20.946838769210213,A,bridge
3000,45404800171,45404800170251,77.19454727284794,20.85366763647372,A,low head
3001,45404900101,45404900100291,76.38165587041651,21.418473599528227,A,low head
3002,45404900121,45404900120401,76.50114426073947,21.436342355020862,N,rapid
3003,45404900211,45404900210101,78.01692345140518,21.67074873475323,A,dam
3004,45404900481,45404900480131,77.81398456391123,21.756554934134968,A,dam
3005,45404900511,45404900510371,77.93191793476988,21.72582937993912,A,dam
3006,45406100321,45406100320141,74.74033854884583,21.96026879837732,A,low head
3007,45406100441,45406100440411,74.98361360385775,21.81766190083163,A,low head
3008,45406100851,45406100850071,75.21583424903548,21.862785463788168,A,low head
3009,45406101851,45406101850331,76.02456895537016,22.222671412982447,A,low head
3010,45406102991,45406102990071,75.12232566959354,22.18638064306405,A,low head
3011,45406102991,45406102990201,75.10161183055358,22.195853839892337,A,low head
3012,45406200521,45406200520151,76.47400502391773,21.82423428188895,A,low head
3013,45406300831,45406300830291,77.43803151497706,22.62709623888801,N,rapid
3014,45406300841,45406300840281,77.51546353406181,22.65165216342629,N,rapid
3015,45406300851,45406300850451,77.61311610107165,22.73417681850681,N,rapid
3016,45406300861,45406300860361,77.68561189052937,22.758435092158457,A,low head
3017,45406400221,45406400220381,77.98085514293959,22.17660404004382,A,low head
3018,45406500301,45406500300371,78.68450639847931,22.66766885058879,N,waterfall
3019,45406500481,45406500480181,79.09404515824633,23.04179375148848,N,rapid
3020,45406500501,45406500500161,79.2841508456214,23.089434682535643,N,rapid
3021,45406600011,45406600010241,79.35432943987361,23.141951064034924,N,rapid
3022,45406600011,45406600010681,79.42271051531783,23.173337213258645,N,rapid
3023,45406700511,45406700510131,80.35781536608052,22.604939991446106,A,low head
3024,45406900131,45406900130471,80.69828722468309,23.00037421924465,N,rapid
3025,45406900161,45406900160131,80.85953670642624,23.04619087210608,N,rapid
3026,45406900161,45406900160381,80.88972502731323,23.013839092820778,N,rapid
3027,45406900161,45406900160641,80.89662754256035,22.98425020789045,N,rapid
3028,45406900331,45406900330421,80.95942623750864,22.936627063591217,A,bridge
3029,45406900391,45406900390301,81.13733035280826,22.940448214173056,N,rapid
3030,45408100081,45408100080131,73.05862508567596,22.33237990036195,A,low head
3031,45408100111,45408100110341,73.19178195636228,22.606877875894043,A,low head
3032,45408700101,45408700100371,74.53101179484267,23.71728205309117,N,rapid
3033,45408900491,45408900490311,74.97979299089425,22.726082144905604,A,low head
3034,45642600591,45642600590361,75.67967917805674,32.39246926852847,A,dam
3035,45642800441,45642800440131,73.71211078680612,33.09223688660082,A,dam
3036,45642800581,45642800580211,73.58919990977891,33.86307936561286,N,rapid
3037,45642900091,45642900090131,73.96805297611418,32.40898084566588,A,dam
3038,45642900291,45642900290601,74.41115002364283,32.9827633027827,N,rapid
3039,45642900491,45642900490521,75.31237459951191,33.16909929180965,N,rapid
3040,45642901331,45642901330241,74.94019286911451,32.792090102679644,N,rapid
3041,45645000141,45645000140201,72.24834315594188,29.72753033718657,A,bridge
3042,45646000271,45646000270331,76.44213713945841,31.80600759569926,A,dam
3043,45646000411,45646000410131,77.11802239217522,31.69103604385872,A,dam
3044,45647000791,45647000790101,76.57031507052899,31.17502431185209,A,dam
3045,45647000791,45647000790361,76.55115320821137,31.21665592741336,A,dam
3046,45647000801,45647000800221,76.4931672734819,31.2720122906636,A,dam
3047,45647002481,45647002480141,77.2112329650041,31.249167243825724,N,rapid
3048,45647002491,45647002490501,77.33790168359505,31.30690361831692,N,rapid
3049,45656000101,45656000100091,70.53876917482563,33.061253079621856,A,dam
3050,45656000211,45656000210491,70.39892791170406,33.17070066416161,A,dam
3051,45660300051,45660300050451,71.35718370061323,34.16370861367388,A,dam
3052,45660700071,45660700070581,71.54258810076422,35.28892816683149,N,rapid
3053,45670300571,45670300570241,74.25444397062901,35.41927402055279,N,rapid
3054,45670300591,45670300590151,74.39128346651076,35.41475031160564,N,rapid
3055,45800100251,45800100250431,80.9815852857464,7.210282385494943,N,rapid
3056,46160700171,46160700170271,66.36376187161672,39.92394074200671,A,dam
3057,46160700221,46160700220431,66.87263371320904,39.74601418968018,A,low head
3058,46160700231,46160700230451,66.98784853367883,39.70901450270197,A,low head
3059,46160700301,46160700300061,67.40590155906133,39.539375988643485,A,dam
3060,46160700491,46160700490171,67.28842663711134,39.55380733243713,A,low head
3061,46174000011,46174000010371,66.87120382803579,36.6658937689288,A,dam
3062,46174000161,46174000160621,66.77310249929278,35.58407297403652,N,rapid
3063,46174000181,46174000180471,66.53976576785874,35.49227899032257,N,rapid
3064,46177400021,46177400020291,67.39567243174018,37.34560833003432,A,dam
3065,46178100021,46178100020371,68.32370883907512,36.98618383006784,A,low head
3066,46178300171,46178300170331,68.67629734666062,36.1259337057379,A,low head
3067,46192000081,46192000080061,69.91569368190333,36.91630923146037,N,rapid
3068,46192000091,46192000090341,70.06787693322926,36.98554149162196,N,rapid
3069,46192000171,46192000170651,70.599409281852,37.06338261079871,A,dam
3070,46195000171,46195000170541,70.38079652015053,38.05953026748457,N,rapid
3071,46214000041,46214000040171,68.44491991638438,42.690692491993765,A,dam
3072,46261700081,46261700080171,73.80352098842056,43.52123498883124,A,dam
3073,46300200091,46300200090471,80.9612454727021,45.97877514790326,N,rapid
3074,46326000331,46326000330301,78.46978930426495,44.74866224834433,N,rapid
3075,46326000351,46326000350071,78.23908185767273,45.03921152357309,N,rapid
3076,46327800321,46327800320481,80.51672788035239,45.585959543230594,N,rapid
3077,46393000181,46393000180061,78.48534078849627,43.262804698516696,N,rapid
3078,47120600031,47120600030201,86.13834604349601,44.30202536695489,A,bridge
3079,47120600061,47120600060721,85.95502952253433,43.982455962946766,A,dam
3080,47340700371,47340700370451,99.7915721837964,39.40517937797608,A,low head
3081,48201800081,48201800080391,96.88130428109162,40.43014579637052,A,bridge
3082,48220700051,48220700050181,86.46015524748145,42.0909570129891,A,dam
3083,48238500061,48238500060131,82.68967037017379,41.69411349042499,A,dam
3084,48238500081,48238500080901,82.44747759557772,41.7452767474022,A,dam
3085,48249900321,48249900320771,81.51649732642461,36.246009308982806,A,dam
3086,48270200111,48270200110061,80.10178795987574,41.18046744632024,A,dam
3087,48295011311,48295011310411,77.710533167701,39.17145139602728,A,dam
3088,48297011511,48297011510291,76.69531820791897,37.8859437205458,A,dam
3089,48297011531,48297011530191,76.4617417708386,37.9594805679019,A,dam
3090,51111300201,51111300200071,101.2382460112318,-2.448072867702741,A,low head
3091,51115900251,51115900250141,99.30062308067625,3.0728027931547155,N,rapid
3092,51120000191,51120000190891,100.2220243978592,0.5420902495326062,N,rapid
3093,51150400171,51150400170131,101.07769044894718,-0.5780117733813118,N,rapid
3094,51150400181,51150400180331,100.9971559121958,-0.6343259029691055,N,rapid
3095,51150400191,51150400190061,100.96455597615382,-0.6459374834542763,N,rapid
3096,52120800011,52120800010551,114.03417066074336,-0.0742866122935952,N,rapid
3097,52120800021,52120800020081,113.98741799454392,-0.1262889394529043,N,rapid
3098,52120800021,52120800020231,113.96157122884824,-0.1280576508075041,N,rapid
3099,52134000281,52134000280131,112.95154952049305,-1.4131854695940125,N,rapid
3100,52134000311,52134000310131,112.75448790502378,-1.2894456135258003,N,rapid
3101,52137000171,52137000170071,111.98480655017218,-1.52012626625474,N,rapid
3102,52140901561,52140901560541,113.62966335448417,0.9823209215989352,N,rapid
3103,52140901581,52140901580421,113.70559986147865,1.1241403347143455,N,rapid
3104,52160700281,52160700280341,113.76311577780054,2.779701562260992,N,rapid
3105,52173400071,52173400070161,115.78970155117872,5.340562210540377,A,low head
3106,52173400081,52173400080541,115.87658736951452,5.18215725423936,N,rapid
3107,52173600171,52173600170431,117.0673306910961,6.105940961603944,N,rapid
3108,52174000111,52174000110651,117.43233232343648,5.07327499124851,N,rapid
3109,52174000111,52174000110881,117.40363225764372,5.05086240202268,N,rapid
3110,52175800231,52175800230491,116.25892736745514,4.522993289884249,N,rapid
3111,52178000191,52178000190291,116.41741126287008,2.5363163386642613,N,rapid
3112,52178000271,52178000270161,116.06481466425691,2.05266016547386,N,rapid
3113,52178000371,52178000370441,115.3244886179594,2.0541322994963576,N,rapid
3114,52178000791,52178000790121,116.01119023230775,2.5023043620633203,N,rapid
3115,52180400331,52180400330341,115.878259621658,0.8169499525125475,N,rapid
3116,52180700251,52180700250761,115.04920408883748,0.7141667117587894,N,rapid
3117,52402800741,52402800740071,124.7444553268242,7.691535564323562,N,rapid
3118,52402800831,52402800830391,124.62587687130024,6.674058184639236,A,low head
3119,52404400071,52404400070261,122.84708806379037,9.970294303339006,A,low head
3120,52409200221,52409200220141,121.01071359046136,15.34927916752978,A,low head
3121,52409200421,52409200420381,120.92436227831818,15.35605501914739,N,rapid
3122,52409200691,52409200690391,121.07494839337892,14.909575563957434,N,rapid
3123,52409700071,52409700070631,121.36857284327954,18.198180893095216,A,low head
3124,52409800431,52409800430381,121.76856480549569,17.6304862040499,N,rapid
3125,52409801131,52409801130201,121.78209145869651,16.522719455393773,N,rapid
3126,52409801131,52409801130541,121.83263089360892,16.539877590410807,N,rapid
3127,52409801131,52409801130641,121.85022256640838,16.536166235169492,N,rapid
3128,52409801151,52409801150251,121.84785107965804,16.430493593275607,N,rapid
3129,52409801201,52409801200431,122.05984251606029,16.835857957577534,N,rapid
3130,52409801201,52409801200641,122.07577247013349,16.827276334599194,N,rapid
3131,52409801211,52409801210221,122.03325638725752,16.783162208483322,N,rapid
3132,52501300371,52501300370231,119.0890889890879,-2.5555877632349784,A,dam
3133,52501500041,52501500040581,121.5054304904568,-1.128542248597856,N,rapid
3134,53110600251,53110600250211,146.1092483588458,-7.805008323785883,N,rapid
3135,53120300111,53120300110241,144.86977285375053,-6.755405511221269,N,rapid
3136,53120500021,53120500020401,144.46894763451462,-6.572196242573891,N,rapid
3137,53120600051,53120600050191,144.35654226375183,-6.241783176167829,N,rapid
3138,53120700071,53120700070101,145.1706818447498,-6.414504996588489,N,rapid
3139,53130200291,53130200290411,143.60720189364082,-6.640305111503404,N,rapid
3140,53130200441,53130200440311,142.97081453280853,-6.356627281631326,N,rapid
3141,53153000051,53153000050411,140.19860704393577,-7.743275440285018,N,rapid
3142,53158000341,53158000340901,139.26109497474894,-4.716459404587334,N,rapid
3143,53159600201,53159600200351,132.58986173539276,-1.2677539881853928,N,rapid
3144,53159700351,53159700350191,131.78014254703763,-1.1304766241628144,N,rapid
3145,53159900161,53159900160191,136.59186415453408,-2.4615205947624785,N,rapid
3146,53160200101,53160200100211,138.05083848610244,-2.7567720764719748,N,rapid
3147,53180400131,53180400130281,143.92410263113015,-4.861139072567278,N,rapid
3148,53180600371,53180600370341,143.4990949632411,-4.840872329288541,N,rapid
3149,53190700081,53190700080211,147.6885209224364,-8.620731813027264,N,rapid
3150,56220900891,56220900890131,126.0191339005254,-17.63172243446286,N,rapid
3151,56234000091,56234000090331,126.99556850043736,-14.675435004449218,N,rapid
3152,56234000101,56234000100361,126.94477545246006,-14.733546643537409,N,waterfall
3153,56234000131,56234000130271,126.91935265068896,-15.042213380290942,N,rapid
3154,56234000131,56234000130751,126.95627959594935,-15.097588288194109,N,rapid
3155,56234000141,56234000140391,126.91830477332532,-15.161004916939063,N,rapid
3156,56234000141,56234000140851,126.87709140003456,-15.209386247234432,N,rapid
3157,56235000031,56235000030131,127.6218255491996,-14.515391596083177,N,rapid
3158,56235000071,56235000070561,127.65918089457072,-14.849275950637248,N,rapid
3159,56235000161,56235000160331,127.33191304850077,-14.445315757218232,N,rapid
3160,56236000041,56236000040271,127.6270155648513,-15.564826698236162,N,rapid
3161,56236000051,56236000050161,127.60702184713348,-15.53964389658541,N,rapid
3162,56236000061,56236000060121,127.5607727195205,-15.5016479938746,N,rapid
3163,56236000061,56236000060571,127.54842535036131,-15.534511888448316,N,rapid
3164,56236000061,56236000060711,127.54101476967266,-15.554241307018712,N,rapid
3165,56236000071,56236000070191,127.55606959819404,-15.601365395514517,N,rapid
3166,56236000071,56236000070321,127.5454168701422,-15.6189545531954,N,rapid
3167,56236000071,56236000070451,127.53240327375622,-15.623070697569595,N,rapid
3168,56238100121,56238100120091,128.6957080592145,-15.636575482655925,N,rapid
3169,56238100141,56238100140201,128.67696538325666,-15.719166716200434,N,rapid
3170,56310000071,56310000070171,145.73545458444048,-18.36978530899077,N,rapid
3171,56310000071,56310000070271,145.72080362068044,-18.362118476379152,N,rapid
3172,56310000071,56310000070431,145.70480156956418,-18.339102929882955,N,rapid
3173,56325000031,56325000030561,146.16426261640444,-19.863498409991468,N,rapid
3174,56325000951,56325000950191,146.57274270977285,-20.14639269161353,A,low head
3175,56341000171,56341000170141,150.0159814070217,-23.54162177914961,A,dam
3176,56380000201,56380000200251,152.66129713122604,-29.474763802767704,N,rapid
3177,56380000221,56380000220371,152.55483038094258,-29.36452256083676,N,rapid
3178,56380000331,56380000330441,152.7198009113204,-29.93057017374925,A,low head
3179,56391200121,56391200120571,152.57537447560247,-30.89938885086297,N,rapid
3180,56410500061,56410500060181,140.5774481221614,-34.34156563168538,A,dam
3181,56410700091,56410700090081,141.44917337069387,-34.140350113978585,A,low head
3182,56410700091,56410700090461,141.5198316279145,-34.14295723092829,A,low head
3183,56424900151,56424900150191,146.98028221049177,-36.094271986167605,A,low head
3184,56427002981,56427002980191,146.41701379530676,-34.70499882327737,A,dam
3185,56429000081,56429000080261,148.54393568023744,-34.92266626050169,N,rapid
3186,56429000251,56429000250171,148.94712427489935,-35.12695744944101,N,rapid
3187,56900101331,56900101330291,145.75196349725005,-42.62591910065629,N,rapid
3188,57109700051,57109700050541,176.84756741127774,-39.05061083019156,N,rapid
3189,57202000091,57202000090631,167.64578746532743,-45.85792058096157,N,rapid
3190,57208000021,57208000020301,169.51130644090884,-46.13462131306896,A,low head
3191,61100201491,61100201490281,-76.30206426306717,5.406898504984426,N,rapid
3192,61100201691,61100201690141,-76.42819458813115,5.584983614964034,N,rapid
3193,61100201691,61100201690271,-76.41761044764455,5.59417053556504,N,rapid
3194,61100600251,61100600250751,-76.21036042406078,8.016248115054937,A,dam
3195,61204300211,61204300210771,-74.55672165586769,8.062970574147785,N,rapid
3196,61204400371,61204400370691,-75.19312982807952,6.578373057266936,N,waterfall
3197,61204500141,61204500140291,-75.5037258782305,7.230393849510521,N,rapid
3198,61204500151,61204500150801,-75.66190252214368,7.136129495718804,A,dam
3199,61204500291,61204500290371,-75.761848629306,5.873670886885786,N,rapid
3200,61208000201,61208000200111,-73.21261119201266,6.763158918982087,N,rapid
3201,61208000241,61208000240401,-73.12348640000447,6.4727315383511534,N,rapid
3202,61209500201,61209500200351,-74.56759675276936,5.192008042931149,N,rapid
3203,61209800071,61209800070191,-75.2660345509122,3.753898310506175,A,low head
3204,61209900421,61209900420071,-75.56472838599784,2.451868175264122,A,dam
3205,61520200181,61520200180151,-63.879376722528654,5.82185476921895,N,rapid
3206,61520200221,61520200220061,-63.69025965521148,5.609950829525067,N,rapid
3207,61520200681,61520200680211,-63.0960724513684,5.168519153393114,N,rapid
3208,61520200701,61520200700111,-63.067913210145456,5.058878175225203,N,rapid
3209,61520200721,61520200720191,-63.077256083297925,4.91377194204808,N,rapid
3210,61520200771,61520200770071,-62.8380210913716,4.6614142878866485,N,rapid
3211,61520200901,61520200900431,-63.12436934484771,6.3069742363168295,A,low head
3212,61520300031,61520300030081,-62.81826931112571,6.629225275303412,N,rapid
3213,61520300031,61520300030411,-62.852523728569,6.581609012274282,N,rapid
3214,61520300051,61520300050151,-62.87390262533381,6.542671377308886,N,rapid
3215,61520400011,61520400010071,-62.91424041917704,6.280693726466951,N,rapid
3216,61520400011,61520400010191,-62.917359050474616,6.299519399481235,N,rapid
3217,61520400021,61520400020261,-62.86982270561009,6.299553128455112,N,rapid
3218,61520400051,61520400050411,-62.775727627969474,6.177761498462504,N,rapid
3219,61520400211,61520400210451,-62.01534686053211,6.0314453470364455,N,rapid
3220,61520400221,61520400220261,-61.97022432506719,6.017803634230014,N,rapid
3221,61520400221,61520400220431,-61.957010138847785,5.996884958071551,N,rapid
3222,61520500361,61520500360881,-62.71141792540708,5.352582908252514,N,rapid
3223,61520500381,61520500380481,-62.634356821145296,5.4424984551259845,N,rapid
3224,61520600041,61520600040361,-62.22098274110518,4.527982982502746,N,rapid
3225,61520600041,61520600040461,-62.221195679002015,4.514278645721251,N,rapid
3226,61520600231,61520600230091,-61.80586821724973,4.413859096572151,N,rapid
3227,61520700021,61520700020241,-62.17934132365071,4.713967716898442,N,rapid
3228,61520700021,61520700020491,-62.14093116611295,4.715287836279055,N,rapid
3229,61520700051,61520700050261,-62.023832962352095,4.721351862920397,N,rapid
3230,61520700071,61520700070181,-61.95899415146135,4.743789224349801,N,rapid
3231,61520700091,61520700090091,-61.89356679139839,4.825119684719789,N,rapid
3232,61520800031,61520800030191,-61.791042935178766,5.042633629139467,N,rapid
3233,61520800031,61520800030291,-61.80292248826413,5.043367884443971,N,rapid
3234,61520900011,61520900010371,-61.73343389891168,4.884325326038973,N,rapid
3235,61520900021,61520900020201,-61.65356254617033,4.833884099007645,N,rapid
3236,61520900041,61520900040551,-61.54109652401222,4.961575055596962,N,rapid
3237,61520900051,61520900050841,-61.50618275881068,5.096336601184862,N,rapid
3238,61520900061,61520900060231,-61.46663576702692,5.092599040690961,N,rapid
3239,61520900141,61520900140351,-61.48772485804992,5.5459772392191695,N,rapid
3240,61520900351,61520900350551,-60.84416159204139,4.93539464538256,N,rapid
3241,61520900351,61520900350661,-60.82761127555472,4.941334327206723,N,rapid
3242,61520900391,61520900390421,-60.98980719576988,5.141983288997524,N,rapid
3243,61520900411,61520900410461,-60.960448447974805,5.2441053330490845,N,rapid
3244,61532001561,61532001560401,-64.28152628204954,7.902080934050077,N,rapid
3245,61532001601,61532001600121,-64.1726403525568,7.68825238125464,N,rapid
3246,61532001601,61532001600431,-64.15111004132548,7.655001891824138,N,rapid
3247,61532001611,61532001610111,-64.13196348865496,7.630651902303838,N,rapid
3248,61532001721,61532001720061,-63.90399487192127,6.887095681283261,N,rapid
3249,61534500081,61534500080151,-64.48854477598265,6.310190244564422,N,waterfall
3250,61534900061,61534900060431,-64.31770466239972,5.551588753387622,N,rapid
3251,61534900241,61534900240531,-63.82077044123023,4.374428838487137,N,rapid
3252,61534900261,61534900260381,-63.7612334736643,4.178805823384041,N,rapid
3253,61534900261,61534900260781,-63.76740492975847,4.13197652342868,N,rapid
3254,61534900271,61534900270101,-63.78129311241096,4.100151752595255,N,rapid
3255,61534900271,61534900270331,-63.78880568011596,4.062422545524212,N,rapid
3256,61536000121,61536000120281,-65.92445876120938,6.825548065890452,N,rapid
3257,61536000121,61536000120481,-65.95197182646021,6.815894317441794,N,rapid
3258,61536000211,61536000210181,-65.62956754694002,6.873876825164326,N,rapid
3259,61536000241,61536000240361,-65.65538444492255,6.537167518469565,N,rapid
3260,61536000241,61536000240761,-65.66806195276196,6.473935077611436,N,rapid
3261,61536000301,61536000300621,-66.01184636459794,6.685852794720313,N,rapid
3262,61547001001,61547001000461,-70.25147758968366,8.663829644488677,A,low head
3263,61550900101,61550900100221,-66.92491863345965,5.94553562880476,N,rapid
3264,61570100121,61570100120901,-67.63312061365211,5.644412253638373,N,rapid
3265,61570400011,61570400010261,-67.8805288161508,5.238803121398657,N,rapid
3266,61570600041,61570600040261,-67.56116108461174,5.045599752897268,N,rapid
3267,61582400191,61582400190221,-65.43979609813324,4.808107277741515,N,rapid
3268,61582900131,61582900130261,-65.40487936525928,4.956801415420682,N,rapid
3269,61582900151,61582900150531,-65.3423847573995,4.779415471552503,N,rapid
3270,61582900201,61582900200621,-65.47347901410498,5.176820722763867,N,rapid
3271,61582900221,61582900220301,-65.267141424544,4.742405848322584,N,rapid
3272,61584000131,61584000130471,-65.90375595084349,3.6262108906081374,N,rapid
3273,61584000181,61584000180381,-65.67431792785861,3.845998401155823,N,rapid
3274,61584000201,61584000200171,-65.62312337697911,4.021506103408448,N,rapid
3275,61586000181,61586000180221,-65.31913228104598,3.338180877248817,N,rapid
3276,61586000181,61586000180321,-65.31083953130178,3.3499313765133785,N,rapid
3277,61586000221,61586000220481,-65.17195448704993,3.5387525784629807,N,rapid
3278,61586000251,61586000250471,-65.20487633814106,3.5613126923413643,N,rapid
3279,61588000191,61588000190201,-64.57744455957798,2.9250133160672087,N,waterfall
3280,61588000221,61588000220371,-64.44189535737175,2.75137701168174,N,rapid
3281,61589000121,61589000120361,-64.62972780330573,2.3059783406164773,N,rapid
3282,61594200171,61594200170691,-68.87987619269043,3.2823673641109834,N,waterfall
3283,61594300101,61594300100491,-68.2038570085218,3.227915113256293,N,rapid
3284,61594300241,61594300240391,-68.64345479756288,3.0495802656712576,N,rapid
3285,61594300241,61594300240891,-68.66843353550149,2.9707444541080608,N,rapid
3286,61594500311,61594500310671,-69.41868175143811,2.71534935542781,N,rapid
3287,61594700461,61594700460461,-71.52742004764889,2.2265997677904847,N,rapid
3288,61622200051,61622200050501,-58.80160949349954,6.243420896865728,N,rapid
3289,61622200151,61622200150281,-59.18184617886224,5.96512754453934,N,rapid
3290,61622900031,61622900030541,-61.831732979897815,6.834227673212504,N,rapid
3291,61622900041,61622900040481,-61.911963283340775,6.728224691910145,N,rapid
3292,61625000061,61625000060331,-58.830094588934834,5.118660387364542,N,rapid
3293,61625000071,61625000070431,-58.84957236854746,4.994449584138078,N,rapid
3294,61628000361,61628000360881,-58.68511537542515,3.186773722773818,N,rapid
3295,61628000401,61628000400141,-58.65606561836835,3.164688347964586,N,rapid
3296,61628000401,61628000400341,-58.626625604651885,3.151331307280504,N,rapid
3297,61628000401,61628000400551,-58.63168932523515,3.130737021413191,N,rapid
3298,61628000671,61628000670291,-59.52051258502112,3.0241334681758745,N,rapid
3299,61629000141,61629000140761,-58.23893672496032,3.160745691430177,N,rapid
3300,61629000161,61629000160131,-58.22544674689088,3.136313221772628,N,rapid
3301,61629000191,61629000190061,-58.12885030077189,2.998798207910227,N,rapid
3302,61640200051,61640200050221,-57.43949019739972,4.819067045994479,N,rapid
3303,61640200071,61640200070451,-57.368356636521845,4.738269805205298,N,rapid
3304,61640200091,61640200090391,-57.22929688685914,4.668001402091567,N,rapid
3305,61640300231,61640300230101,-57.7835817629851,3.6504249179788153,N,rapid
3306,61640400011,61640400010661,-57.59746301797709,3.59585800616186,N,rapid
3307,61640400061,61640400060191,-57.22714333745884,3.409231937736333,N,rapid
3308,61640400101,61640400100231,-57.034745249970086,3.276185846207269,N,rapid
3309,61640600141,61640600140071,-57.631943132347,3.228573724472539,N,rapid
3310,61640600241,61640600240601,-57.45830359479256,2.627524604895692,N,rapid
3311,61640700261,61640700260281,-57.02668736441564,2.59956636022712,N,rapid
3312,61640900041,61640900040161,-56.56360550315776,2.2518895201565674,N,rapid
3313,61650400221,61650400220711,-56.38172174774611,4.73873375360292,N,rapid
3314,61650400301,61650400300271,-56.51469504323169,4.492144491478529,N,rapid
3315,61650400361,61650400360071,-56.21588892789418,4.7060004580459625,N,rapid
3316,61650600501,61650600500401,-55.55306602657768,4.728678246754828,N,rapid
3317,61650600511,61650600510071,-55.56053298656504,4.704227892159048,N,rapid
3318,61650600561,61650600560191,-55.74839916541601,4.496278392855259,N,rapid
3319,61650800301,61650800300311,-55.37109453554178,4.424190853521851,N,rapid
3320,61650800341,61650800340931,-55.46781858517736,4.02318905854928,N,rapid
3321,61650800391,61650800390411,-55.61704915139986,3.842388744542089,N,waterfall
3322,61650800391,61650800390751,-55.64582656966156,3.808202011392055,N,rapid
3323,61650800401,61650800400401,-55.71999822451544,3.786766229476573,N,rapid
3324,61650800441,61650800440561,-55.44031799392685,3.878977053704432,N,waterfall
3325,61650800551,61650800550341,-55.866550357322296,3.7013113078551534,N,rapid
3326,61660400211,61660400210211,-54.48941030690336,4.039102444979373,N,rapid
3327,61660400311,61660400310661,-54.0060746240932,3.5428785273452585,N,rapid
3328,61660400341,61660400340541,-53.81107729493576,3.612110367230502,N,rapid
3329,61660400361,61660400360191,-54.01469091980022,3.4252745539730376,N,rapid
3330,61660400441,61660400440071,-54.06691959654743,3.289981654117523,N,rapid
3331,61660400441,61660400440181,-54.07433389647888,3.2777982429252046,N,rapid
3332,61660400551,61660400550551,-53.83309604041966,3.3192775100043126,N,rapid
3333,61660400781,61660400780481,-53.65657727763033,3.016875608127549,N,waterfall
3334,61660500061,61660500060741,-54.54189576430825,4.231388700907309,N,rapid
3335,61660700071,61660700070311,-55.02504810256365,3.51599549709752,N,rapid
3336,61660700091,61660700090561,-55.156005239024005,3.4789741304420154,N,rapid
3337,61660700101,61660700100061,-55.18231686998477,3.483899285445717,N,waterfall
3338,61660800041,61660800040201,-55.40685008375304,3.197874307540915,N,rapid
3339,61660800081,61660800080531,-55.38786701101957,2.9962277241302675,N,rapid
3340,61670200211,61670200210551,-53.610183059296254,4.682705587032927,N,rapid
3341,61670200211,61670200210951,-53.63331261528418,4.623759391215468,N,rapid
3342,61670200241,61670200240131,-53.60191706315902,4.509759395276725,N,rapid
3343,61670400261,61670400260271,-53.10717731403361,4.753536626665727,N,rapid
3344,61670600041,61670600040271,-52.31754200746502,4.195227352356862,N,rapid
3345,61670600041,61670600040401,-52.33557362125822,4.188107181090094,N,rapid
3346,61670600101,61670600100241,-52.5727967560133,3.890740240429489,N,rapid
3347,61670600121,61670600120471,-52.67104200173558,3.6481418246515855,N,rapid
3348,61670600121,61670600120661,-52.666934571366085,3.6171134683539337,N,rapid
3349,61670600171,61670600170401,-52.72033776292252,4.02489073134484,N,rapid
3350,61670800231,61670800230181,-52.28041948245068,3.234213618670005,N,rapid
3351,61670800431,61670800430281,-52.93239951425786,2.8031488311875745,N,rapid
3352,61670800541,61670800540731,-52.56806087949378,2.7706881198189404,N,rapid
3353,61680200181,61680200180231,-50.949013861130894,1.375678326812854,N,rapid
3354,61680400271,61680400270851,-51.4056966781321,1.2840416313765812,N,rapid
3355,62221500031,62221500030151,-51.72724747742501,-3.365018162581764,N,rapid
3356,62222100021,62222100020141,-52.73552127583637,-3.843799126518696,N,rapid
3357,62222700401,62222700400081,-54.07402137276252,-6.205161417248057,N,waterfall
3358,62222700641,62222700640111,-53.3599404897144,-7.685563614819601,N,rapid
3359,62222700641,62222700640451,-53.33314622864104,-7.736288993686263,N,rapid
3360,62229200151,62229200150901,-53.48075822957925,-13.194642785757935,N,rapid
3361,62229900041,62229900040141,-53.24638279753102,-13.797284644262197,N,rapid
3362,62229900061,62229900060921,-53.357370895368014,-14.027971848362329,A,low head
3363,62232400011,62232400010891,-53.09560182394191,0.056046546965849,N,rapid
3364,62232400551,62232400550411,-53.75268836832189,0.6463391698298556,N,rapid
3365,62232400561,62232400560361,-53.80218326421632,0.688819196950008,N,rapid
3366,62234100071,62234100070201,-53.1573822465212,-1.0418855142877703,N,rapid
3367,62234200161,62234200160261,-53.979523910657015,-0.1542273659191043,N,rapid
3368,62234300051,62234300050501,-53.841868949928106,0.0679823557406986,N,rapid
3369,62235800141,62235800140401,-54.39913018023907,-1.7434125637512692,N,rapid
3370,62235800181,62235800180341,-54.40219505069732,-1.5559334732003371,N,rapid
3371,62235800181,62235800180661,-54.42586092150971,-1.5087111313016843,N,rapid
3372,62235800191,62235800190301,-54.45609769069037,-1.455260157431985,N,rapid
3373,62235800191,62235800190831,-54.48029310526974,-1.37959941889799,N,rapid
3374,62235800201,62235800200541,-54.47758422629118,-1.2882539650424174,N,rapid
3375,62235800211,62235800210101,-54.484496797087296,-1.224955182367094,N,rapid
3376,62235800211,62235800210431,-54.507841242953965,-1.1799645906978384,N,rapid
3377,62235800251,62235800250371,-54.5056248519191,-0.7453927393361063,N,rapid
3378,62238000491,62238000490891,-54.90099654693669,-1.4701238005006263,N,waterfall
3379,62238000501,62238000500351,-54.9615559298404,-1.4494029224374962,N,rapid
3380,62238000501,62238000500481,-54.97309391202623,-1.437780728957226,N,rapid
3381,62238000501,62238000500631,-54.99422904991373,-1.4305098566495682,A,low head
3382,62238000561,62238000560291,-55.23559980637416,-1.2256768364540764,N,rapid
3383,62238000571,62238000570301,-55.25114754498087,-1.176294046183292,N,rapid
3384,62238000601,62238000600241,-55.348434662874666,-1.0274344188150677,N,waterfall
3385,62238000601,62238000600751,-55.380619362391045,-0.960301898239365,N,rapid
3386,62238000621,62238000620141,-55.54835528681653,-0.882098748088,N,rapid
3387,62241400071,62241400070231,-55.18871224487848,-4.107240720739804,N,rapid
3388,62241400101,62241400100311,-55.01384671988262,-4.0988311959492645,N,rapid
3389,62241600011,62241600010401,-56.05003704901842,-4.417061402537684,N,rapid
3390,62242100051,62242100050191,-56.45560791824146,-5.066459922533114,N,rapid
3391,62242100051,62242100050361,-56.47219448473784,-5.087700625647225,N,rapid
3392,62242400101,62242400100231,-55.61367467253853,-5.529391903936722,N,rapid
3393,62242500031,62242500030141,-55.87721066182481,-5.655743329724289,N,rapid
3394,62242500031,62242500030321,-55.86465796339273,-5.683976275550332,N,rapid
3395,62242500031,62242500030851,-55.828637626208085,-5.753138521862556,N,rapid
3396,62243200121,62243200120071,-56.6355394403737,-6.039468491425402,N,rapid
3397,62243200141,62243200140421,-56.713615744019336,-6.070796929760686,N,rapid
3398,62243200251,62243200250291,-56.81504217069264,-6.869757557244228,N,rapid
3399,62243200251,62243200250791,-56.78104276617192,-6.904343962213642,N,rapid
3400,62243800201,62243800200441,-57.314823698314896,-7.74134221782966,N,rapid
3401,62243800241,62243800240301,-57.084576573996415,-7.917242587340313,N,rapid
3402,62244300141,62244300140421,-58.41275686294308,-8.522737084747053,N,rapid
3403,62244300141,62244300140761,-58.40654573750837,-8.57535963301209,N,rapid
3404,62244400041,62244400040471,-58.31932158476993,-9.042831955824198,N,rapid
3405,62244600111,62244600110201,-58.37673999806653,-11.25692047936858,N,rapid
3406,62244600171,62244600170481,-58.13022058137143,-11.315197051847464,N,rapid
3407,62244600831,62244600830831,-57.34678769027092,-12.875459665242952,N,rapid
3408,62244600941,62244600940261,-58.36683895650014,-12.82115716626086,N,rapid
3409,62244600951,62244600950371,-58.3060657706521,-12.907298135695871,N,rapid
3410,62244600961,62244600960701,-58.277394315747344,-13.025410160060042,N,rapid
3411,62244601021,62244601020821,-58.40735135495408,-13.560506905377975,N,rapid
3412,62244601031,62244601030701,-58.44904972157573,-13.66937750726204,N,rapid
3413,62244601051,62244601050171,-58.514272363360114,-13.75664001445352,N,rapid
3414,62244601491,62244601490081,-59.04372478170734,-12.72010271117271,N,rapid
3415,62244601501,62244601500081,-59.07930534363542,-12.7962377024828,N,rapid
3416,62244601521,62244601520221,-59.21944031440351,-12.915082027659276,N,rapid
3417,62244601681,62244601680241,-58.95568252424247,-12.989359678182154,N,rapid
3418,62244601781,62244601780081,-59.03367353586175,-13.31801405203804,A,dam
3419,62244601811,62244601810101,-59.00784620778831,-13.392643232099829,N,rapid
3420,62244601961,62244601960071,-59.06794363334906,-14.125897188640696,N,rapid
3421,62244800101,62244800100191,-57.27879560010571,-10.925581380866593,N,rapid
3422,62244800101,62244800100331,-57.25963009967133,-10.92737990886662,N,rapid
3423,62244800111,62244800110271,-57.2061494436872,-10.96837178559967,N,rapid
3424,62245800131,62245800130351,-56.0591818063877,-8.938202717756548,N,rapid
3425,62245800251,62245800250471,-56.07368039713622,-9.22848828166583,N,waterfall
3426,62245800351,62245800350261,-55.90403811262336,-8.709019084269652,N,waterfall
3427,62245800351,62245800350661,-55.85207198704264,-8.69299443387404,N,rapid
3428,62246000011,62246000010681,-57.08664451139894,-9.243244990066316,N,rapid
3429,62246000051,62246000050521,-57.056573028610416,-9.466334625822196,N,rapid
3430,62246000061,62246000060161,-57.05321208884798,-9.529531423010924,N,rapid
3431,62246000131,62246000130751,-56.92591043908313,-9.96654951223672,N,rapid
3432,62248000291,62248000290211,-54.728064999743424,-10.098319946086397,N,rapid
3433,62249500131,62249500130771,-55.45328639530046,-11.270459574793994,A,dam
3434,62249600191,62249600190071,-56.03250521258053,-12.752394794612831,A,dam
3435,62249900261,62249900260811,-55.39300480535177,-13.463577239480244,N,rapid
3436,62249900291,62249900290411,-55.26644680697197,-13.577780086756356,N,rapid
3437,62249900531,62249900530361,-54.888016931321374,-14.139489284999176,N,rapid
3438,62249900541,62249900540291,-54.87518957980395,-14.211892945419049,A,bridge
3439,62252200561,62252200560441,-57.98741496662431,-1.2980028027406232,N,rapid
3440,62252200571,62252200570591,-57.99528551582055,-1.14934481632671,N,rapid
3441,62252200571,62252200570811,-58.00925231768434,-1.1203786380137597,N,rapid
3442,62252200641,62252200640361,-58.41399808500819,-0.9738247509203672,N,rapid
3443,62252400231,62252400230121,-56.20900142219612,-0.6788902062778173,N,rapid
3444,62252400231,62252400230351,-56.2017263483221,-0.6540565863626355,N,rapid
3445,62252400241,62252400240091,-56.19834365568942,-0.6118312726636724,N,rapid
3446,62252400241,62252400240281,-56.20596020914272,-0.5853948693449055,N,rapid
3447,62252400251,62252400250261,-56.16117188923408,-0.5259629681666546,N,rapid
3448,62252400611,62252400610411,-56.00411165773848,0.3477710388792382,N,rapid
3449,62252400621,62252400620191,-55.95766657636688,0.3394167139484399,N,rapid
3450,62252400621,62252400620401,-55.92357704512532,0.3470348640442166,N,rapid
3451,62252400971,62252400970331,-56.17491911761881,1.1326926417797694,N,rapid
3452,62252600011,62252600010131,-57.07001405487888,-1.0950394515570545,N,rapid
3453,62252600041,62252600040331,-57.291806136302014,-1.0919752772372229,N,rapid
3454,62252600071,62252600070571,-57.60604457860924,-0.9312048327006288,N,rapid
3455,62252600501,62252600500801,-58.5400046652723,0.6002968776200207,N,rapid
3456,62252600511,62252600510351,-58.56867411784686,0.6739511551647469,N,rapid
3457,62252600511,62252600510641,-58.57459644287273,0.7031544463948967,N,rapid
3458,62252600561,62252600560321,-58.345159141755545,0.5277189253670436,N,rapid
3459,62252800021,62252800020651,-57.18723385582115,-0.8865769828320341,N,rapid
3460,62252800061,62252800060741,-57.37529747620287,-0.6305296084163604,N,rapid
3461,62252800071,62252800070331,-57.3613710258771,-0.5461390370955032,N,rapid
3462,62252900371,62252900370521,-57.05596080176301,0.1985431957340836,N,rapid
3463,62252900441,62252900440791,-57.3851960009336,0.679500811515835,N,rapid
3464,62252900461,62252900460061,-56.94418330869854,0.036370183632051,N,rapid
3465,62252900521,62252900520291,-56.48366443985318,-0.425083503246822,N,rapid
3466,62252900521,62252900520411,-56.47492558428832,-0.4057547978309479,N,rapid
3467,62252900521,62252900520591,-56.47605935292378,-0.3824228429041079,N,rapid
3468,62252900521,62252900520851,-56.49916682067671,-0.3524245054604397,N,rapid
3469,62252900681,62252900680321,-57.05722589734598,1.0668122210228363,N,rapid
3470,62252900691,62252900690301,-57.04478978071617,1.1410453377584322,N,rapid
3471,62252901061,62252901060081,-57.46350029997549,1.4560235750226622,N,rapid
3472,62254400361,62254400360571,-57.48122577516995,-5.080757890617723,N,rapid
3473,62254800441,62254800440731,-59.666817231937685,-6.662578878382564,N,rapid
3474,62254800451,62254800450131,-59.62298135519552,-6.6843936870171285,N,rapid
3475,62256200261,62256200260281,-59.43933836414558,-2.028764853330132,N,rapid
3476,62256500031,62256500030281,-58.50875862177276,-1.6054241962399585,N,rapid
3477,62256500211,62256500210231,-59.15082897316219,-0.3978897998582864,N,rapid
3478,62256700041,62256700040091,-59.296391432371614,-0.1050176474053233,N,rapid
3479,62262400711,62262400710391,-59.43690654047675,-10.153923424205605,N,rapid
3480,62262400791,62262400790591,-59.468258563097706,-10.505321869513985,N,rapid
3481,62262400951,62262400950201,-60.50945605867948,-8.536879022800026,N,rapid
3482,62262400961,62262400960111,-60.50053237982019,-8.572391288020299,N,rapid
3483,62262401081,62262401080171,-59.46077857214823,-10.847648956193837,N,rapid
3484,62262500121,62262500120371,-60.9618659318218,-8.49810762708365,N,rapid
3485,62262700101,62262700100081,-60.73994878255636,-9.166087304781673,N,rapid
3486,62262700131,62262700130341,-60.60428547050929,-9.558928728447828,N,rapid
3487,62262900241,62262900240121,-60.32109377937146,-11.069693814978235,N,rapid
3488,62262900291,62262900290311,-59.98155649949755,-11.176999041011904,N,rapid
3489,62262900291,62262900290511,-59.96758532531661,-11.197427033763832,N,rapid
3490,62262900391,62262900390381,-60.44335451101574,-10.902957338550817,N,rapid
3491,62262900391,62262900390831,-60.45163576718746,-10.962802861126894,N,rapid
3492,62262900421,62262900420281,-60.51571531973262,-11.266215726302155,N,rapid
3493,62262900431,62262900430221,-60.4932811426429,-11.330184849007386,N,rapid
3494,62262900441,62262900440321,-60.45410447684461,-11.388806355984938,N,rapid
3495,62262900451,62262900450371,-60.44212180300653,-11.496349835663745,N,rapid
3496,62262900501,62262900500171,-59.9676099557297,-11.255323862709648,N,rapid
3497,62263400121,62263400120181,-61.34938496747062,-6.6478090257148175,N,rapid
3498,62263400141,62263400140321,-61.31239533388104,-6.682768174778911,N,rapid
3499,62263400251,62263400250241,-61.163535477802384,-7.018849544575949,N,rapid
3500,62263600711,62263600710561,-61.97586496548483,-7.875148004971907,N,rapid
3501,62264300201,62264300200341,-62.12478336863602,-8.914061812180899,N,rapid
3502,62264400011,62264400010441,-61.81506564256374,-9.090159256540106,N,rapid
3503,62264400021,62264400020101,-61.81098606301028,-9.116391867147966,N,rapid
3504,62264500241,62264500240311,-61.67505605885515,-9.327791999495892,N,rapid
3505,62264700181,62264700180381,-62.06856559893936,-10.98668646143652,N,rapid
3506,62264700451,62264700450131,-61.846007230967,-10.681421304223756,N,rapid
3507,62265200241,62265200240831,-63.77969161140216,-9.290740843789097,N,rapid
3508,62265200391,62265200390171,-63.760231869448376,-9.98714952463206,N,rapid
3509,62265400291,62265400290381,-64.09033720158719,-10.462373019783977,N,rapid
3510,62266100031,62266100030321,-65.58483796954629,-10.534211297779615,N,rapid
3511,62266403131,62266403130811,-69.99204259268471,-13.625834881926616,N,rapid
3512,62266403351,62266403350101,-69.02725284556345,-13.846430888720985,N,rapid
3513,62266403651,62266403650381,-69.6692004050975,-13.474469063745603,N,rapid
3514,62266404381,62266404380171,-70.70491433330562,-12.867579185980873,N,rapid
3515,62266405281,62266405280501,-70.95550996955299,-12.918837620673292,N,rapid
3516,62266600481,62266600480101,-68.06985347212456,-15.35413414719732,N,rapid
3517,62266600521,62266600520701,-68.33796446066712,-15.237393518305014,N,rapid
3518,62266900091,62266900090431,-66.57374959986463,-16.219183204055444,N,rapid
3519,62268201761,62268201760491,-59.01301104283681,-15.206565830074638,A,dam
3520,62268202431,62268202430711,-62.17880035890995,-11.912089658129135,A,dam
3521,62268900061,62268900060241,-63.600122299281466,-20.036244180920367,N,waterfall
3522,62269600471,62269600470131,-64.90451901118692,-17.30037250590301,N,rapid
3523,62282400041,62282400040081,-61.067284383114334,-0.51757151279578,N,rapid
3524,62282900191,62282900190281,-60.16920415494536,0.5658764069003775,N,rapid
3525,62284200251,62284200250161,-62.34601925234358,1.0976734396173828,N,rapid
3526,62284200331,62284200330231,-62.33906610252077,1.4695078191811934,N,rapid
3527,62284200351,62284200350351,-62.35992874595605,1.6231175119606231,N,rapid
3528,62284200381,62284200380481,-62.26128957976484,1.821337200186086,N,rapid
3529,62284200471,62284200470071,-62.48074849242517,2.109913894340232,N,rapid
3530,62284400131,62284400130561,-60.60284172471944,0.9263873886871852,N,rapid
3531,62284400141,62284400140181,-60.55515504175808,0.9571775787954456,N,rapid
3532,62284400151,62284400150471,-60.45377077064974,1.079418574526768,N,rapid
3533,62284400171,62284400170501,-60.32379974447929,1.1395220793656782,N,rapid
3534,62284400251,62284400250061,-59.86493061532294,1.187898226943905,N,rapid
3535,62284600341,62284600340301,-62.18426753668843,2.7476123652238296,N,rapid
3536,62284600361,62284600360781,-62.34069945194083,2.771782179327108,N,rapid
3537,62284600361,62284600360881,-62.35644285394218,2.773057397619391,N,rapid
3538,62284600381,62284600380301,-62.42742614654005,2.7745686510781087,N,rapid
3539,62284600381,62284600380501,-62.45458274876027,2.773669124575291,N,rapid
3540,62284600421,62284600420211,-62.72838830668976,2.714794459162146,N,rapid
3541,62284800171,62284800170771,-60.58638076326702,4.058460340746666,N,rapid
3542,62284800181,62284800180251,-60.61292473941371,4.077141749317482,N,rapid
3543,62284800201,62284800200421,-60.79433517619442,4.180881760524953,N,rapid
3544,62284800241,62284800240111,-61.08159190510828,4.277391248518774,N,rapid
3545,62284800531,62284800530211,-59.99073701959211,2.8389319277634804,N,rapid
3546,62284800591,62284800590391,-60.50986968229952,4.232902246055832,N,waterfall
3547,62284800641,62284800640161,-60.32375822013815,4.4499807717887965,N,rapid
3548,62284800641,62284800640291,-60.31150566428807,4.463979352718897,N,rapid
3549,62284800661,62284800660711,-60.391290045551415,4.595536284780237,N,waterfall
3550,62284800721,62284800720321,-59.68969513420429,4.149849364202018,N,waterfall
3551,62284800731,62284800730091,-59.73110124272392,4.18261281108897,N,rapid
3552,62284800731,62284800730331,-59.73615012889578,4.21865100992611,N,rapid
3553,62284800751,62284800750091,-59.7292990532965,4.279645081077228,N,rapid
3554,62284800761,62284800760091,-59.67941811964182,4.341789288606883,N,waterfall
3555,62284800771,62284800770261,-59.73032330823576,4.41657258577165,N,rapid
3556,62284801041,62284801040231,-60.47504125715889,4.724502954656425,N,rapid
3557,62284801041,62284801040821,-60.46793206076429,4.810969875191814,N,rapid
3558,62284801051,62284801050071,-60.462162922427225,4.848105626128452,A,low head
3559,62284801051,62284801050511,-60.46216067734972,4.908647613381759,N,rapid
3560,62284801471,62284801470151,-60.06678929948494,4.516716360113305,N,rapid
3561,62284801471,62284801470331,-60.08557517477076,4.51689286539678,N,rapid
3562,62284801491,62284801490311,-60.158960350615,4.5332589214558725,N,rapid
3563,62284801511,62284801510061,-60.10627826826025,4.607789394640958,N,rapid
3564,62284900221,62284900220221,-61.9572061045772,3.231001744437562,N,rapid
3565,62284900491,62284900490391,-61.80620928280664,3.4458263747955584,N,rapid
3566,62284900661,62284900660411,-61.62560192242659,3.5569633306500954,N,rapid
3567,62284900791,62284900790521,-62.07410935353122,3.231817233123984,N,rapid
3568,62284900801,62284900800381,-62.13911164008295,3.205744637386453,N,rapid
3569,62284900881,62284900880451,-62.84477316317442,3.266837885383437,N,rapid
3570,62284900961,62284900960141,-62.1298780681206,3.431931173496776,N,rapid
3571,62284901101,62284901100271,-61.4879682171177,3.862526708540997,N,rapid
3572,62284901101,62284901100551,-61.514370593074126,3.891971179575082,N,rapid
3573,62284901371,62284901370551,-63.50661312188469,3.683101659764609,N,rapid
3574,62284901491,62284901490081,-63.7148611474877,3.1210481496590408,N,rapid
3575,62284901661,62284901660061,-64.07500874535812,3.8237478197072536,N,rapid
3576,62284901671,62284901670451,-64.15652148079207,3.8967852865898895,N,rapid
3577,62284901691,62284901690341,-64.27093372544641,3.984653367913277,N,rapid
3578,62284901701,62284901700331,-64.2316942336641,4.033276446920033,N,rapid
3579,62284902061,62284902060541,-61.57005213994808,3.935736480797445,N,rapid
3580,62284902121,62284902120121,-63.70508280057,2.989122523186971,N,rapid
3581,62284902141,62284902140851,-60.878554126322776,3.7768600517394337,N,rapid
3582,62287500051,62287500050191,-65.11902686867911,-0.3130023283333672,N,rapid
3583,62287500061,62287500060101,-65.0913757989371,-0.2532078355348989,N,rapid
3584,62287500301,62287500300541,-65.92020542690787,-0.1890566142725774,N,rapid
3585,62287500631,62287500630441,-66.11528034490651,-0.0071833606886696,N,rapid
3586,62288600501,62288600500141,-65.69177270201338,1.4717882272677667,N,rapid
3587,62288600571,62288600570681,-64.94578644278013,1.6309797030278177,N,rapid
3588,62289600011,62289600010451,-69.26749367156398,0.6065449324206786,N,rapid
3589,62289600101,62289600100491,-69.93132993982202,0.5576219767055723,N,rapid
3590,62289700111,62289700110131,-69.29733106621158,1.0626366050638931,N,rapid
3591,62289700131,62289700130201,-69.32872398106879,1.085545911347178,N,rapid
3592,62289900011,62289900010671,-69.89953483041869,0.9893124749666328,N,rapid
3593,62289900051,62289900050401,-70.00716295832834,1.1595552229510502,N,rapid
3594,62289900061,62289900060151,-70.04185248857921,1.2055566125802517,N,rapid
3595,62289900171,62289900170061,-70.7157452456828,1.1015998451304934,N,rapid
3596,62289900321,62289900320571,-71.01634503130492,0.8598626476191574,N,rapid
3597,62289900321,62289900320731,-71.01554825613685,0.8817348472458661,N,rapid
3598,62292400601,62292400600481,-65.55258719776948,-8.597812273334469,N,waterfall
3599,62292400771,62292400770501,-66.36169316311603,-8.991844786389448,N,rapid
3600,62292400851,62292400850301,-66.14948413786703,-8.833968943253392,N,rapid
3601,62294400531,62294400530711,-70.31497725983058,-0.1481750854199146,N,rapid
3602,62294400691,62294400690481,-69.5581155304567,-0.8167971525818378,N,rapid
3603,62294400841,62294400840291,-70.8660705976766,-0.3438765553340548,N,rapid
3604,62294400871,62294400870121,-70.85555656995909,-0.3175015452656947,N,rapid
3605,62294400871,62294400870311,-70.86848591526883,-0.2887803201036697,N,rapid
3606,62294400911,62294400910111,-70.92565935307188,-0.0534392173127202,N,rapid
3607,62294400911,62294400910261,-70.94539160200769,-0.0403986427635813,N,rapid
3608,62294401731,62294401730401,-72.63618603116832,1.157296540190964,N,rapid
3609,62294600281,62294600280131,-73.12542960535919,0.0345511661095565,N,rapid
3610,62294600811,62294600810281,-72.29999259113275,0.3202513610174007,N,rapid
3611,62294700021,62294700020081,-72.4000736424521,-0.6080812698641387,N,rapid
3612,62294801011,62294801010321,-76.54422046700587,1.2231755049221,N,rapid
3613,62296402051,62296402050421,-71.83728404852351,-10.037710127362155,N,rapid
3614,62297404261,62297404260441,-76.85902457851081,0.6746621221989465,N,rapid
3615,62297803021,62297803020701,-77.34533530496226,0.0580709516298505,N,rapid
3616,62298400631,62298400630211,-76.17526456755326,-6.620903107502758,N,rapid
3617,62298400681,62298400680591,-76.51711619418268,-6.479448401407542,N,rapid
3618,62298400881,62298400880481,-77.53350736975406,-5.704305461894537,N,rapid
3619,62298402281,62298402280361,-75.95439883664173,-9.493935693174947,N,rapid
3620,62298601571,62298601570201,-78.05268764705653,-1.6601723087985718,N,rapid
3621,62298700391,62298700390461,-76.99498309375106,-5.344467317816032,N,rapid
3622,62298800431,62298800430271,-78.10626114050034,-3.0461386642849035,N,rapid
3623,62298800461,62298800460221,-78.24884479908468,-2.8978165310143407,N,rapid
3624,62298800641,62298800640391,-78.25930061338347,-3.04236608641229,N,rapid
3625,62298800641,62298800640711,-78.31121643409324,-3.0412813091068216,N,rapid
3626,62298800741,62298800740931,-77.8743202566649,-3.659983325175321,N,rapid
3627,62298800911,62298800910121,-78.67389979648175,-3.755827228400016,N,rapid
3628,62298900131,62298900130441,-77.9889774904958,-5.060183455492545,N,rapid
3629,62298900391,62298900390331,-78.44331762621088,-5.17614351843333,N,rapid
3630,62298900411,62298900410301,-78.47411418430991,-5.439441793990125,N,rapid
3631,62298900811,62298900810281,-78.03373666635736,-6.739332114087755,N,rapid
3632,62298901231,62298901230251,-76.7795566502633,-9.538591237066226,N,rapid
3633,62298901361,62298901360291,-78.90654377221834,-5.166573250053595,N,rapid
3634,62299401231,62299401230121,-75.07003807157356,-10.370711817664032,N,rapid
3635,62299600681,62299600680161,-73.22245093616199,-11.561918658037404,N,rapid
3636,62299700211,62299700210871,-74.414697437727,-11.214747949303828,N,rapid
3637,62299700501,62299700500391,-74.42276513435606,-11.081301129146617,N,rapid
3638,62299700511,62299700510111,-74.45154549702883,-11.054956595685075,N,rapid
3639,62299800051,62299800050791,-73.61494016422253,-12.809048916022553,N,rapid
3640,62299800061,62299800060901,-73.52855537163845,-12.93326863157452,N,rapid
3641,62299800341,62299800340121,-73.19517688397683,-13.416313286291418,N,rapid
3642,62299800481,62299800480091,-73.1492836498102,-13.435057663129596,N,rapid
3643,62299800531,62299800530321,-72.64835368829256,-13.527640047119815,N,rapid
3644,62299800641,62299800640271,-72.03476818269657,-13.755892684630991,N,rapid
3645,62299800701,62299800700161,-73.93199662926726,-13.8066979005884,N,rapid
3646,62299800911,62299800910101,-71.46152530177619,-14.44849952554651,N,rapid
3647,62299800911,62299800910651,-71.46279482354919,-14.526699571077728,N,waterfall
3648,62299900031,62299900030541,-74.24796620419693,-12.258569665227103,N,rapid
3649,62299900071,62299900070331,-74.49570998577231,-12.027785353448072,N,rapid
3650,62299900161,62299900160511,-74.58216958322346,-12.370166965419882,N,rapid
3651,62308700101,62308700100251,-50.28123252046231,-3.289605507109813,N,rapid
3652,62308700111,62308700110351,-50.336924948343786,-3.350644138149274,N,rapid
3653,62308900041,62308900040331,-50.59858913504876,-3.697190792891045,N,rapid
3654,62420300051,62420300050421,-49.30958003994364,-5.541117094609133,A,low head
3655,62444700111,62444700110431,-46.8828101084698,-10.263092540027678,N,rapid
3656,62444700121,62444700120611,-46.87076868178229,-10.388047748192696,N,rapid
3657,62444700151,62444700150141,-46.754868829330825,-10.599161102810932,N,rapid
3658,62444700151,62444700150281,-46.74852938039661,-10.620215039664188,N,rapid
3659,62445400031,62445400030361,-48.31350876181143,-11.481569282826912,N,rapid
3660,62445400051,62445400050461,-48.17833953312575,-11.59577598431955,N,rapid
3661,62445400071,62445400070401,-48.1158869994915,-11.714936992522937,N,rapid
3662,62445400081,62445400080141,-48.074743247086445,-11.721745399572868,N,rapid
3663,62445400101,62445400100301,-47.8184118192714,-11.762059885725336,N,rapid
3664,62445400161,62445400160491,-47.41380667891743,-11.954501390223818,N,rapid
3665,62445400171,62445400170361,-47.3658076922172,-11.912014485173843,N,rapid
3666,62445800051,62445800050181,-48.65293377786804,-12.101276122055006,N,rapid
3667,62446200121,62446200120451,-47.07221714380864,-12.36070755834712,N,rapid
3668,62446200131,62446200130131,-47.04057629178909,-12.37046356864588,N,rapid
3669,62446200381,62446200380141,-46.75309709573434,-11.739833198646792,A,dam
3670,62446300071,62446300070191,-47.72650830822707,-12.954203431862616,N,rapid
3671,62446300091,62446300090331,-47.7264585143375,-13.046616195091213,N,rapid
3672,62446300121,62446300120221,-47.56478129488682,-13.18080526735153,N,rapid
3673,62446300131,62446300130231,-47.48203977970813,-13.1944948404506,N,rapid
3674,62446300181,62446300180101,-47.228553827234045,-13.44894066619806,N,rapid
3675,62446300191,62446300190761,-47.06718117217537,-13.50691914920379,N,rapid
3676,62447600061,62447600060291,-47.91887988546579,-13.854846535048296,N,rapid
3677,62447600071,62447600070231,-47.86141749330006,-13.854947282511812,N,rapid
3678,62447600071,62447600070381,-47.84770567824734,-13.85135710890673,N,rapid
3679,62447800151,62447800150241,-47.90744979892518,-14.337915082474934,N,rapid
3680,62448000061,62448000060061,-48.7817644948519,-14.667048810009168,N,rapid
3681,62448000071,62448000070061,-48.73272192873651,-14.678802676206642,N,rapid
3682,62448000141,62448000140501,-48.61650983959609,-14.9892003893062,A,low head
3683,62448000181,62448000180251,-48.57792253826711,-15.163116023254624,N,rapid
3684,62449000031,62449000030461,-49.12679974235103,-14.74159864348891,N,rapid
3685,62460600061,62460600060761,-49.843674666868566,-10.871032087581566,A,low head
3686,62460900251,62460900250061,-50.06117299426086,-12.116321645410702,N,rapid
3687,62460900351,62460900350161,-50.15774117762197,-12.423238534225376,A,low head
3688,62480400041,62480400040071,-51.70434564532186,-14.58252807758504,N,rapid
3689,62480600021,62480600020101,-52.1955539631641,-14.598565491274698,N,rapid
3690,62480700071,62480700070441,-52.665161591061576,-14.808535195492524,N,rapid
3691,62480900131,62480900130461,-52.73614113164471,-15.007969752399257,N,rapid
3692,62480900231,62480900230301,-53.33736260853681,-15.367123943599688,N,rapid
3693,62480900241,62480900240221,-53.3882288450148,-15.357359116280373,N,rapid
3694,62495400161,62495400160571,-50.64507409577636,-15.594113536244516,N,rapid
3695,62495600161,62495600160201,-51.06751924923682,-16.110730406873543,N,rapid
3696,62496000221,62496000220541,-51.75797703226093,-16.0874297721044,N,rapid
3697,62496000261,62496000260601,-51.44567724088152,-16.324353536666344,N,rapid
3698,62496000291,62496000290161,-51.41674744586358,-16.37139177699993,N,rapid
3699,62496000291,62496000290441,-51.40697254767535,-16.403737544470477,N,rapid
3700,62498000261,62498000260391,-53.42042695607328,-15.82126930076634,N,waterfall
3701,62499000231,62499000230171,-52.42979108410824,-16.540852169761546,N,waterfall
3702,62499000281,62499000280131,-52.70031989385838,-16.572709698160473,N,rapid
3703,62499000361,62499000360271,-52.8660198859877,-16.777090193954205,N,rapid
3704,63210400441,63210400440251,-41.98693889117101,-3.789303543054455,N,rapid
3705,63210400521,63210400520711,-42.25996878751639,-4.1025629311250125,N,waterfall
3706,63210400531,63210400530301,-42.26721195780591,-4.162500404858326,A,low head
3707,63210400531,63210400530731,-42.24024396505253,-4.206129289694744,A,low head
3708,63220100051,63220100050461,-42.630759603354136,-5.34286494276195,N,rapid
3709,63280300091,63280300090141,-45.39650608317374,-7.617795522428253,N,rapid
3710,63280300101,63280300100691,-45.47408358950246,-7.713716360234176,N,rapid
3711,63304100111,63304100110341,-37.80938913414703,-4.918246447338784,A,bridge
3712,63304100291,63304100290221,-38.07233655020743,-5.182293668499688,A,low head
3713,63309400031,63309400030441,-35.330839184459485,-8.796402426089243,N,rapid
3714,63309400061,63309400060141,-35.47262863121792,-8.724059335733537,N,rapid
3715,63309400071,63309400070341,-35.52209739322179,-8.694671341153425,N,rapid
3716,63309400071,63309400070661,-35.548938062296166,-8.685754126307106,N,rapid
3717,63309400071,63309400070771,-35.56736728495765,-8.683459050873891,N,rapid
3718,63309600171,63309600170331,-36.03828318277482,-9.244808823911674,N,rapid
3719,63309600211,63309600210731,-35.85577997691854,-9.5211114983561,N,rapid
3720,63309600221,63309600220071,-35.84947623566638,-9.49181098976248,A,low head
3721,63309600221,63309600220351,-35.855238891096306,-9.453576581053616,N,rapid
3722,63470800161,63470800160881,-45.83722421271349,-16.153330380501444,N,rapid
3723,63470800401,63470800400591,-46.251821329019016,-15.594904491699388,N,rapid
3724,63470800591,63470800590261,-46.20173892799256,-15.47405506033374,A,low head
3725,63470800591,63470800590911,-46.19253129872453,-15.40251063010526,N,rapid
3726,63480200061,63480200060181,-45.54307772534719,-17.370102516112322,N,rapid
3727,63480200061,63480200060311,-45.55271042793195,-17.374310171720833,N,waterfall
3728,63480600371,63480600370711,-46.22424751295267,-18.090156963632268,N,rapid
3729,63480600381,63480600380371,-46.18556794918255,-18.15302077881811,N,rapid
3730,63480700101,63480700100371,-46.652711782305005,-16.52321002148101,N,rapid
3731,63494000071,63494000070501,-44.570954381302805,-17.914802505578557,N,rapid
3732,63494000201,63494000200301,-44.2113592052728,-18.57481852846319,N,rapid
3733,63494000511,63494000510081,-44.06968979152,-18.56870028274518,N,waterfall
3734,63494000511,63494000510401,-44.05928150046472,-18.596989049405977,N,waterfall
3735,63496000021,63496000020311,-45.38677131646845,-18.085926131465776,N,rapid
3736,63496000021,63496000020531,-45.42252828843498,-18.09999746659341,N,rapid
3737,63496000021,63496000020691,-45.44687837927319,-18.10882595462953,N,rapid
3738,63496000031,63496000030371,-45.53920778189084,-18.14744680805036,N,rapid
3739,63496000031,63496000030781,-45.5968037257334,-18.173648125691685,N,rapid
3740,63496000041,63496000040311,-45.65136023651828,-18.209532518096225,N,rapid
3741,63496000091,63496000090431,-45.8059160711136,-18.54035950024449,N,rapid
3742,63496000101,63496000100411,-45.830047878551845,-18.583130764445905,N,rapid
3743,63496000111,63496000110271,-45.84383882180763,-18.62225003968936,N,rapid
3744,63497000461,63497000460461,-45.64085794636413,-18.79128026833389,N,rapid
3745,63498000171,63498000170101,-44.97618112972152,-19.65251916161122,N,rapid
3746,63498000171,63498000170831,-44.90291967226639,-19.71918756704156,N,rapid
3747,63498000201,63498000200311,-44.89314443197912,-19.822338320673385,N,waterfall
3748,63498000421,63498000420481,-45.10018888892591,-19.60775942395108,N,rapid
3749,63499000201,63499000200571,-44.54669966282057,-19.58498632233753,N,rapid
3750,63499000241,63499000240351,-44.36005052332064,-19.876941863451247,N,rapid
3751,63499000311,63499000310061,-44.12316446650296,-20.23093975424276,N,rapid
3752,63499000331,63499000330311,-44.04066291935122,-20.34466747088048,N,rapid
3753,63520100031,63520100030361,-39.22081427001939,-14.344552368727264,N,rapid
3754,63520100061,63520100060061,-39.40632185222996,-14.30937058791642,A,low head
3755,63520500131,63520500130561,-40.03255784353731,-13.971075071992438,N,rapid
3756,63520700301,63520700300121,-40.98058653956668,-13.982141976506409,N,rapid
3757,63520700321,63520700320411,-41.04754769584483,-14.10192994389359,A,low head
3758,63520800361,63520800360111,-41.0961072780382,-14.125919906383492,A,low head
3759,63520800401,63520800400101,-41.17719121259065,-14.15306675054716,A,low head
3760,63520800401,63520800400341,-41.21444383602496,-14.155807187072035,A,low head
3761,63520800401,63520800400531,-41.24332063306099,-14.140138197948014,A,low head
3762,63530800101,63530800100151,-39.44467966470378,-15.582164102747845,N,waterfall
3763,63530800121,63530800120091,-39.549596097204734,-15.60519446595323,N,rapid
3764,63530800151,63530800150141,-39.70480096977936,-15.593406114706662,N,rapid
3765,63530800161,63530800160091,-39.74775919658341,-15.55642582240922,N,rapid
3766,63530800161,63530800160241,-39.77143635077675,-15.566337361860068,N,rapid
3767,63540100181,63540100180171,-40.21851655608475,-16.146040758530916,N,rapid
3768,63540200021,63540200020201,-42.03031120860174,-16.808976074421917,N,rapid
3769,63540200051,63540200050101,-42.11551823809648,-16.882728402266064,N,rapid
3770,63540200061,63540200060181,-42.16141090921004,-16.887072296338413,N,rapid
3771,63540300041,63540300040611,-42.28733589065704,-16.633926793467307,N,rapid
3772,63540700061,63540700060221,-42.424748844222,-16.65646116303041,N,rapid
3773,63540700061,63540700060371,-42.44581184222224,-16.657914118511922,N,rapid
3774,63540900241,63540900240261,-43.3084862733785,-17.521711174290306,N,rapid
3775,63550400091,63550400090261,-39.72237924160833,-17.50331206765706,N,rapid
3776,63550400091,63550400090431,-39.75058761866945,-17.5040487719229,N,rapid
3777,63550400111,63550400110531,-39.888418330573096,-17.441533577699396,N,rapid
3778,63550400111,63550400110871,-39.933968613052365,-17.43473632428707,A,bridge
3779,63550600231,63550600230451,-40.962776453817405,-17.59863555151308,N,rapid
3780,63550600271,63550600270161,-41.11107469010168,-17.570663775504276,N,rapid
3781,63550600271,63550600270371,-41.126726130284574,-17.552762515612567,N,rapid
3782,63550600271,63550600270731,-41.09866175736646,-17.535565634657182,N,rapid
3783,63550600271,63550600270901,-41.121798839730616,-17.52693310166769,N,rapid
3784,63550800091,63550800090311,-40.41650315736806,-18.514306973651696,A,dam
3785,63550800121,63550800120391,-40.461763454277865,-18.4111011358005,N,rapid
3786,63550800151,63550800150071,-40.58922904017533,-18.34194762714021,N,waterfall
3787,63550800181,63550800180471,-40.68285821740281,-18.194583439830257,A,low head
3788,63550800211,63550800210231,-40.889313655642525,-18.122328549114577,N,rapid
3789,63550800221,63550800220341,-40.94938813470081,-18.14511951710802,N,rapid
3790,63550800221,63550800220471,-40.964430781235045,-18.15179633415367,N,rapid
3791,63550800261,63550800260341,-40.234909722760655,-18.701684347143743,N,rapid
3792,63550800331,63550800330641,-40.698067077265385,-18.70482875046776,N,waterfall
3793,63560100171,63560100170271,-41.03557546629228,-19.66231696253637,N,rapid
3794,63560200041,63560200040081,-41.23534971956465,-19.48337186658604,N,rapid
3795,63560200041,63560200040291,-41.26367238667076,-19.49229548156736,N,rapid
3796,63560200071,63560200070281,-41.46288229917058,-19.53456728637525,N,rapid
3797,63560200081,63560200080061,-41.48156989333629,-19.51830938348448,N,waterfall
3798,63560200091,63560200090351,-41.55841174882459,-19.468222376660886,N,rapid
3799,63560200331,63560200330191,-41.442068646604746,-19.618194308271875,N,waterfall
3800,63560300081,63560300080061,-41.53162032851189,-19.063401261698733,N,rapid
3801,63560400291,63560400290121,-41.94456659375155,-18.57713186923483,N,rapid
3802,63560400341,63560400340521,-42.299214969948125,-18.37595933538291,N,rapid
3803,63560400401,63560400400131,-41.786200731128055,-18.852183599596767,N,rapid
3804,63560500011,63560500010101,-41.78738950309028,-18.870739079949008,N,rapid
3805,63560500021,63560500020141,-41.939000134043326,-18.860564245610465,A,low head
3806,63560600071,63560600070091,-42.71562672589882,-19.118103417082555,N,rapid
3807,63560600071,63560600070591,-42.73741295972511,-19.16913240111156,N,rapid
3808,63560600081,63560600080121,-42.76562017351014,-19.148261563113145,N,rapid
3809,63560600111,63560600110611,-42.87125856694623,-19.21845816001392,N,rapid
3810,63560600121,63560600120651,-42.95136489646916,-19.25118019800743,N,rapid
3811,63560600161,63560600160191,-43.24461478766837,-19.22679853473804,N,rapid
3812,63560600161,63560600160301,-43.25866719638962,-19.21999446443212,N,rapid
3813,63560800021,63560800020301,-42.65492778568133,-19.524783018829503,A,dam
3814,63560800031,63560800030471,-42.79952668411017,-19.62013360910112,N,rapid
3815,63560900051,63560900050111,-42.47610193302048,-19.772023218950725,N,rapid
3816,63560900171,63560900170471,-42.47608308703349,-19.982287166059223,N,rapid
3817,63560900191,63560900190331,-42.47478808633384,-20.08722316054075,N,rapid
3818,63560900361,63560900360361,-43.00012776408844,-20.475352159798422,N,rapid
3819,63560900371,63560900370241,-43.01801233448551,-20.503692020747973,N,rapid
3820,63560900431,63560900430301,-43.07893374774972,-20.63890521388668,N,rapid
3821,63560900511,63560900510371,-42.62436250332302,-20.1431858234906,N,rapid
3822,63560900521,63560900520241,-42.64757313100581,-20.15318739626001,N,rapid
3823,63570000061,63570000060791,-41.163804951563336,-20.760510518104844,N,rapid
3824,63570000071,63570000070701,-41.29431424813451,-20.75511079397693,N,rapid
3825,63570000081,63570000080471,-41.37519108542269,-20.755302947102354,N,rapid
3826,63570000101,63570000100251,-41.486310478527855,-20.73653845575569,N,rapid
3827,63570000231,63570000230161,-41.55542021655904,-21.172824863742765,A,low head
3828,63570000291,63570000290251,-41.719127740013015,-21.0538820780682,A,low head
3829,63570000291,63570000290461,-41.71935490248385,-21.02403185619675,N,rapid
3830,63580200101,63580200100331,-41.77900879325474,-21.269971266531225,N,rapid
3831,63580300041,63580300040261,-41.76153619721149,-21.62661659149592,N,rapid
3832,63580600021,63580600020381,-42.14099571409748,-21.56214159283728,N,rapid
3833,63580600041,63580600040461,-42.34600644622351,-21.465112059577336,N,rapid
3834,63580600041,63580600040561,-42.35222239416627,-21.45470715914586,N,rapid
3835,63580600041,63580600040871,-42.39589957677294,-21.44986777862164,N,rapid
3836,63580600081,63580600080411,-42.5892264329248,-21.43854698673061,N,rapid
3837,63580600091,63580600090231,-42.63116878060212,-21.41623998299968,N,rapid
3838,63580600141,63580600140511,-42.80403345249972,-21.323439465908937,N,rapid
3839,63580600261,63580600260841,-43.13837372795757,-21.31771863734037,N,rapid
3840,63580700091,63580700090201,-42.85739778381617,-21.951212631808385,N,rapid
3841,63580700091,63580700090531,-42.89700577005963,-21.982246672942924,N,rapid
3842,63580700101,63580700100081,-42.92020233721556,-21.99498612206904,N,rapid
3843,63580800091,63580800090451,-43.52572793744503,-22.07268762278161,N,rapid
3844,63580900051,63580900050581,-43.66696074031521,-22.33211427577902,N,rapid
3845,63580900061,63580900060061,-43.66838548312126,-22.34420365977088,N,rapid
3846,63580900231,63580900230141,-44.79639606283207,-22.54468424250719,A,dam
3847,63590000161,63590000160241,-43.70228160997691,-22.645448618849336,N,rapid
3848,64110200461,64110200460361,-48.81938616650592,-24.66226934887268,N,rapid
3849,64110200471,64110200470101,-48.84862181338294,-24.66976480259872,N,rapid
3850,64110200491,64110200490641,-49.10768828360795,-24.676028509035216,N,rapid
3851,64110200501,64110200500131,-49.1759519362418,-24.6720972951791,N,rapid
3852,64110200501,64110200500281,-49.19890344098573,-24.68385866081511,N,rapid
3853,64110200521,64110200520211,-49.34390504269405,-24.81243002548425,N,rapid
3854,64110200521,64110200520601,-49.38557413960128,-24.85024105937597,N,rapid
3855,64110200561,64110200560311,-49.55140703226521,-25.04990562705436,N,rapid
3856,64110400251,64110400250361,-49.37764876031209,-27.0014886238746,N,rapid
3857,64110400271,64110400270081,-49.44669251036492,-27.07267437098752,N,rapid
3858,64110400271,64110400270401,-49.47138155899399,-27.09132311631564,N,rapid
3859,64110400461,64110400460471,-49.54620770311696,-27.038669447086946,N,rapid
3860,64110400481,64110400480281,-49.58481448767736,-27.04677327278536,N,rapid
3861,64110600291,64110600290151,-48.963213602691006,-28.22917124378596,N,rapid
3862,64120200201,64120200200441,-51.771099468423365,-28.972655760943272,N,rapid
3863,64120200501,64120200500711,-52.00150510687116,-28.903122727417315,N,rapid
3864,64120200511,64120200510271,-52.03027531018446,-28.856425215045093,N,rapid
3865,64120200691,64120200690221,-51.42559926836849,-28.66879373564701,N,rapid
3866,64120200791,64120200790371,-51.35834589428358,-29.032686834413497,N,rapid
3867,64120200841,64120200840261,-51.14614849361856,-28.88198988107717,N,rapid
3868,64120200851,64120200850351,-51.02081024815944,-28.841567160543445,N,rapid
3869,64120200851,64120200850621,-50.98068083677433,-28.816441025891947,N,rapid
3870,64120500101,64120500100181,-52.89645763413128,-30.062979649190392,A,dam
3871,64120900291,64120900290501,-53.14454859921142,-29.31283779519545,N,rapid
3872,64120900301,64120900300281,-53.12510752506181,-29.26496956650904,N,rapid
3873,64120900591,64120900590441,-53.22677596456945,-29.055858450043967,N,rapid
3874,64130000161,64130000160931,-52.86246206734991,-30.91999656971604,N,rapid
3875,64130000171,64130000170641,-52.95607804730432,-30.931277528892608,N,rapid
3876,64130000171,64130000170811,-52.99025473720111,-30.929240319844183,N,rapid
3877,64130000211,64130000210451,-53.35618070071884,-30.98520639917181,N,rapid
3878,64140200091,64140200090261,-53.180066142448766,-31.881648010529773,N,rapid
3879,64140400081,64140400080101,-53.65654984365272,-32.317589722702216,N,rapid
3880,64140400091,64140400090081,-53.67664009195404,-32.25318825978277,N,rapid
3881,64150400051,64150400050741,-56.39600005760716,-34.51416525044577,A,low head
3882,64181600181,64181600180421,-56.74005044770944,-31.15949242976786,N,rapid
3883,64186400101,64186400100271,-54.54526402645657,-29.40326696894345,N,rapid
3884,64186600171,64186600170401,-54.09256415733537,-29.44870708305798,A,dam
3885,64186600181,64186600180371,-54.051090712664745,-29.418301552334057,A,dam
3886,64186600311,64186600310081,-54.01335785057579,-29.36294017468164,A,low head
3887,64187400211,64187400210141,-54.64141901951574,-28.74112057819548,N,rapid
3888,64187400231,64187400230471,-54.579528955400974,-28.81276334230775,N,waterfall
3889,64187600051,64187600050251,-55.053042560979314,-28.11592863315445,N,rapid
3890,64187600051,64187600050451,-55.06674590038426,-28.14295942613295,N,rapid
3891,64187600581,64187600580311,-54.03696749383403,-28.357810447091083,N,rapid
3892,64187600581,64187600580841,-54.00391032421872,-28.351595598243662,A,low head
3893,64187700321,64187700320731,-53.79862007959129,-27.06774551030528,N,rapid
3894,64187700331,64187700330801,-53.785058037555096,-27.027820863956844,N,rapid
3895,64187700371,64187700370371,-53.89334353425079,-27.068988450348183,N,rapid
3896,64187700491,64187700490761,-53.41951025983489,-26.806232620458115,N,rapid
3897,64187700621,64187700620161,-53.11315075841676,-27.54108046518517,N,rapid
3898,64187700681,64187700680301,-53.052177307507776,-27.887365748846545,A,low head
3899,64187800011,64187800010061,-53.00688918575114,-27.09790603976362,N,rapid
3900,64187800011,64187800010571,-52.97911511238658,-27.04959038995417,A,low head
3901,64187800021,64187800020111,-52.95398720442473,-27.03048156637136,N,rapid
3902,64187800031,64187800030541,-52.90549416620568,-26.951846667690983,N,rapid
3903,64187800041,64187800040241,-52.90124574530147,-26.94175189083005,N,rapid
3904,64187800051,64187800050181,-52.87460921487256,-26.911330387739746,N,rapid
3905,64187800051,64187800050381,-52.85672314987402,-26.91654908099122,N,rapid
3906,64187800081,64187800080221,-52.70410914465231,-26.80096607798969,N,rapid
3907,64187800101,64187800100701,-52.60315397464186,-26.72479615991829,N,rapid
3908,64187800111,64187800110151,-52.60551163819935,-26.677262477496942,N,rapid
3909,64187800111,64187800110821,-52.574786344546375,-26.65391070213388,N,rapid
3910,64187800201,64187800200161,-52.50826524424912,-26.79006549088562,N,rapid
3911,64187800421,64187800420321,-52.31094708670306,-26.56890837900724,N,rapid
3912,64187800461,64187800460061,-52.15098282751621,-26.685186652528504,N,rapid
3913,64187800461,64187800460191,-52.13760249455208,-26.67454452177221,N,rapid
3914,64187800531,64187800530171,-51.936174433960254,-26.68819942268529,N,rapid
3915,64187800561,64187800560481,-51.85475156329085,-26.69744331665709,N,rapid
3916,64187800581,64187800580221,-51.81129278587456,-26.681085966211583,N,rapid
3917,64187800581,64187800580451,-51.78102599240699,-26.6879818542756,N,rapid
3918,64187900551,64187900550191,-51.73633193709188,-27.39420913426709,N,rapid
3919,64187900561,64187900560161,-51.68579887555683,-27.362607838401427,N,rapid
3920,64187900591,64187900590091,-51.57212498528787,-27.301233644655767,A,low head
3921,64187900661,64187900660351,-51.32856769959832,-27.110799884050536,N,rapid
3922,64187900661,64187900660471,-51.30996226061925,-27.11612376068192,N,rapid
3923,64187900661,64187900660661,-51.28597901817028,-27.0941737250042,N,rapid
3924,64187900701,64187900700351,-51.26629288230312,-27.0656257945494,N,rapid
3925,64187900721,64187900720071,-51.2202593909988,-27.041916640759496,A,low head
3926,64187900721,64187900720221,-51.227642563162426,-27.02819058779544,N,rapid
3927,64187900931,64187900930141,-51.750361986159085,-27.615362220236936,A,low head
3928,64187900931,64187900930721,-51.72358316897283,-27.656389365956745,N,rapid
3929,64188000181,64188000180371,-50.66097144208285,-28.32083150486825,N,rapid
3930,64188000191,64188000190511,-50.600543202017455,-28.38308773216143,N,rapid
3931,64188000201,64188000200111,-50.56868945470076,-28.40573776896071,N,rapid
3932,64188000201,64188000200361,-50.530436963516,-28.42846657485021,N,rapid
3933,64188000221,64188000220081,-50.41375124210632,-28.42365046422332,N,rapid
3934,64188000221,64188000220271,-50.40632614676887,-28.39916940698226,N,rapid
3935,64188000231,64188000230211,-50.35289676770094,-28.38163138858191,N,rapid
3936,64188000241,64188000240381,-50.26743656220948,-28.33378485108793,N,rapid
3937,64188000251,64188000250211,-50.25691744952169,-28.31399433849852,N,rapid
3938,64188000251,64188000250451,-50.23389310406351,-28.30306755628601,N,rapid
3939,64188000391,64188000390251,-50.29877371620952,-28.441849443582463,N,rapid
3940,64188000401,64188000400511,-50.20501656792944,-28.445937461839403,N,rapid
3941,64188000411,64188000410451,-50.14631401023553,-28.455059329449384,N,rapid
3942,64188000411,64188000410751,-50.11466868035664,-28.43847468937588,N,rapid
3943,64188000431,64188000430171,-49.9722060662836,-28.43978665922197,N,waterfall
3944,64188000431,64188000430621,-49.93400897490833,-28.476044888225346,N,rapid
3945,64188000431,64188000430751,-49.93743533079185,-28.46029456048808,N,rapid
3946,64188000441,64188000440281,-49.88793856785011,-28.442031524845014,N,rapid
3947,64188000451,64188000450241,-49.8640202355516,-28.462372910400727,N,rapid
3948,64188000461,64188000460361,-49.81378951897429,-28.484426938673508,N,rapid
3949,64188000471,64188000470131,-49.80368025160557,-28.482127093545746,N,rapid
3950,64188000471,64188000470251,-49.78897637456847,-28.496943219922485,N,rapid
3951,64188000511,64188000510381,-49.800253551126936,-28.42567781134888,N,rapid
3952,64189000101,64189000100381,-50.96461673329967,-27.65466226962579,N,rapid
3953,64189000251,64189000250211,-50.57344487938212,-27.48998604118401,N,rapid
3954,64189000341,64189000340211,-50.75964001860663,-27.6210377778029,N,rapid
3955,64189000391,64189000390331,-50.58162425512954,-27.730643377795992,N,rapid
3956,64189000391,64189000390471,-50.566016235273445,-27.73163218101495,N,rapid
3957,64189000401,64189000400441,-50.540770632487416,-27.7660639726481,N,rapid
3958,64189000481,64189000480441,-50.73550859767377,-27.178747081186007,N,waterfall
3959,64218300101,64218300100341,-61.17055075135531,-32.85318322021766,A,dam
3960,64229300741,64229300740241,-63.892869278357104,-25.71639635880013,A,dam
3961,64242400341,64242400340371,-64.115670808718,-22.31817469205232,N,rapid
3962,64242400351,64242400350151,-64.10613840277168,-22.230709690347545,N,rapid
3963,64242400391,64242400390161,-64.31354017893402,-22.11359389909724,N,rapid
3964,64242400401,64242400400201,-64.28844335491866,-22.01681358877729,N,rapid
3965,64244300921,64244300920471,-63.54305979307385,-21.261221439774133,N,rapid
3966,64244300951,64244300950231,-63.82007446099286,-21.20429773638739,N,rapid
3967,64244500031,64244500030391,-64.19981332794619,-21.038434895085214,N,rapid
3968,64245500261,64245500260241,-56.74008645434657,-23.013250423143568,N,rapid
3969,64245500271,64245500270301,-56.70401440314365,-22.948190086130825,N,rapid
3970,64245700181,64245700180181,-57.61879031978456,-22.09571513800611,N,rapid
3971,64247400391,64247400390371,-55.51363655174485,-20.46289846706491,N,rapid
3972,64247400461,64247400460331,-55.1069179381446,-20.149287205655924,N,rapid
3973,64247800421,64247800420151,-54.74505196892324,-18.656287478877097,N,rapid
3974,64247800711,64247800710291,-54.6080445265477,-18.675770048000988,N,rapid
3975,64247801781,64247801780421,-54.6300729134597,-18.381474990158065,N,rapid
3976,64247801791,64247801790131,-54.61106966379733,-18.364134345314547,N,waterfall
3977,64247801811,64247801810101,-54.55487597095094,-18.215676387032094,N,waterfall
3978,64247801811,64247801810281,-54.53004709955499,-18.196364498360435,N,rapid
3979,64248700521,64248700520251,-58.123736479925206,-15.181934863018986,N,rapid
3980,64248800141,64248800140141,-57.74248548354871,-14.972139971594776,N,rapid
3981,64248800151,64248800150321,-57.80920775993256,-14.914160611961002,N,waterfall
3982,64248800241,64248800240221,-57.80294392278883,-14.69265552518171,N,rapid
3983,64248800261,64248800260361,-57.73395095180095,-14.608020426528755,N,rapid
3984,64249401511,64249401510731,-54.18222787125433,-16.499096951363512,N,rapid
3985,64249403611,64249403610301,-54.24331475325305,-17.629342862808375,N,rapid
3986,64249600011,64249600010301,-56.21502812898897,-14.671765760286911,N,waterfall
3987,64251300191,64251300190231,-54.9793205454712,-26.69273913200749,N,rapid
3988,64251300441,64251300440351,-54.60612012479953,-26.503625506338505,N,rapid
3989,64251300471,64251300470081,-54.48715750123762,-26.51532844992118,N,rapid
3990,64251300471,64251300470371,-54.44738452387953,-26.52059688932199,N,rapid
3991,64251400011,64251400010061,-54.67164551095728,-26.048488275298823,N,waterfall
3992,64251400011,64251400010361,-54.71281081900988,-26.05615904910229,N,waterfall
3993,64252100211,64252100210201,-53.71700349317824,-25.58890300764647,N,rapid
3994,64252200041,64252200040231,-53.0810196615808,-25.58715513611895,A,low head
3995,64252200081,64252200080701,-52.920030076991374,-25.76145889793084,N,rapid
3996,64252200101,64252200100571,-52.86469714379272,-25.857233882875395,N,waterfall
3997,64252200111,64252200110371,-52.81708054841697,-25.87312807771279,A,low head
3998,64252200131,64252200130121,-52.77310036119659,-25.93421104019537,N,rapid
3999,64252200171,64252200170471,-52.63872360794179,-26.0312423855673,N,rapid
4000,64252200181,64252200180161,-52.64923515225832,-26.052535985673305,N,rapid
4001,64252200211,64252200210361,-52.57315530143142,-26.11784239831925,N,rapid
4002,64252200221,64252200220101,-52.5749375052104,-26.151018675061668,N,rapid
4003,64252200221,64252200220361,-52.54839685555953,-26.160730057650948,N,rapid
4004,64252200231,64252200230391,-52.51211818056115,-26.171957956387075,N,rapid
4005,64252200261,64252200260081,-52.44011523732041,-26.21440515741717,N,rapid
4006,64252200261,64252200260261,-52.454344082592776,-26.221384858305186,N,rapid
4007,64252200281,64252200280161,-52.42406127463429,-26.241269496764875,N,waterfall
4008,64252200301,64252200300351,-52.31161758625815,-26.2825439394499,N,waterfall
4009,64252200301,64252200300481,-52.30470990791877,-26.278289680458244,N,rapid
4010,64252200321,64252200320451,-52.25118995628511,-26.28643114823009,N,rapid
4011,64252200331,64252200330241,-52.21253173241585,-26.302860387475665,N,rapid
4012,64252200341,64252200340081,-52.19241209100737,-26.31974297260305,N,rapid
4013,64252200341,64252200340231,-52.19166482601721,-26.33398416953786,N,rapid
4014,64252200341,64252200340411,-52.17575583870113,-26.336154666720923,N,rapid
4015,64252200351,64252200350101,-52.150733654368615,-26.32267210451933,N,rapid
4016,64252200351,64252200350491,-52.13776670274103,-26.32954687266424,N,waterfall
4017,64252200401,64252200400071,-51.91616650300398,-26.40943138057268,N,rapid
4018,64252200401,64252200400221,-51.90555443497514,-26.39863746969636,N,waterfall
4019,64252200461,64252200460351,-52.85638684263174,-25.89045296630228,N,rapid
4020,64252200461,64252200460531,-52.84205319118024,-25.91276885767022,N,rapid
4021,64252300321,64252300320111,-52.23680337668515,-25.52887929066869,N,rapid
4022,64252400041,64252400040191,-52.02308456439577,-25.7209580712296,N,waterfall
4023,64252400191,64252400190151,-51.782560196591575,-25.52483106490999,A,low head
4024,64252400201,64252400200121,-51.75368065826774,-25.50064667793092,N,rapid
4025,64252400301,64252400300091,-51.73508262567653,-25.614604762168486,N,rapid
4026,64252400301,64252400300301,-51.70379699067572,-25.61191819966668,N,rapid
4027,64252400311,64252400310091,-51.65762390594131,-25.599373857492694,N,rapid
4028,64252400311,64252400310251,-51.64231563713826,-25.61570491187389,N,rapid
4029,64252400311,64252400310371,-51.64055087175759,-25.598528580891024,N,waterfall
4030,64252500321,64252500320341,-51.26636889767346,-26.38562536092424,N,rapid
4031,64252500471,64252500470151,-51.883285151983365,-26.1190168669494,N,rapid
4032,64252500491,64252500490121,-51.80936839563744,-26.202166461378,N,rapid
4033,64252500491,64252500490451,-51.78585524220542,-26.221483631289928,N,waterfall
4034,64252900161,64252900160301,-49.85295003326607,-25.551821548081342,N,waterfall
4035,64253000571,64253000570451,-54.51520552630706,-24.27479212110984,N,rapid
4036,64253000831,64253000830201,-54.10177825248854,-24.745328330231743,N,rapid
4037,64253001201,64253001200101,-54.16020825867661,-24.871034323659007,N,rapid
4038,64253001201,64253001200361,-54.12725640668086,-24.87201878253004,N,rapid
4039,64253001201,64253001200481,-54.116797690264825,-24.87021595347605,N,rapid
4040,64253001251,64253001250451,-54.01323750136957,-24.737326380915533,N,rapid
4041,64254000081,64254000080291,-53.97081723740506,-24.128265158198776,N,rapid
4042,64254000101,64254000100541,-53.807506254082654,-24.18442895946931,A,low head
4043,64254000121,64254000120161,-53.67550465940675,-24.20231936944216,N,rapid
4044,64254000151,64254000150331,-53.4010578697945,-24.243416734261256,N,rapid
4045,64254000211,64254000210281,-53.09270515873169,-24.611656621606727,N,rapid
4046,64254000211,64254000210811,-53.06330071359607,-24.64248488132475,N,rapid
4047,64254000221,64254000220401,-53.0182434093077,-24.6690891639422,N,rapid
4048,64254000231,64254000230441,-52.94690583251154,-24.686877383706776,A,low head
4049,64254000251,64254000250211,-53.32459407073574,-24.123506126308968,N,rapid
4050,64254000381,64254000380221,-52.8446030340805,-24.742762323335583,N,rapid
4051,64254000381,64254000380351,-52.8272005793851,-24.73917638824601,N,rapid
4052,64254000391,64254000390251,-52.79514260509479,-24.73792967113586,N,rapid
4053,64254000401,64254000400261,-52.773346637146645,-24.74993894510544,N,rapid
4054,64254000511,64254000510081,-52.85443488915802,-24.76242377780657,N,rapid
4055,64254000511,64254000510561,-52.86399039001212,-24.802542182824645,N,rapid
4056,64254000531,64254000530111,-52.74873325942523,-24.859551779897583,N,rapid
4057,64254000531,64254000530641,-52.741371432539246,-24.85747095654062,N,rapid
4058,64254000531,64254000530921,-52.71130435970397,-24.873681829607992,N,rapid
4059,64254000541,64254000540221,-52.69614758475998,-24.89435890777726,N,rapid
4060,64254000541,64254000540431,-52.65625514654788,-24.896224654368503,N,rapid
4061,64254000601,64254000600441,-52.430872206973824,-25.034673562693023,N,rapid
4062,64255000251,64255000250401,-54.63080860571083,-22.925334617972062,N,rapid
4063,64255000271,64255000270241,-54.751903316702446,-22.88762281962628,N,rapid
4064,64255000291,64255000290261,-54.82757581421038,-22.882436258573858,N,rapid
4065,64255000291,64255000290411,-54.8432748188229,-22.88672036045553,N,rapid
4066,64255000311,64255000310071,-54.917714554925816,-22.913078436649485,N,rapid
4067,64255000331,64255000330541,-55.00424694192109,-22.914700422816907,N,waterfall
4068,64255000351,64255000350791,-55.12615753712792,-22.93425907974468,N,rapid
4069,64255000501,64255000500451,-54.88633268151714,-23.83108026158563,N,rapid
4070,64255000511,64255000510501,-55.00026377647314,-23.884579403887983,N,rapid
4071,64255000511,64255000510631,-55.009303710615576,-23.870774334890704,N,rapid
4072,64256100201,64256100200091,-52.15923648291636,-23.674860050995573,N,rapid
4073,64256100201,64256100200471,-52.112577502327376,-23.68387244446208,N,rapid
4074,64256300011,64256300010391,-52.05996021634672,-23.73436677646937,N,rapid
4075,64256300021,64256300020071,-52.03418221856106,-23.76597125109475,N,rapid
4076,64256300031,64256300030131,-51.996541649145904,-23.792032347791725,N,rapid
4077,64256300051,64256300050081,-51.957872890842175,-23.86861125470425,N,rapid
4078,64256400031,64256400030381,-51.94432380074269,-24.04186518273839,N,rapid
4079,64256400031,64256400030541,-51.94087214610317,-24.05402464944034,N,rapid
4080,64256400051,64256400050371,-51.94309306830965,-24.153193211820504,N,rapid
4081,64256400051,64256400050601,-51.95467691544283,-24.16499728526897,N,rapid
4082,64256500011,64256500010821,-51.83666040983451,-23.930959408892136,N,rapid
4083,64256500021,64256500020101,-51.80579599845712,-23.921234574864155,N,rapid
4084,64256500021,64256500020451,-51.74853736420643,-23.93361412466194,N,rapid
4085,64256700011,64256700010221,-51.71634587361584,-23.94947763512222,N,rapid
4086,64256700011,64256700010541,-51.682368820020976,-23.974939751111336,N,waterfall
4087,64256700041,64256700040201,-51.65200921882255,-24.024412992432723,N,rapid
4088,64256900041,64256900040111,-51.55457348810622,-24.10726717469444,N,rapid
4089,64256900041,64256900040231,-51.5721888111266,-24.118873194151345,N,rapid
4090,64256900041,64256900040571,-51.53878557694167,-24.136595965736063,N,rapid
4091,64256900041,64256900040721,-51.556822451608106,-24.1540078432006,N,rapid
4092,64256900041,64256900040901,-51.542184801948345,-24.17946706459739,N,rapid
4093,64256900071,64256900070851,-51.44332730075865,-24.374909114663243,N,rapid
4094,64256900091,64256900090791,-51.46218218066958,-24.51611550508764,N,rapid
4095,64261000131,64261000130541,-51.99653506401338,-22.617719605470374,N,rapid
4096,64261000151,64261000150171,-52.0893232913661,-22.77550379852473,N,rapid
4097,64261000151,64261000150361,-52.0715825141482,-22.79647754718332,N,rapid
4098,64261000181,64261000180221,-52.03458915162761,-22.96834279579786,N,rapid
4099,64262000101,64262000100511,-50.99416896458945,-23.354827856918885,N,rapid
4100,64262000131,64262000130121,-50.94596050240177,-23.510636982710995,N,waterfall
4101,64262000181,64262000180261,-50.89478509568705,-23.775593978532893,N,rapid
4102,64262000181,64262000180821,-50.87829316766848,-23.852574830256515,N,rapid
4103,64262000191,64262000190061,-50.86215496772234,-23.864650505164885,N,rapid
4104,64262000201,64262000200141,-50.78646495818405,-23.90395952875736,N,rapid
4105,64262000321,64262000320421,-50.59059022130989,-24.39088222513188,N,waterfall
4106,64262000321,64262000320751,-50.55667397375521,-24.416933338646786,N,waterfall
4107,64262000331,64262000330221,-50.51958601502165,-24.43798888620844,N,rapid
4108,64262000331,64262000330401,-50.49878513441492,-24.451731898772724,N,rapid
4109,64262000341,64262000340341,-50.39793694700617,-24.52340730862839,N,rapid
4110,64262000341,64262000340491,-50.40617900614866,-24.534683990516264,A,dam
4111,64262000361,64262000360191,-50.36206243557078,-24.72442938965749,N,rapid
4112,64262000361,64262000360541,-50.33395847541159,-24.75260007201564,N,rapid
4113,64262000421,64262000420301,-50.73589805876298,-23.99111481919852,N,rapid
4114,64264000031,64264000030091,-50.45168959835232,-23.04412844683337,N,rapid
4115,64264000041,64264000040481,-50.45456361697063,-23.126361208427312,A,low head
4116,64264000081,64264000080251,-50.48683591629246,-23.321365762424023,N,rapid
4117,64264000151,64264000150401,-50.33488210090724,-23.05641683669279,N,rapid
4118,64264000161,64264000160671,-50.25804474055698,-23.12141829523913,N,rapid
4119,64264000161,64264000160821,-50.25757135313494,-23.10094776151529,N,rapid
4120,64264000181,64264000180251,-50.23929426591242,-23.1991999837634,N,rapid
4121,64267000121,64267000120351,-49.837269023934105,-23.068395622939967,A,dam
4122,64272200091,64272200090061,-53.67408224523666,-21.55573467646934,N,waterfall
4123,64272200171,64272200170451,-53.63809983251807,-21.46247081469093,N,waterfall
4124,64272600021,64272600020181,-53.7952565452365,-20.41247393855232,N,rapid
4125,64272700011,64272700010221,-53.70695405841163,-20.414741374219894,N,rapid
4126,64272700021,64272700020111,-53.74682429512787,-20.333868994446085,N,rapid
4127,64272700031,64272700030071,-53.79227984621607,-20.2265247353242,N,rapid
4128,64274000061,64274000060061,-52.36340007426702,-20.884787508889417,N,rapid
4129,64274000191,64274000190121,-53.27145537842944,-19.97860411033137,A,dam
4130,64275000101,64275000100691,-50.91964107681494,-21.45565754607481,N,rapid
4131,64276000081,64276000080641,-52.087172874012026,-20.21494705491655,N,rapid
4132,64276000081,64276000080861,-52.09049423398263,-20.181960521979857,N,rapid
4133,64276000091,64276000090111,-52.1042384573384,-20.15648215955032,N,rapid
4134,64276000171,64276000170081,-52.5045783868155,-19.5461676301725,A,dam
4135,64276000181,64276000180281,-52.46396583767886,-19.46417558109276,N,rapid
4136,64276000191,64276000190401,-52.46683494532292,-19.39514350518081,N,rapid
4137,64276000271,64276000270131,-52.51889743673142,-19.529152933499667,A,dam
4138,64276000331,64276000330241,-52.80657313664218,-19.254803933231784,N,rapid
4139,64276000331,64276000330511,-52.832548137366494,-19.242605391165377,N,rapid
4140,64278900241,64278900240411,-47.080904386253714,-23.385013194399825,N,rapid
4141,64278900261,64278900260381,-47.039931567991424,-23.392613982810698,N,rapid
4142,64281200051,64281200050111,-51.11455701468245,-19.304754760764727,N,rapid
4143,64281200141,64281200140091,-51.77483370947814,-19.07809777945321,N,rapid
4144,64281200141,64281200140431,-51.81578215392763,-19.055039713067885,N,rapid
4145,64281400131,64281400130291,-51.54843036506818,-18.83380699008368,N,waterfall
4146,64281400131,64281400130711,-51.588693551120514,-18.80940950427664,N,rapid
4147,64281400151,64281400150121,-51.62675306518753,-18.78755951829196,N,rapid
4148,64281400151,64281400150411,-51.65835306357709,-18.78331167203888,N,rapid
4149,64281400161,64281400160331,-51.74205098684462,-18.75742239530826,N,rapid
4150,64281600081,64281600080371,-51.01813627620309,-18.89811263856976,N,rapid
4151,64281600161,64281600160401,-51.42391292306457,-18.610112876964763,N,rapid
4152,64281800231,64281800230101,-51.25372327688217,-18.35255265948644,N,waterfall
4153,64281800281,64281800280601,-51.69618622240805,-17.976319130154074,N,rapid
4154,64281800311,64281800310311,-51.789433904623706,-17.848005374962774,N,rapid
4155,64282000051,64282000050061,-49.73988162407731,-18.861685015864715,N,rapid
4156,64282000061,64282000060091,-49.66000503772421,-18.903032727534228,N,rapid
4157,64282000111,64282000110311,-49.23917940527439,-18.937676884348097,N,waterfall
4158,64282000111,64282000110521,-49.2076735913416,-18.93466998756393,N,rapid
4159,64282000121,64282000120301,-49.16130979235199,-18.94214809465124,N,rapid
4160,64282000121,64282000120691,-49.10428303467149,-18.972941778052444,N,rapid
4161,64282000191,64282000190501,-48.53845441182286,-19.263021812302146,N,rapid
4162,64282000221,64282000220721,-49.73007033134517,-18.99449000617201,N,rapid
4163,64282000241,64282000240711,-49.515760904173625,-19.20224940573333,N,rapid
4164,64282000251,64282000250211,-49.47950069034054,-19.24101166350176,N,rapid
4165,64282000261,64282000260201,-49.36394139453637,-19.30702278434625,N,rapid
4166,64284400051,64284400050281,-50.42023733173205,-17.863778858963542,N,rapid
4167,64284400061,64284400060201,-50.424946758818834,-17.816883423147964,N,waterfall
4168,64284400061,64284400060461,-50.43791487268217,-17.779800141794468,N,rapid
4169,64284400071,64284400070291,-50.44556607525703,-17.739971137416195,N,waterfall
4170,64284400131,64284400130251,-50.5577253465095,-17.54244295666554,N,rapid
4171,64284400231,64284400230281,-50.86241563969211,-17.267519686093113,A,dam
4172,64285000451,64285000450671,-49.31892430651392,-17.57549096767133,N,rapid
4173,64285000461,64285000460111,-49.311775813984006,-17.532176896537315,N,rapid
4174,64286400041,64286400040141,-48.6016298957198,-17.325377859383373,N,waterfall
4175,64286400041,64286400040741,-48.58693283390099,-17.250230266465,N,rapid
4176,64286500031,64286500030321,-48.31183863009627,-17.447444993643813,N,rapid
4177,64286500031,64286500030551,-48.28403537917704,-17.43096420364652,N,rapid
4178,64286500031,64286500030751,-48.27881115202223,-17.407042654438175,N,rapid
4179,64286600011,64286600010311,-48.20086167179228,-17.284282417285766,N,rapid
4180,64286600011,64286600010781,-48.17181832862258,-17.242387734735612,N,rapid
4181,64286600021,64286600020081,-48.15802739228176,-17.21139146915431,N,rapid
4182,64286600071,64286600070071,-48.09976644234356,-16.76602788329934,N,rapid
4183,64286700031,64286700030621,-47.95989689418831,-17.054883042830408,N,rapid
4184,64286700081,64286700080191,-48.10487367980752,-17.264008954429357,N,rapid
4185,64286700091,64286700090431,-48.033368690496886,-17.195599326348013,N,rapid
4186,64286700101,64286700100211,-48.16849128858804,-17.29837481693613,N,rapid
4187,64286800011,64286800010251,-47.88525555689893,-16.784668727814616,A,dam
4188,64288000441,64288000440261,-47.4638222840671,-19.57387375344039,N,rapid
4189,64288000461,64288000460291,-47.455703239853904,-19.64592234559016,N,rapid
4190,64288000461,64288000460431,-47.44430046625283,-19.667128156823903,N,rapid
4191,64288000471,64288000470131,-47.4015244460823,-19.73672775214936,N,rapid
4192,64289800061,64289800060261,-47.354350647653256,-18.09715290261637,N,rapid
4193,64289800061,64289800060401,-47.35417094726385,-18.08551109954057,N,rapid
4194,64289800131,64289800130331,-47.13415408745096,-18.26255757487408,N,rapid
4195,64294200181,64294200180781,-47.142248168628434,-21.499533015055448,N,rapid
4196,64294200281,64294200280621,-46.76462457035449,-21.541394769177,N,rapid
4197,64294200381,64294200380381,-46.48331113713601,-21.7009821166893,N,rapid
4198,64294500191,64294500190191,-47.76186531744363,-21.694089837277826,N,rapid
4199,64296000051,64296000050381,-48.24092682898108,-20.22831283123164,N,rapid
4200,64296000071,64296000070151,-48.155810505081824,-20.26969157613195,N,rapid
4201,64296000251,64296000250421,-47.65558986631029,-20.661651249937474,N,rapid
4202,64299000481,64299000480311,-45.07659160907332,-20.85004726854056,N,waterfall
4203,64299000481,64299000480491,-45.06632704858552,-20.831482957660608,N,waterfall
4204,64299000501,64299000500391,-45.02858486915382,-20.786270787754805,N,waterfall
4205,64299000511,64299000510111,-45.00033626525622,-20.77387800344786,N,rapid
4206,64401700111,64401700110421,-64.69470130170879,-27.488077772964385,N,rapid
4207,64401700131,64401700130331,-64.79230725382656,-27.479667999590333,N,rapid
4208,64401700131,64401700130631,-64.84007848583039,-27.495322587116032,A,low head
4209,65120300131,65120300130461,-58.85051947318544,-35.650534558430714,A,bridge
4210,65120300141,65120300140431,-58.93552268585495,-35.62358821654322,A,low head
4211,65120600151,65120600150441,-59.28084808109014,-35.37313678545656,A,dam
4212,65120600221,65120600220361,-59.66144867974143,-35.20957329564515,A,bridge
4213,65120600301,65120600300821,-60.40458364221816,-35.05722912604888,A,dam
4214,65160000061,65160000060311,-58.823696471235,-38.31527673708768,N,rapid
4215,65160000071,65160000070211,-58.88214331703016,-38.27724457886212,N,waterfall
4216,65160000071,65160000070331,-58.90529946062308,-38.27095929153997,N,waterfall
4217,65160000071,65160000070811,-58.99163180925719,-38.24861012003125,N,rapid
4218,65160000101,65160000100401,-59.275842135233866,-38.14545592889338,N,rapid
4219,65160000101,65160000100531,-59.30116158398504,-38.13819515127949,N,rapid
4220,65210000091,65210000090401,-62.87654205091511,-39.51836548920239,A,low head
4221,65210000101,65210000100281,-62.96219071229183,-39.51728055283461,A,low head
4222,65220100311,65220100310291,-64.9956705157661,-38.81922127856323,N,rapid
4223,65220500371,65220500370231,-68.56400678964074,-37.45633252995896,N,rapid
4224,65220500501,65220500500111,-69.72713567838599,-37.08624708888461,N,rapid
4225,65220700061,65220700060121,-69.66232352540418,-36.519589474762654,N,rapid
4226,65220700151,65220700150361,-69.91560464497589,-35.87250120812467,N,rapid
4227,65220900081,65220900080481,-70.20347083618056,-35.59428381459291,N,rapid
4228,65250200081,65250200080431,-68.00351449944434,-34.61174742266999,A,low head
4229,65322100041,65322100040431,-68.17384452001099,-38.724884927292514,A,bridge
4230,65342500371,65342500370661,-69.77813117295645,-42.67754313077142,N,rapid
4231,66140000111,66140000110301,-72.93914906566985,-47.4215947658162,N,rapid
4232,66140000601,66140000600391,-71.99536684445957,-46.254712293937615,N,waterfall
4233,66160000061,66160000060401,-72.6381035888553,-45.40400070845305,N,rapid
4234,66170000021,66170000020481,-72.58264043415565,-44.7401254107148,N,rapid
4235,66170000061,66170000060271,-72.19825961200073,-44.70528396447481,N,rapid
4236,66180000321,66180000320141,-72.33612079164394,-43.97053194071447,N,rapid
4237,66180000671,66180000670061,-71.98760103958216,-44.21617852996585,N,rapid
4238,66180000921,66180000920211,-72.43909859644141,-43.6439785602405,N,rapid
4239,66190200291,66190200290501,-72.0195206263067,-43.35423392071732,N,rapid
4240,66190200331,66190200330351,-71.91958390345927,-43.28211433635822,N,rapid
4241,66190200331,66190200330841,-71.87044789895347,-43.22395451691438,N,rapid
4242,66190300021,66190300020341,-72.30576946823402,-42.46658180442781,N,rapid
4243,66190400041,66190400040441,-72.05836331212191,-41.840134068086506,N,rapid
4244,66190600011,66190600010141,-72.31901666189964,-41.36923144895779,N,rapid
4245,66190600091,66190600090691,-72.01838676814475,-40.95491187015229,N,rapid
4246,66210400061,66210400060751,-72.46085006422227,-39.76538022370482,N,rapid
4247,66210600041,66210600040181,-71.84656572103691,-39.29857995405865,N,rapid
4248,66220000061,66220000060611,-72.61412389163951,-37.23041754458544,N,rapid
4249,66220000071,66220000070081,-72.52895210311166,-37.24530584849008,A,dam
4250,66220000111,66220000110341,-72.3140305308881,-37.2060730765612,N,rapid
4251,66220000381,66220000380671,-71.87368652774852,-37.712664679173976,N,rapid
4252,66220000411,66220000410301,-71.69760277377323,-37.8011869428396,N,rapid
4253,66240000321,66240000320181,-71.77336290892535,-35.73420044073041,N,rapid
4254,66240000591,66240000590151,-71.96070711352483,-35.82449861926509,N,rapid
4255,66405900401,66405900400241,-70.22425235977961,-15.473123368638582,A,bridge
4256,67201000571,67201000570391,-79.3139445376796,-2.3948525239572374,A,dam
4257,67204000111,67204000110091,-79.3708479769396,0.4738409974838428,N,rapid
4258,67204000211,67204000210281,-79.01305363966121,0.2309737319498498,N,rapid
4259,67204000341,67204000340321,-79.49283430638252,0.3118879205400873,N,rapid
4260,67206000251,67206000250211,-77.48326088995103,1.6009999577887644,N,rapid
4261,67207000041,67207000040521,-77.24088517008424,2.785925599523011,N,rapid
4262,71218000021,71218000020071,-97.17960431172796,52.93117033034602,N,rapid
4263,71223200151,71223200150161,-96.66321070601948,52.26315436300968,N,rapid
4264,71223200171,71223200170091,-96.39866600293568,52.176412842499786,N,rapid
4265,71223200171,71223200170241,-96.36708754005213,52.1723988455261,N,rapid
4266,71223200171,71223200170401,-96.337320012937,52.157012186180594,N,rapid
4267,71223200211,71223200210061,-96.24782447231556,52.1460442439488,N,rapid
4268,71223200241,71223200240231,-96.0993320450576,52.20831064812436,N,rapid
4269,71223400171,71223400170391,-96.90540596569583,52.18798625386162,N,rapid
4270,71223400181,71223400180371,-96.758126900859,52.12998425867789,N,rapid
4271,71223400251,71223400250071,-96.34708290684404,52.01808981080973,N,rapid
4272,71223800211,71223800210301,-95.91887065685135,51.47792597442007,N,rapid
4273,71223800211,71223800210491,-95.93689911782631,51.453640280465386,N,rapid
4274,71223800271,71223800270061,-95.66623732570008,51.3141297452569,N,rapid
4275,71228100391,71228100390241,-99.94316538307724,49.852475139763406,N,rapid
4276,71280001761,71280001760291,-112.9266485115947,49.64046855510878,N,rapid
4277,71290005291,71290005290241,-112.4922836748671,50.668497882101214,N,rapid
4278,71348000111,71348000110551,-91.95129834015518,52.82064160392972,N,rapid
4279,71349000341,71349000340171,-93.26569088132096,52.6974202278104,N,rapid
4280,71349000341,71349000340461,-93.21425354804916,52.697254640751176,N,rapid
4281,71356700091,71356700090521,-88.90234013272597,51.926400110270784,N,rapid
4282,71356700101,71356700100231,-88.98289028739389,51.94227274419456,N,rapid
4283,71356700111,71356700110331,-89.16494965899638,51.94732344171484,N,rapid
4284,71356700171,71356700170061,-89.4358485369288,51.857328752037,N,rapid
4285,71356700201,71356700200241,-89.53890797734512,51.87702780596951,N,rapid
4286,71356700201,71356700200341,-89.55731853545704,51.86654740586727,N,rapid
4287,71356700201,71356700200521,-89.59339943139825,51.851484680865454,N,rapid
4288,71366800061,71366800060141,-84.4239242809174,50.043576037229286,N,rapid
4289,71366800061,71366800060601,-84.45304558072296,49.97157082901856,N,rapid
4290,71366900061,71366900060251,-85.10698025083721,50.23793073660168,N,rapid
4291,71369300111,71369300110111,-89.31924317582828,51.42054722121531,N,rapid
4292,71369300121,71369300120071,-89.41703720655981,51.36837684229294,N,rapid
4293,71381000121,71381000120081,-81.10942195303573,50.47143626080331,N,rapid
4294,71381000121,71381000120211,-81.09382845296368,50.45310346976897,N,rapid
4295,71381000121,71381000120361,-81.08329301038587,50.42963879498662,N,rapid
4296,71381000121,71381000120491,-81.08181099680921,50.4076509743856,N,rapid
4297,71381000121,71381000120781,-81.11043760875394,50.37243723900211,N,rapid
4298,71381000121,71381000120921,-81.13788737046393,50.35997765269838,N,rapid
4299,71382000081,71382000080191,-81.5647349763474,50.427218966679874,N,rapid
4300,71382000091,71382000090851,-81.64433529329217,50.20583104004536,N,rapid
4301,71382000231,71382000230281,-81.14107411302881,49.1137361803853,N,rapid
4302,71382000231,71382000230821,-81.13857518233179,49.03319345571453,N,rapid
4303,71382000781,71382000780251,-79.2983950793972,48.55111356040203,N,rapid
4304,71384000091,71384000090531,-82.71246446526176,50.288501581351305,N,rapid
4305,71384000311,71384000310201,-83.27799283548644,48.9871250687686,N,rapid
4306,71384000321,71384000320451,-83.3631801147908,48.825627579904335,N,rapid
4307,71384000391,71384000390341,-83.3951564043348,48.48660245227728,N,rapid
4308,71386000211,71386000210471,-83.04744422070544,48.32697354586894,N,rapid
4309,71388000041,71388000040261,-81.7990893812697,49.60071002311357,N,rapid
4310,71388000121,71388000120121,-81.6143468389741,49.121893916117,A,dam
4311,71389000201,71389000200131,-82.04898553379041,48.45076258462198,N,rapid
4312,71389000211,71389000210081,-82.06258031050895,48.37957279026762,N,rapid
4313,71389000211,71389000210221,-82.0618139767564,48.35635915736422,N,rapid
4314,71389000211,71389000210411,-82.08781857925408,48.33758269937355,N,rapid
4315,71389000221,71389000220391,-82.13792286567592,48.26055211616873,N,rapid
4316,71389000251,71389000250141,-82.12583802482338,48.81224991037698,N,rapid
4317,72110600061,72110600060241,-79.14294851382212,50.5376176798091,N,rapid
4318,72110600061,72110600060611,-79.10043419633222,50.48647422747778,N,rapid
4319,72110600101,72110600100171,-79.11771206216308,50.557179320522245,N,rapid
4320,72110600101,72110600100291,-79.11461742726385,50.53891612320315,N,rapid
4321,72110600101,72110600100471,-79.10640279513025,50.51031622415536,N,rapid
4322,72110600121,72110600120131,-79.06568781129789,50.45460169766952,N,rapid
4323,72110600131,72110600130191,-79.00772098023408,50.37253868397572,N,rapid
4324,72110600151,72110600150201,-78.97229797738795,50.20084832438873,N,rapid
4325,72110600171,72110600170071,-78.89829947267222,50.07675217245002,N,rapid
4326,72110600211,72110600210161,-78.57222225186884,49.75963597266195,N,rapid
4327,72110600211,72110600210261,-78.57829448432578,49.74896821396028,N,rapid
4328,72110600261,72110600260331,-79.39742966175841,49.93824911549732,N,rapid
4329,72110600311,72110600310231,-79.53869044939103,49.452172346065744,N,rapid
4330,72110800071,72110800070321,-78.81365784391247,50.90718249536204,N,rapid
4331,72110800091,72110800090141,-78.73989148732194,50.790715029136045,N,rapid
4332,72110800091,72110800090261,-78.71381255407813,50.78399156678228,N,rapid
4333,72120200011,72120200010441,-78.71785591583289,51.009139491141504,N,rapid
4334,72120200021,72120200020371,-78.69826125705728,50.94804521961157,N,rapid
4335,72120200041,72120200040341,-78.52371307281281,50.85421423757813,N,rapid
4336,72120200061,72120200060201,-78.36422085262457,50.724163052369725,N,rapid
4337,72120200111,72120200110201,-77.95349109048792,50.33562677037089,N,rapid
4338,72120300021,72120300020181,-78.4766593609838,50.97044802954046,N,rapid
4339,72120300021,72120300020801,-78.33043628699626,50.95359582223861,N,rapid
4340,72120300041,72120300040181,-78.10340372036251,50.87407201848219,N,rapid
4341,72120300051,72120300050871,-77.8503389481409,50.70157107456973,N,rapid
4342,72120300061,72120300060221,-77.88791189881059,50.65922253831643,N,rapid
4343,72120300071,72120300070361,-77.84160721328342,50.57371431331507,N,rapid
4344,72120400151,72120400150211,-75.91077604634765,49.69070419123003,N,rapid
4345,72120400161,72120400160401,-75.76058087820469,49.74611035937966,N,rapid
4346,72120400171,72120400170401,-75.60401162063268,49.78539143881716,N,rapid
4347,72120400211,72120400210291,-75.90718638694837,49.66842670858588,N,waterfall
4348,72120400251,72120400250211,-75.04503688298597,50.03974751332775,N,rapid
4349,72120400261,72120400260091,-74.99229349513212,50.11359619345359,N,rapid
4350,72120400261,72120400260221,-74.97726336658765,50.1320676177003,N,waterfall
4351,72120500071,72120500070381,-77.61348324189281,49.754340313334886,N,rapid
4352,72120500081,72120500080691,-77.53665865131053,49.64456460684832,N,rapid
4353,72120500091,72120500090081,-77.49932643099706,49.61433627836696,N,rapid
4354,72120500091,72120500090431,-77.45451592704873,49.59863057279789,N,rapid
4355,72120600101,72120600100291,-77.30874514038462,48.9494471886516,N,rapid
4356,72120700061,72120700060241,-77.18334412034271,49.08184450593823,N,rapid
4357,72120700111,72120700110161,-77.10320856614867,48.85675638554599,N,rapid
4358,72120900031,72120900030241,-77.06993086825868,48.31079134748904,N,rapid
4359,72120900051,72120900050371,-76.90772304560313,48.23613035260173,N,rapid
4360,72120900061,72120900060701,-76.79797932971756,48.27128831502566,A,low head
4361,72130000021,72130000020231,-78.6166635422392,51.31149903390453,N,rapid
4362,72130000051,72130000050201,-78.2187674443186,51.28105256777447,N,rapid
4363,72130000071,72130000070131,-77.97916460612875,51.24913259360823,N,rapid
4364,72130000161,72130000160131,-77.98852153125493,51.22427087778549,N,rapid
4365,72130000191,72130000190421,-77.43202723140426,51.18203808800033,N,rapid
4366,72130000201,72130000200101,-77.3972173486449,51.17627357720171,N,rapid
4367,72130000341,72130000340081,-76.6023766092977,50.79745234916904,N,rapid
4368,72130000341,72130000340371,-76.53808660082122,50.79076335470694,N,rapid
4369,72130000341,72130000340471,-76.51641317034104,50.7979811081214,N,rapid
4370,72130000351,72130000350491,-76.38907083565175,50.7520821230821,N,rapid
4371,72130000371,72130000370341,-76.06387716820255,50.72086957798308,N,rapid
4372,72130000381,72130000380121,-75.9240582789745,50.72627938555423,N,rapid
4373,72130000381,72130000380821,-75.75279742796815,50.75136947550945,N,rapid
4374,72130000431,72130000430131,-76.9976164243954,51.238829271693646,N,rapid
4375,72130000491,72130000490091,-75.58906761984149,50.63268561652646,N,rapid
4376,72130000511,72130000510321,-75.56346970407917,50.54945664158872,N,rapid
4377,72140100051,72140100050131,-78.16262774748907,51.36988252590329,N,rapid
4378,72140100091,72140100090201,-77.47439579495399,51.34787822514669,N,rapid
4379,72140100191,72140100190431,-76.871739227227,51.4463059752918,N,rapid
4380,72140100191,72140100190831,-76.79129084526281,51.45584156869247,N,rapid
4381,72150000031,72150000030111,-78.4252098949484,51.519087837792,N,rapid
4382,72150000031,72150000030711,-78.3069342496716,51.49134636414047,N,rapid
4383,72150000041,72150000040481,-78.13298193084194,51.521542086675936,N,rapid
4384,72150000361,72150000360381,-78.50236846558184,51.87185031565865,N,rapid
4385,72150000361,72150000360681,-78.43069342688976,51.856159595297015,N,rapid
4386,72150000371,72150000370191,-78.3712769831786,51.83663802309703,N,rapid
4387,72150000381,72150000380101,-78.25309632093924,51.82708786922362,N,rapid
4388,72150000381,72150000380371,-78.18570791814025,51.81260182819874,N,rapid
4389,72150000681,72150000680331,-77.60876720780873,51.66687857171284,N,rapid
4390,72150000701,72150000700111,-77.3814795852176,51.73291944909373,A,bridge
4391,72150000711,72150000710481,-77.15195180169114,51.76250659046577,N,rapid
4392,72160100041,72160100040471,-78.10434998149897,52.24158907056185,N,rapid
4393,72160200111,72160200110211,-77.65682613539306,52.29496231592881,N,rapid
4394,72160200121,72160200120311,-77.49323926597933,52.3397101129104,N,rapid
4395,72160200121,72160200120461,-77.45378880023327,52.35107774041165,N,rapid
4396,72160300151,72160300150501,-76.85338069640572,52.27687123407164,A,dam
4397,72160500181,72160500180221,-74.08955468204783,51.947826481076376,N,rapid
4398,72160600061,72160600060111,-73.52075102627308,51.92861193563829,N,rapid
4399,72160600071,72160600070371,-73.35999604937248,51.884337568191896,N,rapid
4400,72160600121,72160600120401,-72.83210886107297,51.97959369506955,N,rapid
4401,72160900051,72160900050321,-72.91594827646244,52.164029057515975,N,rapid
4402,72160900061,72160900060221,-72.9818327789745,52.18543417341012,N,rapid
4403,72170000021,72170000020391,-78.84075192061019,53.40306755513754,N,rapid
4404,72170000141,72170000140121,-78.08945845689246,52.46866457791674,N,rapid
4405,72180600031,72180600030721,-74.70827269781951,53.46323930654099,N,rapid
4406,72180600031,72180600030831,-74.72240581601675,53.44804856803581,N,rapid
4407,72180600051,72180600050301,-74.70880414958962,53.34082397529918,N,rapid
4408,72180600061,72180600060161,-74.68036656241156,53.33959162151846,N,rapid
4409,72180600061,72180600060311,-74.65645545660557,53.31913818161174,N,rapid
4410,72180600081,72180600080221,-74.74895388970981,53.32755119041326,N,rapid
4411,72180600081,72180600080421,-74.7485249029319,53.29763239550693,N,rapid
4412,72191000311,72191000310121,-78.88789271081136,54.41169418599005,N,rapid
4413,72191000521,72191000520401,-79.01308406026051,54.36695537723696,N,rapid
4414,72191000531,72191000530161,-78.94651205698334,54.34981310968082,N,rapid
4415,72191000591,72191000590261,-78.97232313053682,54.03254620126463,N,rapid
4416,72191000601,72191000600321,-78.73180200760167,54.0462935408014,N,rapid
4417,72191000611,72191000610111,-78.64292179427821,54.0574639703498,N,rapid
4418,72191000611,72191000610211,-78.61644154329043,54.061976403182,N,rapid
4419,72302000181,72302000180211,-57.16771060974603,49.34835092221485,N,rapid
4420,72302000191,72302000190801,-57.08466695650485,49.512239515002165,N,rapid
4421,72304000011,72304000010201,-55.47133272653197,49.01334612050351,A,dam
4422,72304000051,72304000050491,-55.98328540827543,48.93920811928755,N,rapid
4423,72304000081,72304000080101,-56.22424128211041,48.86618077343377,N,rapid
4424,72307500011,72307500010441,-54.390717343686,48.04481221790101,N,rapid
4425,72309000061,72309000060521,-56.94317939224453,47.98243938426055,N,rapid
4426,72318000061,72318000060161,-60.40112954274437,54.95221627667272,N,rapid
4427,72340100151,72340100150151,-61.41904312854911,52.7082517831532,N,rapid
4428,72350100271,72350100270421,-57.586743512446446,53.891615719030696,N,rapid
4429,72350200011,72350200010121,-57.46715550451832,53.5514073545793,N,rapid
4430,72350500071,72350500070691,-56.7089399897859,52.35044735738112,N,rapid
4431,72350500081,72350500080791,-56.87333117694512,52.28268898069851,N,rapid
4432,72350600111,72350600110331,-58.13061784574986,52.11341114157093,N,rapid
4433,72350900011,72350900010161,-59.45767504973599,50.66323145575601,N,rapid
4434,72360000011,72360000010071,-59.5931232249356,50.49898861172625,N,waterfall
4435,72360000011,72360000010211,-59.60677801070485,50.52081123619684,N,rapid
4436,72360000021,72360000020171,-59.60344455376296,50.62369818345987,N,rapid
4437,72360000021,72360000020491,-59.60164769625893,50.67593805900129,N,rapid
4438,72360000431,72360000430391,-59.81098753895396,51.15667624119297,N,rapid
4439,72360000471,72360000470411,-59.8964376232712,51.37113451515925,N,rapid
4440,72360000591,72360000590251,-61.53195657747855,52.38248763388523,N,rapid
4441,72360000591,72360000590391,-61.53848377841736,52.40157700788592,N,rapid
4442,72360000611,72360000610131,-61.56132784176632,52.497214476208114,N,rapid
4443,72360000621,72360000620161,-61.68821069981619,52.535263792159135,N,rapid
4444,72360000631,72360000630441,-61.857059404207234,52.59106209794503,N,rapid
4445,72370000031,72370000030711,-60.48714013395335,50.39307990078507,N,rapid
4446,72370000041,72370000040441,-60.39916698707092,50.44335108015027,N,rapid
4447,72370000051,72370000050481,-60.49787192365258,50.50421936460884,N,rapid
4448,72370000061,72370000060371,-60.49300571484992,50.61754593025315,N,rapid
4449,72370000101,72370000100111,-60.657140886905175,50.95131767012878,N,rapid
4450,72370000101,72370000100491,-60.723815582551765,50.994238436597406,N,rapid
4451,72380000041,72380000040161,-61.5681712853113,50.24810047005772,N,rapid
4452,72390500011,72390500010301,-63.9863490163381,50.32868860007091,N,rapid
4453,72390600051,72390600050151,-64.098830753659,50.53604582543681,N,rapid
4454,72408300241,72408300240101,-71.98829808088442,48.31190862432584,N,rapid
4455,72408300251,72408300250121,-71.9440276084013,48.22612058821469,N,rapid
4456,72408300251,72408300250261,-71.92675221733468,48.20646785026947,N,rapid
4457,72408400051,72408400050091,-72.48888876785676,48.68687698760665,N,rapid
4458,72408400051,72408400050451,-72.52872841400966,48.741297684139056,N,rapid
4459,72408400171,72408400170361,-73.22284406092585,49.18720312828513,N,rapid
4460,72408400211,72408400210441,-73.63507119622294,49.313426661030974,N,rapid
4461,72408600121,72408600120201,-72.13380303991637,49.31561905091372,N,rapid
4462,72408600341,72408600340181,-72.29384210347386,48.91797363924051,N,rapid
4463,72408600611,72408600610831,-72.72596586960161,50.03693725831957,N,rapid
4464,72408900071,72408900070181,-71.43868037156719,49.76251812627528,N,rapid
4465,72510000051,72510000050211,-71.23154818420426,46.680466164738526,N,rapid
4466,72510000061,72510000060151,-71.24521765172501,46.60392602081656,N,rapid
4467,72510000071,72510000070241,-71.12662847390364,46.52614374599507,N,rapid
4468,72510000141,72510000140221,-70.65646155070418,46.05277497719717,N,rapid
4469,72510000401,72510000400071,-72.14040448698407,46.21300956230009,N,rapid
4470,72510000491,72510000490111,-71.74435939449337,46.678506781713786,A,dam
4471,72510000561,72510000560271,-71.62763600153832,46.82257141511203,N,rapid
4472,72510000571,72510000570091,-71.58539157222079,46.84890393214604,N,rapid
4473,72510000741,72510000740541,-71.13671211954173,46.731280027527866,N,waterfall
4474,72510000991,72510000990341,-70.57197870985796,46.22998633347183,N,rapid
4475,72520700131,72520700130081,-73.62158846181742,47.88026912173296,N,rapid
4476,72520700131,72520700130251,-73.66319823031318,47.885472328207385,N,rapid
4477,72520700131,72520700130411,-73.70051942463164,47.87687622926404,N,rapid
4478,72530400051,72530400050671,-72.48313538946708,45.88587516375069,A,dam
4479,72530600031,72530600030351,-73.149144913548,45.863209786171744,A,bridge
4480,72530600671,72530600670581,-73.25573089095312,44.16609369786893,A,dam
4481,72530800101,72530800100101,-73.65535013021231,45.58919356089092,A,dam
4482,72530900051,72530900050341,-73.741566312268,45.351742845733234,A,low head
4483,72530900061,72530900060431,-73.8001268000549,45.25190776137014,A,low head
4484,72541000111,72541000110421,-74.66480904057943,45.70111662432879,N,rapid
4485,72541000111,72541000110671,-74.69020689171802,45.73791154348345,N,rapid
4486,72541000131,72541000130171,-74.6654966430075,45.92357859369904,N,rapid
4487,72541000141,72541000140061,-74.63045591386815,46.02840618445477,N,rapid
4488,72541000141,72541000140611,-74.66634394455002,46.07333792763685,N,rapid
4489,72541000171,72541000170131,-74.78818912755698,46.31730468842281,N,rapid
4490,72541000171,72541000170321,-74.78291715791248,46.34740691933377,N,rapid
4491,72544000201,72544000200461,-75.93682342949423,46.28265569552091,N,rapid
4492,72544000201,72544000200801,-75.94350339746678,46.33223785317927,N,rapid
4493,72544000211,72544000210541,-75.94936643068813,46.4337070284704,N,rapid
4494,72544000221,72544000220781,-75.92961739433315,46.59163396376222,N,rapid
4495,72544000531,72544000530181,-75.23148925054186,47.57017752728547,N,rapid
4496,72544000531,72544000530661,-75.12342364120259,47.59882289106294,N,rapid
4497,72544000541,72544000540111,-75.05306667095631,47.57417794702277,N,rapid
4498,72544000601,72544000600851,-75.39807037274288,47.587809943495365,N,rapid
4499,72545000101,72545000100151,-75.66951595343279,45.42556466604636,N,rapid
4500,72545000101,72545000100551,-75.69949139251628,45.37212945365305,A,dam
4501,72545000221,72545000220141,-76.28740901719152,45.33466825930461,A,low head
4502,72545000631,72545000630211,-76.45518038713556,44.97517653154599,N,rapid
4503,72546000181,72546000180311,-77.1945747023342,45.253594659895576,N,rapid
4504,72546000181,72546000180751,-77.27459645519089,45.23636547961891,N,rapid
4505,72546000201,72546000200151,-77.4198928358622,45.27887305493714,N,rapid
4506,72547100101,72547100100311,-76.70719218158497,45.72252381582958,N,rapid
4507,72547100101,72547100100531,-76.75192238543487,45.725140805555405,N,rapid
4508,72547100111,72547100110191,-76.76905332204947,45.753391489678165,A,dam
4509,72547600161,72547600160131,-77.4097829627943,45.89827473198082,N,rapid
4510,72549700351,72549700350261,-77.78542181543163,47.715740395877134,N,rapid
4511,72549700371,72549700370061,-77.7242779930918,47.759295600464064,N,rapid
4512,72551001521,72551001520071,-75.56173823752532,44.3188390252862,N,rapid
4513,72551001561,72551001560161,-75.47200798535495,44.33428003904694,A,dam
4514,72551001911,72551001910221,-75.38909427099772,44.29559154134176,N,rapid
4515,72553000241,72553000240071,-75.35588152213609,43.617829946898006,A,dam
4516,72554000041,72554000040331,-76.41974776729468,43.32405295839728,A,low head
4517,72554000121,72554000120241,-76.20338738743834,43.27061642572247,A,dam
4518,72555600011,72555600010361,-79.62177315106386,42.89714195072997,A,low head
4519,72556000131,72556000130211,-83.87081210370924,41.415411772737926,A,low head
4520,72591400011,72591400010271,-84.74176586699345,47.90922143872285,A,dam
4521,72592000161,72592000160391,-85.9207210690508,48.555931466116,N,rapid
4522,72598000151,72598000150151,-89.5984463078164,48.475513749145975,N,rapid
4523,72598000201,72598000200061,-89.59694275368417,48.61536829260813,N,rapid
4524,72599700011,72599700010061,-92.41375651164806,46.68345079472943,N,rapid
4525,72605000021,72605000020061,-65.65850635525777,47.56199671254228,N,rapid
4526,72605000021,72605000020411,-65.67498528258669,47.50573087704339,N,rapid
4527,72605000031,72605000030251,-65.7243158102661,47.405490741074175,N,rapid
4528,72608700291,72608700290231,-68.94364715069158,47.15315105031479,N,rapid
4529,72608800021,72608800020211,-69.13402642670523,46.94967124422624,N,rapid
4530,72608900051,72608900050141,-69.43728498332227,46.927119363710254,N,rapid
4531,73111000111,73111000110241,-67.45820757155202,45.41603996581566,N,rapid
4532,73111000311,73111000310191,-66.82251842131897,45.289838160693655,N,rapid
4533,73111000311,73111000310421,-66.84263224960871,45.32087015272355,N,rapid
4534,73112000161,73112000160381,-68.29500114525523,45.50439071302424,N,rapid
4535,73112000261,73112000260091,-68.84261985831598,45.2864570966235,N,rapid
4536,73112000361,73112000360211,-68.54602813553329,45.64088479540801,N,rapid
4537,73112000541,73112000540151,-68.67029566163122,45.63524620107015,N,rapid
4538,73112000681,73112000680201,-69.030780582015,45.84635475240599,N,rapid
4539,73114000291,73114000290211,-69.29491797193012,44.79198237028413,N,rapid
4540,73114000421,73114000420111,-69.89761069063445,44.853921534202726,N,rapid
4541,73114000431,73114000430251,-70.02371019882304,44.89947368075366,N,rapid
4542,73114000451,73114000450521,-69.71814218386751,44.76244123964767,A,dam
4543,73114000691,73114000690111,-70.18832356182455,44.34136273320857,N,rapid
4544,73114000721,73114000720061,-70.20136038426202,44.4796446468193,A,dam
4545,73114000721,73114000720231,-70.22315957901769,44.50214504568578,A,low head
4546,73116000091,73116000090131,-70.60988178200712,43.68849643930219,A,dam
4547,73118000041,73118000040331,-71.16609424980544,42.7002427388764,A,low head
4548,73118000201,73118000200461,-71.50899567230404,43.1650663189522,A,low head
4549,73120000391,73120000390181,-72.4431392363834,43.13445915503909,A,dam
4550,73120000531,73120000530191,-72.05762207674898,44.2094309035538,A,dam
4551,73120000531,73120000530511,-72.0586432292874,44.26077322776809,A,dam
4552,73120000771,73120000770151,-72.73060702972003,42.592585376237416,A,low head
4553,73130000151,73130000150181,-73.37115370673084,41.96046707605223,A,low head
4554,73140400051,73140400050061,-73.71998533889311,42.80594351630543,A,low head
4555,73140500081,73140500080201,-73.67801751158954,42.91312295442032,A,dam
4556,73140600041,73140600040101,-73.5615484933579,42.90351750878661,A,dam
4557,73140600041,73140600040421,-73.50756254648071,42.91980718425568,A,low head
4558,73140700011,73140700010091,-73.65290622356338,42.93600910963547,A,low head
4559,73140700041,73140700040071,-73.58628124762294,43.123821164106,A,low head
4560,73150600041,73150600040571,-75.2476377718448,40.03986293100571,A,low head
4561,73150600451,73150600450151,-75.05451224747986,41.66750325481182,N,rapid
4562,73150600591,73150600590341,-75.50536626007907,40.147573115474096,A,low head
4563,73160100141,73160100140401,-76.71186445772136,40.11617084506405,A,dam
4564,73180400121,73180400120381,-78.147739215974,38.95443695199957,A,low head
4565,73180500101,73180500100151,-77.92283386391094,39.60617163453604,A,low head
4566,73180500301,73180500300411,-77.82867030355041,39.49431369816208,A,low head
4567,73190600121,73190600120351,-78.58012666420584,37.75645402526271,N,rapid
4568,73190600161,73190600160801,-79.00382980931937,37.44725155465675,N,rapid
4569,73190600181,73190600180241,-79.10508764105074,37.40564368147675,N,rapid
4570,73190600331,73190600330251,-79.4306061707689,37.6016535718818,N,rapid
4571,73190600351,73190600350411,-79.60895712185854,37.56124212282803,N,rapid
4572,73190600661,73190600660601,-77.57557662163724,37.55928743221869,A,low head
4573,73218000111,73218000110481,-78.29335375234093,34.40463952736732,A,dam
4574,73218000251,73218000250511,-78.98115799247323,35.52914295465622,N,rapid
4575,73240200401,73240200400181,-81.67007791689902,35.20272059379422,N,rapid
4576,73240200591,73240200590101,-82.25464859338747,34.41931509184612,N,rapid
4577,73252000721,73252000720491,-82.03856636647429,33.553769432674926,A,low head
4578,73254400351,73254400350461,-83.31122373459928,33.839158667412,A,low head
4579,73254700411,73254700410371,-83.79403966362835,33.10760249249321,A,low head
4580,73254700421,73254700420521,-83.82241647083517,33.25125887816302,N,rapid
4581,73286000331,73286000330161,-85.5827720573807,33.028123133916495,N,rapid
4582,73287000311,73287000310281,-86.09009278124854,33.544693136154,A,low head
4583,74225000031,74225000030071,-94.00282118153996,33.56462259263361,A,low head
4584,74230100051,74230100050091,-91.5895516301272,31.0644131615844,A,dam
4585,74230100061,74230100060171,-91.61905646819818,31.088462792142405,A,dam
4586,74242300321,74242300320301,-97.79013633006927,35.33332490502081,A,low head
4587,74247000081,74247000080731,-95.98801319566546,36.12180937508359,A,dam
4588,74248300121,74248300120661,-98.32596293673708,36.279098684665165,N,rapid
4589,74249200101,74249200100901,-97.47953074484924,37.03427086977632,A,low head
4590,74249200121,74249200120671,-97.63539813793275,37.20703591419812,A,low head
4591,74249200131,74249200130521,-97.73241802689292,37.23626314905156,N,waterfall
4592,74249200271,74249200270191,-98.08784120613102,36.718021295227565,N,rapid
4593,74249300331,74249300330431,-96.92865796850285,37.11617867087845,A,low head
4594,74249900091,74249900090201,-103.94550182006373,38.12579030885043,A,dam
4595,74262700531,74262700530381,-83.53043190209921,35.34024001210647,N,rapid
4596,74262800231,74262800230461,-82.90825964854238,36.06060020379565,A,low head
4597,74262800281,74262800280601,-83.12542583125915,35.96361238646385,N,rapid
4598,74262900181,74262900180131,-82.96365275068553,36.380729922616375,A,low head
4599,74264900071,74264900070211,-84.34395804182925,36.83787205199881,N,rapid
4600,74267600061,74267600060171,-84.56768023552175,39.379105761903865,A,low head
4601,74267600071,74267600070211,-84.50325758515108,39.42611911700006,A,low head
4602,74267600131,74267600130131,-84.24624417133222,39.67979107039398,A,low head
4603,74267600151,74267600150371,-84.19466045597399,39.774849627036026,A,low head
4604,74268500061,74268500060901,-81.21840517835142,38.1319244217147,N,rapid
4605,74268700071,74268700070511,-81.0929809499586,37.850720204651694,N,rapid
4606,74268700081,74268700080341,-81.02698828675896,37.82871307239824,N,rapid
4607,74268900351,74268900350081,-80.8302471786347,36.911515284638135,N,rapid
4608,74268900361,74268900360151,-80.88089293540025,36.87502270483747,N,rapid
4609,74268900411,74268900410071,-80.91803184687275,36.80275645241754,N,rapid
4610,74268900491,74268900490061,-81.16522528500475,36.5619720556118,N,rapid
4611,74269400031,74269400030251,-81.51824967949374,39.52929586219365,A,low head
4612,74269400051,74269400050511,-81.72140199215562,39.53570026038176,A,low head
4613,74269400061,74269400060161,-81.7885756916931,39.547698232118194,A,low head
4614,74269800031,74269800030081,-79.85800965855509,40.38940706799357,A,dam
4615,74269800391,74269800390121,-80.08783671176566,39.3866339298816,N,rapid
4616,74282500051,74282500050201,-89.62558546721586,40.63234877541809,A,low head
4617,74282600091,74282600090511,-88.30107702285304,41.8879146312628,A,low head
4618,74282600091,74282600090671,-88.31310719712998,41.91385168649796,A,low head
4619,74282700141,74282700140171,-87.8676325729859,41.11285641648047,A,low head
4620,74284100151,74284100150941,-92.8596303723544,41.28112619069448,N,rapid
4621,74286300121,74286300120321,-91.67340374416712,41.98056980235159,A,bridge
4622,74287300011,74287300010311,-90.56740806932042,41.51545499853415,A,dam
4623,74287300251,74287300250441,-91.76184901903798,42.39304948436996,A,low head
4624,74292200011,74292200010711,-96.58777538829747,39.240195729313136,A,low head
4625,74292200121,74292200120391,-96.58965845568603,40.05373438956524,A,dam
4626,74292200141,74292200140461,-96.6630106772224,40.19833520624382,A,low head
4627,74294200151,74294200150751,-97.25290845378048,41.93265487912637,A,low head
4628,74294400511,74294400510151,-99.24078180028256,41.49106278101711,A,dam
4629,74294400521,74294400520331,-99.37334354458578,41.62709131436088,A,dam
4630,74294400561,74294400560061,-99.7738970234579,41.75058563328806,A,dam
4631,74294600261,74294600260191,-103.8364596264437,40.27569066672493,A,dam
4632,74294600281,74294600280131,-104.0177691691308,40.35321049888184,A,dam
4633,74294700221,74294700220231,-103.72253063346722,41.88210025180341,A,low head
4634,74294700241,74294700240111,-103.92490008550084,41.93739350708415,A,low head
4635,74294900441,74294900440251,-105.77581209170047,42.83524743421786,A,dam
4636,74294900911,74294900910621,-106.52541246295996,42.77386052815852,N,rapid
4637,74295200171,74295200170121,-96.52205182278875,43.38745732440402,N,rapid
4638,74295400111,74295400110451,-97.79666716903154,43.429501785238,A,low head
4639,74295400271,74295400270661,-98.12898491541849,44.48292095361271,A,low head
4640,74295600181,74295600180231,-99.97886677303444,42.77625726524451,N,rapid
4641,74295600181,74295600180501,-100.03697511805392,42.78616134590623,N,rapid
4642,74299300191,74299300190601,-106.14076392640212,48.00624594809196,N,rapid
4643,74299900051,74299900050221,-110.88896723484834,47.765560165323095,N,rapid
4644,74299900051,74299900050461,-110.92444390081022,47.7345229237071,N,rapid
4645,74299900651,74299900650511,-111.60680292569354,45.52234473546959,N,rapid
4646,74299900651,74299900650641,-111.6258392572056,45.5043927974624,N,rapid
4647,75165000251,75165000250101,-96.76473280380796,30.974241392137383,N,rapid
4648,75165000351,75165000350271,-97.02257181332806,31.478032820260548,N,rapid
4649,75211000411,75211000410391,-98.78781960597684,26.32928235031977,N,rapid
4650,75215100071,75215100070091,-100.3348470819236,28.49414995722435,A,low head
4651,75215100581,75215100580581,-99.53460641870788,27.310635795149427,N,rapid
4652,75215500051,75215500050391,-100.7749181316733,29.172267101754937,A,low head
4653,75219300411,75219300410091,-106.8858834115148,34.25578998555627,A,dam
4654,75219500451,75219500450451,-106.68442153253348,34.90618432488644,A,low head
4655,75219500481,75219500480391,-106.59736783409112,35.280815979188176,N,waterfall
4656,75219500501,75219500500071,-106.4985475879542,35.37993053225996,A,low head
4657,75322000221,75322000220741,-98.78458211329878,22.82343133881197,N,rapid
4658,75340400191,75340400190261,-96.17064492215702,17.588445214291625,N,rapid
4659,75362200191,75362200190441,-92.12519506644796,17.279626538134234,N,rapid
4660,75362400081,75362400080131,-92.65856827572868,17.202601143034027,N,rapid
4661,75362700101,75362700100131,-93.20864159342908,17.029921979852798,N,rapid
4662,75362700101,75362700100531,-93.1574427367254,16.985727394649437,A,dam
4663,75362700151,75362700150061,-92.89708014670138,16.601774360724416,N,rapid
4664,75366000401,75366000400151,-91.31374827803891,16.229870088765264,N,rapid
4665,75366000421,75366000420281,-91.32877884707028,16.20117016510741,N,rapid
4666,75369000351,75369000350351,-90.62921288309056,15.575541260023366,N,rapid
4667,75372000331,75372000330171,-87.75069181508687,15.124733267128656,N,rapid
4668,75376000321,75376000320061,-85.02493132945943,14.63804840919003,N,rapid
4669,75376000331,75376000330121,-85.09762661686622,14.55405518526022,N,rapid
4670,75378000041,75378000040111,-84.73252099813712,13.04184794732919,N,rapid
4671,75378000071,75378000070201,-84.82003369286745,12.94700081881804,N,rapid
4672,75378000131,75378000130111,-85.11046212991339,12.794413219825152,N,rapid
4673,75378000141,75378000140061,-85.12826886098621,12.739965867253552,N,rapid
4674,75378000141,75378000140161,-85.13333641794465,12.72566654594619,N,rapid
4675,75378000151,75378000150271,-85.16178430074312,12.650347190724778,N,rapid
4676,75378000151,75378000150451,-85.1865110951564,12.653284399246292,N,rapid
4677,75378000171,75378000170461,-85.27682657110022,12.662632355532478,N,rapid
4678,75378000191,75378000190781,-85.40663149986483,12.740459877620385,N,rapid
4679,75378000201,75378000200081,-84.73682934696774,13.05455455667738,N,rapid
4680,75378000211,75378000210371,-84.81576866796345,13.149442893938172,N,rapid
4681,75378000261,75378000260161,-85.12058202654663,13.177041682528555,N,rapid
4682,77112000081,77112000080831,-86.97398498238915,13.5297939750146,N,rapid
4683,77114000091,77114000090641,-88.50631449394335,13.939493626768789,N,rapid
4684,77119200071,77119200070191,-98.40438553268244,16.502452204314718,A,low head
4685,77119400051,77119400050791,-99.60999696495516,16.993979087765698,N,rapid
4686,77125000121,77125000120391,-100.52577449665216,18.118142636982817,A,dam
4687,77141000051,77141000050181,-105.09206526045952,21.82004028965426,N,rapid
4688,77141000061,77141000060371,-105.03192068194085,21.72726629173844,A,low head
4689,77152000201,77152000200071,-104.9205650516768,22.534114036639128,N,rapid
4690,77180100061,77180100060301,-109.72831366558898,28.14787847219544,N,rapid
4691,77180100081,77180100080101,-109.59838447717723,28.31274667954834,N,rapid
4692,77180300191,77180300190471,-109.3900245170742,29.13959753566252,N,rapid
4693,77235000021,77235000020081,-113.34983305110876,36.0193593271726,N,rapid
4694,77235000041,77235000040181,-113.08101958016157,36.19793612160316,N,rapid
4695,77235000131,77235000130601,-113.50119287135529,35.76544449317586,N,rapid
4696,77235000131,77235000130831,-113.45319425271484,35.75822221422656,N,rapid
4697,77235000141,77235000140361,-113.3737605237137,35.76529732859512,N,rapid
4698,77235000151,77235000150201,-113.30832973840236,35.88712321477136,N,rapid
4699,77239000081,77239000080361,-112.55452449940462,36.39984420440891,N,rapid
4700,77239000081,77239000080471,-112.53086817876024,36.39614874189065,N,rapid
4701,77239000091,77239000090371,-112.45461430029466,36.343627872865824,N,rapid
4702,77239000091,77239000090471,-112.46275422249386,36.32784317133249,N,rapid
4703,77239000141,77239000140151,-112.18181318239571,36.09754341085463,N,rapid
4704,77239000141,77239000140501,-112.1128522224651,36.09911432930666,N,rapid
4705,77239000141,77239000140841,-112.04518275521656,36.085207251870514,N,rapid
4706,77239000151,77239000150101,-112.00185448379712,36.05801181392278,N,rapid
4707,77239000151,77239000150341,-111.95257253982516,36.045474558629046,N,rapid
4708,77239000151,77239000150491,-111.92060056236802,36.04545386512663,N,rapid
4709,77239000151,77239000150601,-111.90190965566092,36.05259197936727,N,rapid
4710,77239000151,77239000150831,-111.87099395384536,36.07897281451829,N,rapid
4711,77239000161,77239000160171,-111.83345722075408,36.10355380323285,N,rapid
4712,77239000161,77239000160891,-111.8093751696432,36.21464731509984,N,rapid
4713,77250000181,77250000180241,-111.84868048335052,36.3936870847986,N,rapid
4714,77250000181,77250000180621,-111.87078863601693,36.42787514393253,N,rapid
4715,77250000181,77250000180861,-111.8355975038672,36.45314323740144,N,rapid
4716,77250000211,77250000210221,-111.6551460205183,36.77366605592072,N,rapid
4717,77280100121,77280100120341,-109.40974412232998,38.69560092967215,N,rapid
4718,77280200051,77280200050631,-108.94507191022238,38.63845592191376,N,rapid
4719,77291000231,77291000230171,-110.0732317480764,39.28609535968573,N,rapid
4720,77291000241,77291000240121,-110.0262132896241,39.35057893958805,N,rapid
4721,77291000241,77291000240431,-110.01938875432032,39.3945920832004,N,rapid
4722,77297000011,77297000010521,-108.97190420638962,40.59548084205655,N,rapid
4723,77480300061,77480300060461,-123.43084541380765,41.67070784857904,N,rapid
4724,78100200061,78100200060721,-123.9172724544312,42.70276437932884,N,rapid
4725,78100200251,78100200250441,-123.04270786804344,42.43093382069702,N,rapid
4726,78100200301,78100200300271,-122.9838297512894,42.43603622152862,N,rapid
4727,78100600021,78100600020781,-123.80239629632564,43.6718610620434,N,rapid
4728,78100600071,78100600070451,-123.52563895896128,43.535575881591214,N,rapid
4729,78100600081,78100600080451,-123.53165653275568,43.52318010054618,N,rapid
4730,78100600121,78100600120101,-123.52690950469416,43.40415573768588,N,rapid
4731,78100600131,78100600130441,-123.45980084382916,43.31997788224369,N,rapid
4732,78100600171,78100600170311,-123.42099558172632,43.1160960531894,N,rapid
4733,78210000221,78210000220071,-122.14874906698964,46.46071353467809,N,rapid
4734,78220000531,78220000530211,-122.81896728023612,44.495272530886936,N,rapid
4735,78240000031,78240000030141,-120.8400387915852,45.516784093775335,N,rapid
4736,78261200041,78261200040221,-119.41663676082636,46.37941014217338,A,low head
4737,78261200141,78261200140211,-120.44566971260096,46.497947684673214,A,low head
4738,78261200141,78261200140431,-120.47500715897644,46.524245606119145,A,low head
4739,78266100221,78266100220311,-116.99804945706774,48.17815748864314,A,dam
4740,78268500271,78268500270251,-115.69899315026616,48.44802720855581,N,rapid
4741,78268500281,78268500280121,-115.6054575882875,48.421236682473385,N,rapid
4742,78270900011,78270900010071,-116.96417777291268,46.075956212384135,N,rapid
4743,78270900011,78270900010451,-116.92565035824538,46.01990711376903,N,rapid
4744,78280100011,78280100010091,-116.77339908012684,45.86137090763397,N,rapid
4745,78280100021,78280100020101,-116.75643291561065,45.9409904603113,N,rapid
4746,78280100051,78280100050561,-116.33131972676853,45.88992723258957,N,rapid
4747,78280100131,78280100130231,-115.88671922463502,45.45905399010279,N,rapid
4748,78291000021,78291000020911,-116.53576010407328,45.69701979151069,N,rapid
4749,78291000071,78291000070131,-116.6510924455514,45.352733146595824,N,rapid
4750,78291000071,78291000070301,-116.66951807416903,45.32578377055823,N,rapid
4751,78291000541,78291000540091,-116.18952587288403,43.90859506260411,A,dam
4752,78299100101,78299100100241,-115.13267377636858,42.898482936310025,N,rapid
4753,78299100101,78299100100421,-115.09693348369058,42.91362570881116,N,rapid
4754,78299500171,78299500170851,-114.80108205896096,42.66479450889304,N,rapid
4755,78299500281,78299500280111,-114.75784166886508,42.67116355772784,N,rapid
4756,78299700161,78299700160191,-112.05598250097334,43.52464499041741,A,low head
4757,78299700161,78299700160381,-112.04883539726922,43.55401931888834,A,dam
4758,78322300081,78322300080281,-121.30140761082842,50.64675017583567,N,rapid
4759,78322500121,78322500120111,-121.0121701066588,50.76433968892291,A,low head
4760,78322500121,78322500120541,-120.92403390112514,50.7473518528692,N,rapid
4761,78322600081,78322600080541,-120.02799850921004,51.71152257738163,N,rapid
4762,78322600101,78322600100511,-120.05276256979626,51.81643346393506,N,rapid
4763,78322900231,78322900230861,-118.74896200667732,50.61235490814442,N,rapid
4764,78323000071,78323000070181,-121.8955907277299,50.762471786679534,N,rapid
4765,78324000121,78324000120321,-123.69520972904064,51.87788691364055,N,rapid
4766,78328400061,78328400060741,-124.25577251589034,54.40305776440864,N,rapid
4767,78328500091,78328500090301,-124.56080783178776,54.09834617324268,N,rapid
4768,78328700241,78328700240491,-125.7528795045969,53.76123003750295,N,rapid
4769,78340400011,78340400010431,-128.39050122925642,54.51227662006939,N,rapid
4770,78340400021,78340400020271,-128.289625729262,54.477330070727966,N,rapid
4771,78360000081,78360000080381,-128.91632011248996,55.50294114923866,N,rapid
4772,81153600041,81153600040571,-157.46263691498814,57.23717862861054,N,rapid
4773,81158000341,81158000340361,-154.97858041503306,59.76063187779362,N,rapid
4774,81160600161,81160600160611,-158.12155700466397,59.91106824283185,N,rapid
4775,81299000271,81299000270381,-132.1457968505512,59.77351976794458,N,rapid
4776,82287000011,82287000010661,-111.54401961212432,56.67543462435836,N,rapid
4777,82294100031,82294100030731,-117.51226195653896,55.88172834448716,N,rapid
