node_id,rdr_sig0
12552000060011,56.27172093023256
12552000060021,60.74621428571428
12552000060031,63.07124390243902
12552000060041,60.71720930232559
12552000060051,52.685785714285714
12552000060061,65.31561904761904
12552000060071,53.76676315789474
12552000060081,47.161731707317074
12552000060091,43.3296511627907
12552000060101,46.84807142857143
12552000060111,57.10746511627907
12552000060121,59.83428571428571
12552000060131,57.45907142857143
12552000060141,63.0799756097561
12552000060151,73.02868292682926
12552000060161,63.68795348837209
12552000060171,56.41261363636364
12552000060181,38.68323255813953
12552000060191,48.43985714285714
12552000060201,25.97533333333333
12552000060211,43.39816279069768
12552000060221,47.13288372093023
12552000060231,40.29630952380952
12552000060241,41.10548837209303
12552000060251,47.633452380952384
12552000060261,49.78130232558139
12552000060271,62.82083333333333
12552000060281,68.39780952380953
12552000060291,49.482642857142864
12552000060301,47.845238095238095
12552000060311,59.9372619047619
12552000060321,54.59402325581396
12552000060331,48.85553488372093
12552000060341,46.08576190476191
12552000060351,39.97261904761905
12552000060361,28.95288095238095
12552000060371,23.493714285714287
12552000060381,18.524785714285716
12552000060391,30.196809523809527
12552000060401,27.7892619047619
12552000060411,43.08164285714286
12552000060421,50.18904761904762
12552000060431,50.17019047619048
12552000060441,45.048785714285714
12552000060451,39.404875
12552000060461,39.393837209302326
12552000060471,47.65521428571429
12552000060481,46.68759523809524
12552000060491,29.822714285714287
12552000060501,25.354642857142856
12552000060511,21.277761904761903
12552000060521,42.88668292682927
12552000060531,50.84285714285714
12552000060541,65.48769999999999
12552000060551,53.31374358974359
12552000060561,31.93817073170732
12552000060571,27.192243902439024
12552000060581,53.9691282051282
12552000060591,40.963093023255816
12552000060601,35.12319047619047
12552000060611,29.74340476190476
12552000060621,27.536682926829265
12552000060631,49.5732619047619
12552000060641,48.642023809523806
12552000060651,45.52079069767442
12552000060661,41.42035714285714
12552000060671,39.62721428571429
12552000060681,36.257738095238096
12552000060691,22.43260465116279
12552000060701,40.574790697674416
12552000060711,42.93035
12552000060721,39.2919756097561
12552000060731,45.94307317073171
12552000060741,58.54615
12552000060751,41.49028571428571
12552000060761,41.709833333333336
12552000060771,44.61280952380952
12552000060781,40.52568292682926
12552000060791,35.29042857142857
12552000060801,63.563025
12552000060811,48.07427906976744
12552000060821,35.69707142857143
12552000060831,37.904714285714284
12552000060841,59.456
12552000060851,40.26757142857143
12552000060861,43.55735714285714
12552000060871,37.194809523809525
12552000060881,39.598651162790695
12552000060891,30.619697674418603
12552000060901,20.905761904761903
12552000060911,23.95919047619048
12552000060921,13.634761904761904
12552000060931,17.555809523809522
12552000060941,25.38106976744186
12552000060951,49.24925581395348
12552000060961,52.68316666666667
12552000760011,21.4305625
12552000760021,19.1389375
12552000760031,15.913875
12552000760041,37.4985625
12552000760051,39.6714375
12552000760061,37.1730625
12552000760071,37.0480625
12552000760081,40.8458125
12552000760091,42.237625
12552000760101,42.4646875
12552000760111,41.2124375
12552000760121,37.723
12552000760131,28.3691875
12552000760141,22.358125
12552000760151,21.40225
12552000760161,18.9443125
12552000760171,28.30425
12552000760181,36.62813333333334
12552000760191,34.861266666666666
12552000760201,30.9315625
12552000760211,24.8285625
12552000760221,46.1405625
12552000760231,53.425
12552000760241,47.80875
12552000760251,45.6861875
12552000760261,37.1270625
12552000760271,31.152875
12552000760281,23.2515
12552000760291,47.1893125
12552000760301,39.5710625
12552000760311,36.938125
12552000760321,34.184937500000004
12552000760331,28.5915625
12552000760341,49.9208125
12552000760351,40.7550625
12552000760361,37.2474375
12552000760371,45.8996875
12552000760381,46.4261875
12552000760391,60.1598125
12552000760401,45.9085
12552000760411,19.6670625
12552000760421,11.882
12552000760431,17.911294117647056
12552000760441,36.27725
12552000760451,33.0466
12552000760461,31.224153846153847
12552000760471,33.96333333333333
12552000760481,47.4805
12552000760491,38.1053125
12552000760501,42.10288235294118
12552000760511,34.64825
12552000760521,33.5233125
12552000760531,29.59858823529412
12552000760541,28.1830625
12552000760551,38.5586875
12552000760561,57.4375
12552000760571,53.51813333333333
12552000760581,43.32723529411765
12552000760591,53.60547058823529
12552000760601,58.92744444444444
12552000760611,32.33
12552000760621,18.721176470588237
12552000760631,15.823666666666668
12552000760641,14.611941176470587
12552000760651,23.5568125
12552000760661,32.8326875
12552000760671,46.3291875
12552000760681,32.344058823529416
12552000760691,37.36773333333333
12552000760701,56.79186666666667
12552000760711,64.02535294117648
12552000760721,48.4315625
12552000760731,37.570625
12552000760741,19.310875
12552000760751,24.368823529411763
12552000760761,23.6194375
12552000760771,24.75182352941177
12552000760781,47.53275
12552000760791,40.7335
12552000760801,33.15825
12552000760811,39.31011764705882
12552000760821,42.302
12552000760831,34.67725
12552000760841,12.734375
12552000760851,21.599
12552000760861,36.7354375
12552000760871,32.9266875
12552000760881,35.1858125
12552000760891,21.3264375
12552000760901,15.34705882352941
12552000760911,18.623470588235293
12552000760921,34.81723529411765
12552000760931,40.335235294117645
12552000760941,33.02061538461538
12552000760951,23.554125
12552000760961,40.91029411764706
12552000760971,38.014066666666665
12552000760981,18.982066666666665
12552000760991,12.41046153846154
12556100110011,16.582166666666666
12556100110021,16.765833333333333
12556100110031,17.24683333333333
12556100110041,21.2665
12556100110051,20.750125
12556100110061,15.29875
12556100110071,15.507857142857144
12556100110081,18.684625
12556100110091,13.954
12556100110101,14.994222222222223
12556100110111,23.787285714285712
12556100110121,22.889166666666668
12556100110131,27.802
12556100110141,22.369142857142855
12556100110151,20.082857142857144
12556100110161,24.577285714285715
12556100110171,18.968
12556100110181,17.645833333333332
12556100110191,18.77883333333333
12556100110201,12.941666666666665
12556100110211,15.9142
12556100110221,20.5142
12556100110231,25.1624
12556100110241,15.961
12556100110251,9.978222222222222
12556100110261,10.110555555555557
12556100110271,15.214777777777776
12556100110281,17.035333333333334
12556100110291,17.602714285714285
12556100110301,15.78625
12556100110311,9.311333333333332
12556100110321,10.310333333333334
12556100110331,12.809444444444445
12556100110341,12.6525
12556100110351,10.513333333333334
12556100110361,7.436999999999999
12556100110371,9.085444444444445
12556100110381,15.524125
12556100110391,16.063714285714287
12556100110401,13.860666666666669
12556100110411,13.528666666666666
12556100110421,18.321125
12556100110431,14.9115
12556100110441,14.961777777777778
12556100110451,21.596875
12556100110461,12.90388888888889
12556100110471,10.852777777777778
12556100110481,10.555666666666667
12556100110491,11.49825
12556100110501,15.3892
12556100110511,18.2255
12556100110521,18.31757142857143
12556100110531,27.14083333333333
12556100110541,45.142
12556100110551,50.2275
12556100110561,33.66975
12556100110571,12.7678
12556100110581,10.694333333333333
12556100110591,17.0975
12556100110601,19.407166666666665
12556100110611,21.58383333333333
12556100110621,17.380333333333333
12556100110631,16.09
12556100110641,16.106166666666667
12556100110651,15.65025
12556100110661,10.741875
12556100110671,13.04225
12556100110681,15.287857142857144
12556100110691,15.91157142857143
12556100110701,9.260333333333334
12556100110711,11.456125
12556100110721,15.288125
12556100110731,18.895285714285716
12556100110741,25.2724
12556100110751,22.674333333333333
12556100110761,18.9705
12556100110771,18.656666666666663
12556100110781,16.76985714285714
12556100110791,19.033
12556100110801,15.545125
12556100110811,18.58842857142857
12556100110821,14.538714285714288
12556100110831,15.677875
12556100110841,15.236
12556100110851,18.78528571428572
12556100110861,18.688285714285715
12556100110871,28.67842857142857
12556100110881,20.797666666666668
12556100110891,22.01783333333333
12780700510011,25.77053488372093
12780700510021,33.2743488372093
12780700510031,44.92681395348837
12780700510041,43.52871428571429
12780700510051,46.38252380952381
12780700510061,44.61814285714286
12780700510071,41.01788095238095
12780700510081,36.884813953488376
12780700510091,43.47620930232558
12780700510101,52.66126190476191
12780700510111,46.46746511627907
12780700510121,26.693761904761903
12780700510131,28.52938095238095
12780700510141,27.857857142857146
12780700510151,33.18686046511628
12780700510161,34.58320930232558
12780700510171,35.185023809523805
12780700510181,25.989302325581395
12780700510191,35.014
12780700510201,41.557
12780700510211,24.138333333333332
12780700510221,37.4292380952381
12780700510231,49.869095238095234
12780700510241,37.0977619047619
12780700510251,38.482214285714285
12780700510261,31.82223809523809
12780700510271,35.605357142857144
12780700510281,31.73469767441861
12780700510291,34.834452380952385
12780700510301,33.56140476190476
12780700510311,32.57597619047619
12780700510321,32.32285714285714
12780700510331,32.66661904761905
12780700510341,30.90938095238095
12780700510351,30.492380952380955
12780700510361,28.195619047619044
12780700510371,27.33392857142857
12780700510381,31.154619047619047
12780700510391,33.62511904761905
12780700510401,30.58697619047619
12780700510411,29.78157142857143
12780700510421,29.57785714285714
12780700510431,28.53002325581395
12780700510441,28.493285714285715
12780700510451,21.26014285714286
12780700510461,26.39088095238095
12780700510471,31.08238095238095
12780700510481,31.409767441860467
12780700510491,30.952512195121955
12780700510501,33.78548648648649
12780700510511,38.012054054054055
12780700510521,34.495513513513515
12780700510531,33.09397222222222
12780700510541,30.73033333333333
12780700510551,27.8374
12780700510561,24.13916279069767
12780700510571,31.2235
12780700510581,28.12233333333333
12780700510591,21.026666666666667
12780700510601,20.536883720930238
12780700510611,19.49109302325581
12780700510621,30.184883720930237
12780700510631,30.834857142857143
12780700510641,31.82257142857143
12780700510651,31.339785714285718
12780700510661,32.015720930232554
12780700510671,31.541714285714285
12780700510681,34.59578571428571
12780700510691,35.41211904761904
12780700510701,34.08583333333333
12780700510711,40.190238095238094
12780700510721,41.55076190476191
12780700510731,36.87257142857143
12780700510741,40.08833333333333
12780700510751,39.37461904761905
12780700510761,35.97188095238095
12780700510771,31.00378571428572
12780700510781,31.593511627906977
12780700510791,42.797285714285714
12780700510801,40.55702380952381
12780700510811,36.55452380952381
12780700510821,37.694023809523806
12780700510831,34.61566666666666
12780700510841,37.079
12780700510851,39.11797674418605
12780700510861,33.79535714285714
12780700510871,33.287142857142854
12780700510881,36.60716279069767
12780700510891,35.33302380952381
12780700510901,32.130714285714284
12780700510911,29.31738095238095
12780700510921,31.48692857142857
12780700510931,36.59202380952381
12780700510941,38.443238095238094
12780700510951,41.12288095238095
12780700510961,40.07414285714286
12780700510971,33.97230952380952
12999000150011,19.543
12999000150021,19.85305555555556
12999000150031,18.0264
12999000150041,22.61375
12999000150051,33.926100000000005
12999000150061,26.79733333333333
12999000150071,24.33531578947368
12999000150081,31.803238095238093
12999000150091,31.75894736842105
12999000150101,30.8867
12999000150111,21.873272727272727
12999000150121,32.162318181818186
12999000150131,33.6642
12999000150141,47.5389
12999000150151,43.5215
12999000150161,41.9017
12999000150171,40.5825625
12999000150181,58.0874
12999000150191,42.35245454545455
12999000150201,27.54261904761905
12999000150211,57.24604761904762
12999000150221,44.526809523809526
12999000150231,40.5275
12999000150241,24.65519047619048
12999000150251,53.38840909090909
12999000150261,37.85827272727273
12999000150271,42.94281818181818
12999000150281,35.26119047619048
12999000150291,55.995045454545455
12999000150301,38.30786363636364
12999000150311,42.24495454545455
12999000150321,57.82266666666667
12999000150331,42.472
12999000150341,41.07431818181818
12999000150351,48.87359090909092
12999000150361,47.65827272727272
12999000150371,57.66059090909091
12999000150381,61.301545454545455
12999000150391,60.6095
12999000150401,42.65622727272727
12999000150411,29.44145
12999000150421,27.580368421052636
12999000150431,38.5484
12999000150441,38.83694736842106
12999000150451,66.09661904761904
12999000150461,61.32972727272727
12999000150471,75.20627272727273
12999000150481,33.412318181818186
12999000150491,33.972095238095235
12999000150501,37.35625
12999000150511,59.15354545454545
12999000150521,92.5308181818182
12999000150531,79.80345454545454
12999000150541,54.53627272727272
12999000150551,49.96136363636364
12999000150561,35.08804545454546
12999000150571,51.07568181818181
12999000150581,40.29686363636363
12999000150591,39.50257142857143
12999000150601,59.59195454545454
12999000150611,63.97218181818182
12999000150621,126.1862
12999000150631,83.89713636363636
12999000150641,97.44754545454543
12999000150651,100.56645
12999000150661,120.28213636363635
12999000150671,65.03222727272727
12999000150681,112.10104545454546
12999000150691,71.94554545454547
12999000150701,134.10690909090908
12999000150711,119.55272727272728
12999000150721,117.28904545454544
12999000150731,62.00031818181819
12999000150741,77.98631818181819
12999000150751,155.41363636363636
12999000150761,70.86081818181819
12999000150771,86.6155909090909
12999000150781,104.95486363636364
12999000150791,56.45254545454545
12999000150801,63.33081818181818
12999000150811,82.70336363636365
12999000150821,55.1017619047619
12999000150831,55.92309090909091
12999000150841,55.074409090909086
12999000150851,153.21522727272728
12999000150861,101.0430909090909
12999000150871,69.08771428571428
12999000150881,63.16386363636364
12999000150891,34.83686363636363
12999000150901,40.46440909090909
13187000080011,44.15625
13187000080021,60.37121428571429
13187000080031,74.24245833333333
13187000080041,101.3441851851852
13187000080051,116.52975
13187000080061,115.72771428571428
13187000080071,109.0195
13187000080081,116.02385714285715
13187000080091,79.76389285714286
13187000080101,72.84392857142858
13187000080111,81.82614285714286
13187000080121,55.163678571428576
13187000080131,59.318357142857145
13187000080141,70.87110714285714
13187000080151,67.04653571428572
13187000080161,150.94067857142858
13187000080171,85.28314285714285
13187000080181,87.74578571428572
13187000080191,73.55792857142856
13187000080201,49.47924999999999
13187000080211,48.71910714285714
13187000080221,104.27967857142858
13187000080231,131.53439285714288
13187000080241,140.4563448275862
13187000080251,130.48457142857143
13187000080261,164.90225
13187000080271,210.1102857142857
13187000080281,113.40517241379312
13187000080291,86.74467857142858
13187000080301,147.2827142857143
13187000080311,142.97407142857142
13187000080321,102.4175357142857
13187000080331,136.31982142857143
13187000080341,77.79417857142857
13187000080351,85.61228571428572
13187000080361,52.17135714285714
13187000080371,99.77757142857142
13187000080381,121.58803571428572
13187000080391,117.92688
13187000080401,203.2281851851852
13187000080411,235.38807142857144
13187000080421,219.52582142857145
13187000080431,178.47439285714285
13187000080441,252.156
13187000080451,177.48110714285713
13187000080461,164.02849999999998
13187000080471,270.3872083333333
13187000080481,295.7943703703704
13187000080491,319.68707142857147
13187000080501,306.5808571428571
13187000080511,216.24196428571423
13187000080521,152.39846428571428
13187000080531,112.862
13187000080541,169.01760000000002
13187000080551,151.8717037037037
13187000080561,123.90766666666669
13187000080571,144.77407142857143
13187000080581,144.20853571428572
13187000080591,158.5599655172414
13187000080601,195.13217857142857
13187000080611,199.3255
13187000080621,234.69174074074076
13187000080631,224.2555
13187000080641,239.3914444444445
13187000080651,262.88775
13187000080661,338.01971428571426
13187000080671,377.6718571428572
13187000080681,395.3513571428571
13187000080691,360.4773214285714
13187000080701,592.5586428571429
13187000080711,609.8897142857143
13187000080721,217.4614642857143
13187000080731,207.1829130434783
13187000080741,286.13376923076925
13187000080751,307.6628518518519
13187000080761,147.47892857142855
13187000080771,213.21085185185183
13187000080781,271.51922222222225
13187000080791,242.28317857142855
13187000080801,241.79925
13187000080811,172.7
13226600250011,17.943076923076923
13226600250021,14.735538461538464
13226600250031,13.001153846153848
13226600250041,12.108
13226600250051,10.575769230769232
13226600250061,11.644769230769231
13226600250071,9.326333333333332
13226600250081,5.863090909090909
13226600250091,8.692
13226600250101,11.611076923076922
13226600250111,11.705692307692308
13226600250121,8.957461538461539
13226600250131,6.386416666666666
13226600250141,5.438307692307692
13226600250151,9.037083333333332
13226600250161,7.572500000000001
13226600250171,6.553916666666666
13226600250181,8.566636363636364
13226600250191,9.502615384615384
13226600250201,12.86223076923077
13226600250211,14.468230769230768
13226600250221,15.667384615384616
13226600250231,11.799
13226600250241,12.343307692307691
13226600250251,9.990076923076922
13226600250261,11.236307692307692
13226600250271,10.07676923076923
13226600250281,14.402615384615386
13226600250291,6.960166666666666
13226600250301,7.752615384615385
13226600250311,6.034538461538461
13226600250321,8.775846153846153
13226600250331,9.926230769230768
13226600250341,6.222692307692308
13226600250351,8.908692307692307
13226600250361,11.488769230769227
13226600250371,8.442384615384615
13226600250381,7.279538461538461
13226600250391,12.59376923076923
13226600250401,11.846461538461538
13226600250411,8.733307692307692
13226600250421,6.4645
13226600250431,10.987076923076923
13226600250441,9.147076923076924
13226600250451,12.043692307692307
13226600250461,5.604916666666667
13226600250471,5.920750000000001
13226600250481,4.371
13226600250491,6.804272727272728
13226600250501,7.276230769230769
13226600250511,6.889461538461538
13226600250521,7.3915
13226600250531,8.852
13226600250541,8.666769230769232
13226600250551,8.139090909090909
13226600250561,11.584416666666668
13226600250571,9.151727272727271
13226600250581,9.65753846153846
13226600250591,10.093
13226600250601,10.965923076923076
13226600250611,5.703666666666667
13226600250621,11.21553846153846
13226600250631,15.799846153846154
13226600250641,10.1275
13226600250651,7.445272727272727
13226600250661,10.111
13226600250671,6.797076923076923
13226600250681,8.626636363636363
13226600250691,10.336727272727272
13226600250701,7.010923076923077
13226600250711,7.432538461538462
13226600250721,10.099846153846157
13226600250731,12.02123076923077
13226600250741,11.913083333333333
13226600250751,6.952833333333333
13226600250761,9.713583333333334
13226600250771,14.503615384615385
13226600250781,19.658
13226600250791,16.404923076923076
13226600250801,15.61823076923077
13226600250811,17.192916666666665
13226600250821,13.18725
13226600250831,15.10376923076923
13226600250841,15.709846153846152
13226600250851,16.688076923076924
13226600250861,15.252461538461535
13226600250871,18.69838461538461
13226600250881,22.694692307692307
13226600250891,30.127
13226600250901,26.689307692307693
13226600250911,19.029
13226600250921,23.28846153846154
13226600250931,24.853153846153848
13226600250941,31.90023076923077
13226600250951,30.277615384615384
13226600250961,22.457846153846155
13226600250971,18.24276923076923
13226600250981,17.875076923076925
13226600250991,21.145615384615382
13362600080011,11.03357142857143
13362600080021,18.154857142857143
13362600080031,24.78871428571429
13362600080041,10.2755
13362600080051,13.530142857142858
13362600080061,23.787142857142857
13362600080071,22.00028571428572
13362600080081,13.149
13362600080091,14.989571428571429
13362600080101,16.193571428571428
13362600080111,12.919
13362600080121,9.432428571428572
13362600080131,13.275857142857143
13362600080141,17.269714285714286
13362600080151,23.335571428571427
13362600080161,25.306714285714285
13362600080171,24.02157142857143
13362600080181,23.874
13362600080191,24.02785714285714
13362600080201,22.744714285714284
13362600080211,25.22642857142857
13362600080221,19.567857142857143
13362600080231,19.056285714285718
13362600080241,20.812833333333334
13362600080251,18.296
13362600080261,10.309714285714287
13362600080271,14.305285714285716
13362600080281,12.949428571428571
13362600080291,16.898
13362600080301,18.18585714285714
13362600080311,24.561857142857143
13362600080321,20.630714285714284
13362600080331,14.449
13362600080341,19.032714285714285
13362600080351,21.142571428571426
13362600080361,22.255142857142857
13362600080371,31.611142857142852
13362600080381,27.563285714285712
13362600080391,18.850285714285715
13362600080401,10.981142857142856
13362600080411,12.758714285714287
13362600080421,8.923833333333333
13362600080431,13.41642857142857
14234200350011,14.9195
14234200350021,18.31090909090909
14234200350031,18.188769230769232
14234200350041,16.67213333333333
14234200350051,16.969266666666666
14234200350061,18.51313333333333
14234200350071,18.085466666666665
14234200350081,23.8786
14234200350091,22.82446666666667
14234200350101,24.8678
14234200350111,23.0074
14234200350121,20.79293333333333
14234200350131,20.825
14234200350141,16.985400000000002
14234200350151,22.42813333333333
14234200350161,20.36253333333333
14234200350171,22.154933333333336
14234200350181,26.57173333333333
14234200350191,25.462
14234200350201,24.39953333333333
14234200350211,22.17993333333333
14234200350221,27.19
14234200350231,19.82133333333333
14234200350241,20.330466666666663
14234200350251,21.69853846153846
14234200350261,17.661538461538463
14234200350271,16.922785714285713
14234200350281,20.215733333333333
14234200350291,12.249866666666666
14234200350301,15.3148
14234200350311,19.47133333333333
14234200350321,11.718866666666669
14234200350331,15.267933333333334
14234200350341,20.87046666666667
14234200350351,18.16593333333333
14234200350361,13.952857142857145
14234200350371,15.679461538461538
14234200350381,17.121733333333335
14234200350391,21.40735714285714
14234200350401,15.370333333333331
14234200350411,19.856466666666662
14234200350421,17.5218
14234200350431,15.313333333333333
14234200350441,18.5582
14234200350451,18.23186666666667
14234200350461,18.9665
14234200350471,21.5664
14234200350481,26.8992
14234200350491,25.034133333333333
14234200350501,24.92853333333333
14304200230011,40.719529411764704
14304200230021,43.50370588235294
14304200230031,45.639117647058825
14304200230041,34.28441176470589
14304200230051,31.73164705882353
14304200230061,33.56794117647058
14304200230071,39.70382352941176
14304200230081,39.06294117647059
14304200230091,43.43005882352941
14304200230101,31.197058823529414
14304200230111,29.727823529411765
14304200230121,30.392294117647054
14304200230131,42.341
14304200230141,44.385823529411766
14304200230151,26.393941176470587
14304200230161,35.17764705882353
14304200230171,28.94570588235294
14304200230181,28.76264705882353
14304200230191,47.2344705882353
14304200230201,53.01829411764706
14304200230211,37.43135294117647
14304200230221,35.86764705882353
14304200230231,43.226
14304200230241,48.202
14304200230251,47.0694705882353
14304200230261,42.63129411764706
14304200230271,52.415000000000006
14304200230281,58.57311764705883
14304200230291,55.217000000000006
14304200230301,58.01064705882353
14304200230311,34.16411764705882
14304200230321,29.87758823529412
14304200230331,39.62458823529411
14304200230341,35.24658823529412
14304200230351,27.558529411764702
14304200230361,26.64558823529412
14304200230371,32.74388235294117
14304200230381,37.78452941176471
14304200230391,37.65623529411764
14304200230401,38.20525
14304200230411,35.950923076923075
14304200230421,51.780538461538455
14304200230431,46.453272727272726
14304200230441,45.27258823529412
14304200230451,31.318823529411763
14304200230461,32.961176470588235
14304200230471,27.911529411764704
14304200230481,51.81605882352942
14304200230491,46.84170588235294
14304200230501,49.43517647058824
14304200230511,45.29466666666666
14304200230521,37.68464705882353
14304200230531,55.00658823529412
14304200230541,36.25794117647059
14577400320011,23.050529411764703
14577400320021,19.733833333333333
14577400320031,21.436
14577400320041,16.9401875
14577400320051,35.5594375
14577400320061,60.43788235294117
14577400320071,61.92717647058823
14577400320081,43.86588235294118
14577400320091,48.23141176470588
14577400320101,37.38027777777778
14577400320111,27.26558823529412
14577400320121,31.65225
14577400320131,28.4610625
14577400320141,26.30770588235294
14577400320151,20.86058823529412
14577400320161,24.974875
14577400320171,32.13958823529412
14577400320181,25.298705882352944
14577400320191,21.52241176470588
14577400320201,16.442176470588237
14577400320211,25.34255555555556
14577400320221,25.30035294117647
14577400320231,31.625705882352943
14577400320241,54.36805882352941
14577400320251,32.46
14577400320261,13.873470588235293
14577400320271,16.152058823529412
14577400320281,20.26829411764706
14577400320291,31.337611111111112
14577400320301,39.56535294117647
14577400320311,32.99494117647059
14577400320321,21.92370588235294
14577400320331,19.163941176470587
14577400320341,35.70564705882353
14577400320351,23.463941176470588
14577400320361,48.84052941176471
14577400320371,65.848
14577400320381,46.10964705882353
14577400320391,21.244647058823528
14577400320401,14.42835294117647
14577400320411,35.66947058823529
14577400320421,58.42538888888888
14577400320431,39.55429411764706
14577400320441,72.78829411764707
14577400320451,57.78752941176471
14577400320461,64.84688235294118
14577400320471,46.2424375
14577400320481,54.15464705882353
14577400320491,61.706
14577400320501,67.74441176470589
14577400320511,110.788
14577400320521,73.3264705882353
14577400320531,69.46164705882353
14577400320541,119.2059411764706
14577400320551,119.33329411764706
14577400320561,68.28705882352942
14577400320571,48.18141176470588
14577400320581,39.38323529411765
14577400320591,33.99670588235294
14577400320601,98.13038888888887
14577400320611,132.93341176470588
14577400320621,73.0890625
14577400320631,92.76535294117647
14577400320641,72.57917647058824
14577400320651,93.27927777777778
14577400320661,43.65423529411765
14577400320671,41.23258823529412
14577400320681,107.12635294117646
14577400320691,78.13815384615386
14577400320701,97.5268181818182
14577400320711,139.52453846153847
14577400320721,100.53041176470587
14577400320731,69.79294117647059
14577400320741,113.28492857142858
14670000060011,586.921
14670000060021,851.7108620689654
14670000060031,517.6784333333333
14670000060041,276.57644827586205
14670000060051,189.3403
14670000060061,183.6021379310345
14670000060071,166.49724137931034
14670000060081,220.63946666666664
14670000060091,334.6920666666667
14670000060101,449.102
14670000060111,491.2102333333333
14670000060121,395.9365
14670000060131,455.7955
14670000060141,433.503448275862
14670000060151,425.0657741935484
14670000060161,589.1564838709677
14670000060171,661.2656774193549
14670000060181,485.9769032258064
14670000060191,311.3324333333333
14670000060201,265.056870967742
14670000060211,254.472
14670000060221,212.10279310344828
14670000060231,218.03346666666667
14670000060241,164.41206666666668
14670000060251,118.8213
14670000060261,126.6141
14670000060271,131.29512903225807
14670000060281,148.09462068965516
14670000060291,173.77589285714288
14670000060301,171.79123333333334
14670000060311,156.25110714285714
14670000060321,280.9641785714286
14670000060331,435.8144482758621
14670000060341,430.9514827586207
14670000060351,506.06765517241377
14670000060361,608.3747241379311
14670000060371,680.20275
14670000060381,578.0006071428571
14670000060391,411.9593461538461
14670000060401,388.50170967741934
14670000060411,368.58875
14670000060421,378.06231818181817
14670000060431,307.6041818181818
14670000060441,434.1787727272727
14670000060451,351.0133043478261
14670000060461,219.22034615384612
14670000060471,327.2179615384615
14670000060481,540.9808461538462
14670000060491,395.04027586206894
14670000060501,349.4282580645161
14670000060511,786.6105172413794
14670000060521,570.7226206896551
14670000060531,785.6711333333334
14670000060541,661.2842666666668
14670000060551,658.0586000000001
14670000060561,707.3904642857143
14670000060571,822.4779666666667
14670000060581,577.9169333333334
14670000060591,496.8234
14670000060601,516.2192258064516
14670000060611,526.9575806451613
14670000060621,514.0340322580645
14670000060631,606.6216000000001
14670000060641,638.8834516129032
14670000060651,812.1496999999999
14670000060661,875.0383666666665
14670000060671,1027.2072666666668
14670000060681,817.5194666666666
14670000060691,581.2859333333333
14670000060701,465.6049032258065
14670000060711,496.60063333333335
14670000060721,463.8378
14670000060731,394.1944
14670000060741,322.37153333333333
14670000060751,353.41856666666666
14670000060761,305.0901333333333
14670000060771,354.4115806451613
14670000060781,512.7779666666667
14670000060791,733.076875
14670000060801,954.0418387096774
14670000060811,1051.1819032258063
14670000060821,760.3335483870968
14670000060831,313.6607741935484
14670000060841,305.9596153846154
14670000060851,265.336875
14670000060861,226.85266666666664
14670000060871,481.9442857142857
14670000060881,650.2953333333332
14670000060891,453.3037727272727
14670000060901,283.3966
14670000060911,331.36530000000005
14670000060921,327.8744761904762
14670000060931,598.8168888888889
14670000060941,447.9855357142857
17219500030011,88.30224137931035
17219500030021,63.24489285714286
17219500030031,28.756535714285715
17219500030041,16.11751851851852
17219500030051,17.168315789473684
17219500030061,12.384884615384616
17219500030071,18.629038461538464
17219500030081,26.88007142857143
17219500030091,28.68964285714286
17219500030101,26.0665
17219500030111,27.672214285714286
17219500030121,29.220444444444443
17219500030131,33.997962962962966
17219500030141,34.46167857142857
17219500030151,33.613
17219500030161,15.534464285714288
17219500030171,14.202964285714286
17219500030181,23.07807142857143
17219500030191,25.623428571428573
17219500030201,26.75378571428572
17219500030211,28.70625
17219500030221,21.09246428571428
17219500030231,25.40475
17219500030241,33.329321428571426
17219500030251,24.244571428571422
17219500030261,25.303535714285715
17219500030271,21.9316
17219500030281,24.07942857142857
17219500030291,22.81167857142857
17219500030301,29.44525
17219500030311,32.837535714285714
17219500030321,32.48139285714286
17219500030331,31.82932142857143
17219500030341,36.312769230769234
17219500030351,32.825678571428575
17219500030361,37.194538461538464
17219500030371,32.50319230769231
17219500030381,31.04688
17219500030391,33.161153846153844
17219500030401,34.24096428571429
17219500030411,28.44014285714286
17219500030421,30.58764285714286
17219500030431,13.957892857142856
17219500030441,12.575285714285714
17219500030451,15.04039285714286
17219500030461,14.289964285714287
17219500030471,15.039714285714286
17219500030481,18.34042857142857
17219500030491,26.330392857142854
17219500030501,33.45014285714286
17219500030511,19.44917857142857
17219500030521,29.182
17219500030531,23.154357142857144
17219500030541,14.809
17219500030551,14.701678571428571
17219500030561,21.5785
17219500030571,27.44425925925926
17219500030581,19.532107142857143
17219500030591,25.720357142857143
17219500030601,22.269464285714285
17219500030611,25.582214285714286
17219500030621,32.654714285714284
17219500030631,31.66014285714286
17219500030641,25.31039285714286
17219500030651,18.432964285714284
17219500030661,21.767714285714284
17219500030671,14.701321428571427
17219500030681,18.60292857142857
17219500030691,20.566333333333336
17219500030701,25.318863636363638
17219500030711,20.572750000000003
17219500030721,15.190392857142855
17219500030731,17.059884615384615
17219500030741,22.22156
17219500030751,19.061607142857145
18140900180011,49.08996296296296
18140900180021,43.52584615384615
18140900180031,37.90482142857143
18140900180041,41.482814814814816
18140900180051,48.37103571428571
18140900180061,43.77859259259259
18140900180071,49.83411111111111
18140900180081,48.67642857142857
18140900180091,55.123444444444445
18140900180101,53.58985714285715
18140900180111,62.42275
18140900180121,64.541
18140900180131,72.86051851851852
18140900180141,52.58659259259259
18140900180151,35.75592592592592
18140900180161,37.1115
18140900180171,36.43025925925926
18140900180181,38.96418518518518
18140900180191,47.89975
18140900180201,35.82492307692308
18140900180211,36.71469230769231
18140900180221,38.834320000000005
18140900180231,38.9367037037037
18140900180241,45.677076923076925
18140900180251,59.95292857142857
18140900180261,62.27892857142857
18140900180271,71.61737037037038
18140900180281,55.39937037037037
18140900180291,53.49046428571428
18140900180301,51.43264285714286
18140900180311,61.52975
18140900180321,53.26535714285715
18140900180331,52.8565
18140900180341,40.54025925925926
18140900180351,25.195416666666663
18140900180361,42.32626923076923
18140900180371,46.49489285714286
18140900180381,42.46396296296297
18140900180391,33.622392857142856
18140900180401,51.30614814814816
18140900180411,37.74811111111111
18140900180421,30.27885185185185
18140900180431,29.006607142857145
18140900180441,37.138925925925925
18140900180451,26.531407407407407
18140900180461,29.18477777777778
18140900180471,29.726107142857146
18140900180481,34.765653846153846
18140900180491,41.94596296296296
18140900180501,41.52946428571429
18140900180511,47.067551724137935
18140900180521,43.50759259259259
18140900180531,49.41162962962963
18140900180541,55.50218518518518
18140900180551,48.73407407407407
18140900180561,47.461851851851854
18140900180571,42.696925925925925
18140900180581,37.70796428571429
18140900180591,41.67917857142857
18140900180601,35.204571428571434
18180200440011,11.66075
18180200440021,16.10490476190476
18180200440031,21.668086956521737
18180200440041,9.164478260869563
18180200440051,23.264760000000003
18180200440061,18.184636363636365
18180200440071,12.89412
18180200440081,17.584863636363636
18180200440091,25.697454545454544
18180200440101,31.800217391304347
18180200440111,23.44304166666667
18180200440121,36.79552
18180200440131,43.74856
18180200440141,43.66608
18180200440151,51.526
18180200440161,36.14632
18180200440171,39.7178
18180200440181,37.4316
18180200440191,29.04724
18180200440201,17.90941666666667
18180200440211,18.53025
18180200440221,18.2976
18180200440231,23.31316
18180200440241,25.77628
18180200440251,21.418360000000003
18180200440261,35.36768
18180200440271,29.45148
18180200440281,50.94592
18180200440291,53.61712000000001
18180200440301,46.1814
18180200440311,29.87748
18180200440321,30.51636
18180200440331,27.11052
18180200440341,23.46684
18180200440351,27.30412
18180200440361,28.85576
18180200440371,34.049119999999995
18180200440381,22.62804
18180200440391,24.33536
18180200440401,20.51192307692308
18180200440411,16.3526
18180200440421,15.69344
18180200440431,32.997840000000004
18180200440441,29.913960000000003
18180200440451,44.38930434782608
18180200440461,33.82917391304348
18180200440471,24.35544
18180200440481,26.01308
18180200440491,35.10412
18180200440501,15.52757894736842
18180200440511,17.77724
18180200440521,16.85622727272727
18180200440531,34.561
18197300060011,12.78975
18197300060021,18.9702
18197300060031,24.224
18197300060041,30.629416666666668
18197300060051,29.09423076923077
18197300060061,32.8848
18197300060071,31.21590909090909
18197300060081,30.706615384615382
18197300060091,28.17130769230769
18197300060101,32.385461538461534
18197300060111,24.821214285714287
18197300060121,40.68714285714286
18197300060131,41.71442857142857
18197300060141,31.282692307692308
18197300060151,15.18025
18197300060161,30.90533333333333
18197300060171,45.36942857142857
18197300060181,42.46
18197300060191,32.28507142857143
18197300060201,27.466428571428573
18197300060211,27.025769230769228
18197300060221,38.279
18197300060231,36.9395
18197300060241,42.7005
18197300060251,41.41492857142857
18197300060261,32.08235714285714
18197300060271,32.549214285714285
18197300060281,19.230071428571428
18197300060291,15.051928571428572
18197300060301,27.15092857142857
18197300060311,27.225142857142856
18197300060321,22.9016
18197300060331,15.793071428571428
18197300060341,14.858214285714284
18197300060351,8.509166666666667
18197300060361,4.916
18197300060371,7.601416666666666
18197300060381,15.556142857142856
18197300060391,33.40442857142857
18197300060401,28.261
18197300060411,23.46857142857143
18197300060421,25.45892857142857
18197300060431,38.265
18197300060441,42.11164285714285
18197300060451,43.695142857142855
18197300060461,45.66814285714286
18197300060471,26.595714285714283
18197300060481,16.628
18197300060491,9.620833333333334
18197300060501,8.870076923076923
18197300060511,12.6335
18197300060521,15.383928571428571
18197300060531,20.73592857142857
18197300060541,28.368785714285718
18197300060551,37.392428571428574
18197300060561,39.24342857142857
18197300060571,26.284
18197300060581,32.717
18197300060591,26.06433333333333
18197300060601,25.362142857142857
18197300060611,26.055
18197300060621,15.198
18197300060631,23.347571428571428
18197300060641,36.47878571428571
18197300060651,42.86899999999999
18197300060661,29.756642857142857
18197300060671,33.814846153846155
18197300060681,19.75707142857143
18197300060691,32.0165
18197300060701,14.43857142857143
18197300060711,13.535214285714286
18197300060721,9.266166666666669
18197300060731,28.36321428571429
18197300060741,56.37171428571428
18197300060751,30.82314285714286
18197300060761,63.276428571428575
18197300060771,58.72778571428571
18197300060781,67.94821428571429
18197300060791,61.73564285714286
18197300060801,46.38671428571429
18197300060811,23.01307142857143
18197300060821,56.31546153846154
18197300060831,48.31192857142857
18197300060841,59.754
18197300060851,50.536142857142856
18197300060861,57.755
18197300060871,48.53276923076923
18197300060881,29.83392857142857
18197300060891,32.942181818181815
18197300060901,18.78907142857143
18197300060911,37.22178571428572
18197300060921,23.436533333333333
18197300060931,32.901833333333336
18197300060941,19.95564285714286
18197300060951,32.06514285714285
18197300060961,34.95538461538462
18197300060971,17.571785714285713
21602400200011,29.84766037735849
21602400200021,25.478442307692305
21602400200031,33.10226923076923
21602400200041,29.44375
21602400200051,24.22880769230769
21602400200061,20.175711538461535
21602400200071,22.19312
21602400200081,32.31773469387755
21602400200091,19.43188
21602400200101,25.794711538461534
21602400200111,30.09509433962264
21602400200121,25.75965384615385
21602400200131,27.746096153846157
21602400200141,26.292843137254906
21602400200151,34.56148076923077
21602400200161,29.07607692307692
21602400200171,26.322122448979595
21602400200181,24.20446
21602400200191,26.559442307692304
21602400200201,31.89313461538461
21602400200211,25.464269230769236
21602400200221,24.84396
21602400200231,23.756260869565217
21602400200241,21.40872727272728
21602400200251,28.10749019607843
21602400200261,25.42303846153846
21602400200271,30.47946153846154
21602400200281,21.99946153846154
21602400200291,24.364769230769237
21602400200301,25.07880769230769
21602400200311,23.77123076923077
21602400200321,25.66488461538461
21602400200331,29.25138775510204
21602400200341,21.491615384615383
21602400200351,38.32380769230769
21602400200361,27.8615
21602400200371,23.564634615384616
21602400200381,20.164346153846157
21602400200391,12.42925
21602400200401,23.635153846153848
21602400200411,37.79098076923077
21602400200421,27.58601923076923
21602400200431,22.12638461538461
21602400200441,26.71225
21602400200451,33.94996153846154
21602400200461,19.90264705882353
21602400200471,18.87644
21602400200481,17.273699999999998
21602400200491,19.36250980392157
21602400200501,14.748509803921568
21602400200511,14.340807692307692
21602400200521,17.643153846153844
21602400200531,17.868057692307694
21602400200541,15.759134615384616
21602400200551,13.988403846153847
21602400200561,15.470307692307692
21602400200571,17.326673076923075
21602400200581,19.08598
21602400200591,20.804884615384616
21602400200601,18.125576923076924
21602400200611,16.12858
21602400200621,15.469042553191487
21602400200631,16.80530612244898
21602400200641,14.85621153846154
21602400200651,15.363557692307692
21602400200661,12.669422222222222
21602400200671,13.610478260869565
21602400200681,14.312634615384614
21602400200691,13.52551923076923
22202400080011,10.759909090909092
22202400080021,10.8152
22202400080031,29.5714375
22202400080041,20.9409375
22202400080051,25.2820625
22202400080061,37.996375
22202400080071,31.99125
22202400080081,34.072625
22202400080091,34.3328125
22202400080101,29.040125
22202400080111,36.07105882352941
22202400080121,42.5735625
22202400080131,36.4574375
22202400080141,31.29017647058824
22202400080151,24.026705882352942
22202400080161,21.0288125
22202400080171,31.0218125
22202400080181,29.73975
22202400080191,24.3046875
22202400080201,22.027625
22202400080211,38.8909375
22202400080221,46.63375
22202400080231,24.378875
22202400080241,22.4198125
22202400080251,22.39947058823529
22202400080261,26.7220625
22202400080271,25.75370588235294
22202400080281,25.077
22202400080291,23.2921875
22202400080301,19.34005882352941
22202400080311,20.105411764705885
22202400080321,25.714
22202400080331,32.211375000000004
22202400080341,22.3470625
22202400080351,18.06342857142857
22202400080361,13.430375000000002
22202400080371,27.56270588235294
22202400080381,14.194941176470588
22202400080391,10.633823529411766
22202400080401,8.227529411764706
22202400080411,10.1445
22202400080421,17.396250000000002
22202400080431,20.5310625
22202400080441,43.8799375
22202400080451,78.7364375
22202400080461,91.174
22202400080471,68.81476470588235
22202400080481,49.464470588235294
22202400080491,40.208
22202400080501,51.31625
22202400080511,39.3346875
22202400080521,30.2336875
22202400080531,38.154875
22202400080541,25.55329411764706
22202400080551,24.139529411764705
22202400080561,19.49753333333333
22602400010011,32.16575
22602400010021,49.8966
22602400010031,68.00666666666667
22602400010041,41.94683333333333
22602400010051,37.409
22602400010061,61.1902
22602400010071,29.157666666666668
22602400010081,42.402
22602400010091,58.41783333333333
22602400010101,30.744333333333334
22602400010111,24.217166666666667
22602400010121,26.76533333333333
22602400010131,22.33333333333333
22602400010141,26.163833333333333
22602400010151,19.028166666666667
22602400010161,23.788166666666665
22602400010171,22.971166666666665
22602400010181,23.113166666666668
22602400010191,21.71183333333333
22602400010201,21.724666666666664
22602400010211,30.413
22602400010221,41.529
22602400010231,63.0005
22602400010241,22.8055
22602400010251,34.1075
22602400010261,28.593666666666664
22602400010271,45.6145
22602400010281,29.1385
22602400010291,28.38283333333333
22602400010301,23.349666666666668
22602400010311,22.057666666666663
22602400010321,29.076666666666668
22602400010331,45.34433333333334
22602400010341,33.952333333333335
22602400010351,50.35816666666667
22602400010361,35.89833333333333
22602400010371,19.552333333333333
22602400010381,22.581166666666665
22602400010391,26.68425
22602400010401,28.28316666666667
22602400010411,25.506
22602400010421,34.50483333333333
22602400010431,28.5875
22602400010441,37.94866666666667
22602400010451,25.81566666666667
22602400010461,28.39183333333333
22602400010471,37.99133333333334
22602400010481,23.6724
22602400010491,28.475
22602400010501,44.507000000000005
22602400010511,54.13516666666667
22602400010521,28.423666666666666
22602400010531,27.314166666666665
22602400010541,30.5422
22602400010551,20.66033333333333
22602400010561,19.37033333333333
22602400010571,16.80333333333333
22602400010581,15.219333333333331
22602400010591,15.3955
22602400010601,14.8295
22602400010611,14.551
22602400010621,16.69633333333333
22602400010631,12.819166666666668
22602400010641,24.659666666666663
22602400010651,25.5956
22602400010661,30.549200000000003
22602400010671,27.624
22602400010681,30.5984
22602400010691,33.81333333333333
22602400010701,42.8482
22602400010711,32.27616666666666
22602400010721,16.11466666666667
22602400010731,22.09133333333333
22602400010741,21.55183333333333
22602400010751,21.059833333333334
22602400010761,27.202
22602400010771,28.01783333333333
22602400010781,34.235
22602400010791,36.147
22602400010801,32.038
22602400010811,21.61075
22602400010821,26.159166666666664
22602400010831,27.007166666666667
22602400010841,20.476
22602400010851,34.475750000000005
22602400010861,35.5262
22602400010871,25.282833333333333
22602400010881,24.329166666666666
22602400010891,17.506
22602400010901,19.867
22602400010911,20.937833333333334
22602400010921,21.7514
22602400010931,39.47716666666667
22602400010941,96.70683333333334
22602400010951,89.29116666666665
22602400010961,129.52366666666666
22602400010971,189.723
22740900100011,152.87177777777777
22740900100021,90.65471428571428
22740900100031,73.89314285714285
22740900100041,59.482000000000006
22740900100051,74.342625
22740900100061,42.472
22740900100071,73.20066666666668
22740900100081,53.03633333333333
22740900100091,31.96633333333333
22740900100101,67.96811111111111
22740900100111,73.13177777777778
22740900100121,94.61344444444444
22740900100131,98.77688888888888
22740900100141,77.99488888888888
22740900100151,70.01033333333334
22740900100161,69.83011111111111
22740900100171,72.76788888888889
22740900100181,111.48644444444444
22740900100191,141.61711111111111
22740900100201,147.064
22740900100211,101.45455555555556
22740900100221,64.89877777777778
22740900100231,53.76811111111111
22740900100241,52.72333333333333
22740900100251,122.41500000000002
22740900100261,110.47
22740900100271,70.79177777777778
22740900100281,73.55933333333333
22740900100291,52.29611111111111
22740900100301,36.90322222222223
22740900100311,60.05877777777778
22740900100321,66.8981111111111
22740900100331,76.90777777777777
22740900100341,93.09655555555555
22740900100351,95.86355555555556
22740900100361,84.3771111111111
22740900100371,65.51822222222222
22740900100381,84.30866666666667
22740900100391,55.275875
22740900100401,59.126875
22740900100411,60.026777777777774
22740900100421,43.998666666666665
22740900100431,66.00133333333332
22740900100441,38.72677777777778
22740900100451,40.269666666666666
22740900100461,27.93477777777777
22740900100471,30.90755555555556
22740900100481,43.52133333333333
22740900100491,78.5758
22740900100501,53.39833333333333
22740900100511,37.9555
22740900100521,39.77366666666666
22740900100531,46.846222222222224
22740900100541,49.69355555555555
22740900100551,36.32733333333333
22740900140011,20.046125
22740900140021,13.508875
22740900140031,14.842375
22740900140041,16.904625
22740900140051,11.724
22740900140061,17.325200000000002
22740900140071,18.8725
22740900140081,15.055571428571428
22740900140091,18.702166666666667
22740900140101,21.546
22740900140111,25.889125
22740900140121,18.335125
22740900140131,14.511571428571427
22740900140141,14.751285714285714
22740900140151,22.19416666666667
22740900140161,26.856142857142856
22740900140171,19.04075
22740900140181,20.200875
22740900140191,20.674125
22740900140201,26.425375
22740900140211,22.66925
22740900140221,19.85525
22740900140231,20.132625
22740900140241,21.88475
22740900140251,22.612375
22740900140261,17.71925
22740900140271,15.778428571428572
22740900140281,17.377499999999998
22740900140291,16.745875
22740900140301,14.248375
22740900140311,26.04725
22740900140321,21.211875
22740900140331,22.7105
22740900140341,17.6365
22740900140351,13.999666666666668
22740900140361,14.016714285714286
22740900140371,16.207125
22740900140381,22.33425
22740900140391,30.53775
22740900140401,21.320875
22740900140411,20.59025
22740900140421,18.229
22740900140431,20.295625
22740900140441,35.632
22740900140451,26.158125
22740900140461,29.133333333333336
22740900140471,21.9365
22740900140481,13.977285714285712
22740900140491,16.149857142857144
22740900140501,24.114
22740900140511,12.289
22740900140521,10.704625
22740900140531,14.1125
22740900140541,14.16225
22740900140551,17.78514285714286
22740900140561,18.9135
22740900140571,14.3815
22740900140581,10.866
22740900140591,14.5345
22740900140601,16.80475
22740900140611,17.374
22740900140621,9.860375
22740900140631,11.561125
22740900140641,14.116375
22740900140651,16.387375
22740900140661,9.096875
22740900140671,14.959
22740900140681,20.754125
22740900140691,17.601125
22740900140701,13.132375
22740900140711,13.578714285714286
22740900140721,14.124857142857143
22740900140731,10.154857142857145
22740900140741,18.299375
22740900140751,22.496625
22740900140761,18.891875
22740900140771,18.4735
22740900140781,17.227875
22740900140791,25.06925
22740900140801,22.90725
22740900140811,17.85025
22740900140821,25.013375
22740900140831,29.3515
22740900140841,32.376125
22740900140851,32.847875
22740900140861,24.533
22740900140871,25.84775
22740900140881,26.0285
29477000050011,54.794954545454544
29477000050021,53.419625
29477000050031,49.70004347826087
29477000050041,49.94104545454545
29477000050051,52.08547619047619
29477000050061,52.04327272727273
29477000050071,52.44380952380952
29477000050081,69.5585
29477000050091,56.6105
29477000050101,58.42029166666666
29477000050111,62.64181818181819
29477000050121,56.50878260869565
29477000050131,64.22977272727273
29477000050141,72.20509523809524
29477000050151,82.20986363636364
29477000050161,77.63304761904762
29477000050171,73.27595454545454
29477000050181,50.51339130434783
29477000050191,60.24813636363637
29477000050201,54.45554545454545
29477000050211,44.723454545454544
29477000050221,54.76739130434783
29477000050231,65.14468181818182
29477000050241,37.612590909090905
29477000050251,25.73275
29477000050261,26.20304761904762
29477000050271,23.94404761904762
29477000050281,24.60304545454545
29477000050291,40.18365
29477000050301,52.6231
29477000050311,61.33163636363636
29477000050321,56.44991304347826
29477000050331,44.13209523809524
29477000050341,35.44019047619048
29477000050351,36.12409090909091
29477000050361,37.83263636363636
29477000050371,39.81754545454545
29477000050381,37.85652380952381
29477000050391,51.9442
29477000050401,52.3352380952381
29477000050411,55.3014375
29477000050421,28.467789473684213
29477000050431,33.062571428571424
29477000050441,29.889285714285712
29477000050451,27.75238095238095
29477000050461,25.72675
29477000050471,35.078476190476195
29477000050481,32.86104347826087
29477000050491,23.405142857142856
29477000050501,23.315521739130432
29477000050511,27.62438095238095
29477000050521,27.11447619047619
29477000050531,32.48686956521739
29477000050541,41.36121739130435
29477000050551,40.392272727272726
29477000050561,40.9859090909091
29496100070011,29.9515
29496100070021,24.314777777777778
29496100070031,20.694444444444443
29496100070041,17.335916666666666
29496100070051,11.701833333333331
29496100070061,21.78125
29496100070071,14.95981818181818
29496100070081,12.94575
29496100070091,11.1524
29496100070101,26.84827272727273
29496100070111,20.4067
29496100070121,7.402142857142857
29496100070131,9.263
29496100070141,7.136
29496100070151,7.3471
29496100070161,6.260875
29496100070171,8.689125
29496100070181,11.907166666666669
29496100070191,9.540400000000002
29496100070201,9.66625
29496100070211,14.440333333333331
29496100070221,13.413
29496100070231,9.621545454545457
29496100070241,17.446625
29496100070251,16.722666666666665
29496100070261,13.494666666666667
29496100070271,12.96
29496100070281,16.560200000000002
29496100070291,14.21190909090909
29496100070301,16.647
29496100070311,16.950857142857142
29496100070321,21.7883
29496100070331,16.05333333333333
29496100070341,17.233636363636364
29496100070351,18.5012
29496100070361,10.547222222222222
29496100070371,12.9605
29496100070381,13.45981818181818
29496100070391,8.610800000000001
29496100070401,12.458272727272726
29496100070411,10.8924
29496100070421,8.645636363636363
29496100070431,19.49318181818182
29496100070441,19.36909090909091
29496100070451,13.01481818181818
29496100070461,9.0945
29496100070471,17.55727272727273
29496100070481,17.43072727272727
29496100070491,12.922111111111112
29496100070501,5.047714285714286
29496100070511,12.2907
41301101280011,67.60415384615385
41301101280021,70.35912499999999
41301101280031,78.89646341463416
41301101280041,90.376756097561
41301101280051,86.7860243902439
41301101280061,90.629875
41301101280071,70.40725
41301101280081,59.9603
41301101280091,67.55907317073171
41301101280101,81.29939024390244
41301101280111,66.02653658536586
41301101280121,60.1846
41301101280131,61.82468292682927
41301101280141,47.357365853658536
41301101280151,67.85021951219512
41301101280161,78.76624390243903
41301101280171,69.59851219512196
41301101280181,60.5442
41301101280191,58.2882
41301101280201,57.971075
41301101280211,59.112756097560975
41301101280221,48.511700000000005
41301101280231,47.50457894736842
41301101280241,41.593658536585366
41301101280251,53.95746341463414
41301101280261,56.831075
41301101280271,53.172536585365854
41301101280281,45.13080487804879
41301101280291,43.610200000000006
41301101280301,51.31102857142857
41301101280311,42.026135135135135
41301101280321,37.82397435897436
41301101280331,42.19934146341463
41301101280341,52.71656097560975
41301101280351,51.50951219512195
41301101280361,53.51312195121951
41301101280371,43.36719512195122
41301101280381,33.292048780487804
41301101280391,26.25107317073171
42243200070011,22.502666666666663
42243200070021,23.23633333333333
42243200070031,23.230185185185185
42243200070041,18.988769230769236
42243200070051,19.76637037037037
42243200070061,19.394692307692303
42243200070071,18.58264
42243200070081,21.078703703703702
42243200070091,24.640666666666668
42243200070101,25.34481481481481
42243200070111,22.27159259259259
42243200070121,24.442115384615384
42243200070131,22.074666666666666
42243200070141,24.136333333333337
42243200070151,21.6557037037037
42243200070161,21.22877777777778
42243200070171,22.864962962962963
42243200070181,24.48851851851852
42243200070191,22.280148148148147
42243200070201,25.08
42243200070211,21.186115384615384
42243200070221,26.851076923076924
42243200070231,25.10714814814815
42243200070241,24.27807407407408
42243200070251,24.85348148148148
42243200070261,19.42525925925926
42243200070271,18.55637037037037
42243200070281,17.26437037037037
42243200070291,15.343875
42243200070301,20.676
42243200070311,28.922777777777775
42243200070321,12.877684210526317
42243200070331,20.504
42243200070341,25.69992592592593
42243200070351,21.292407407407406
42243200070361,24.962592592592596
42243200070371,23.487703703703705
42243200070381,28.461296296296297
42243200070391,21.393407407407405
42243200070401,22.956346153846155
42243200070411,26.342259259259254
42243200070421,20.718592592592596
42243200070431,28.41444444444444
42243200070441,22.66585185185185
42243200070451,24.93
42243200070461,27.133592592592592
42243200070471,21.788592592592597
42243200070481,22.519296296296293
42243200070491,23.337629629629628
42243200070501,15.99488888888889
42243200070511,14.357263157894735
42243200070521,8.581315789473683
42243200070531,24.032777777777778
42243200070541,23.16614814814815
42243200070551,30.78348148148148
42243200070561,31.629148148148147
42243200070571,24.192074074074075
42243200070581,28.486807692307693
42243200070591,27.833407407407407
42243200070601,27.79380769230769
42243200070611,30.11423076923077
42243200070621,30.21474074074074
42243200070631,32.2862962962963
42243200070641,32.566185185185184
42243200070651,23.248444444444445
42243200070661,18.673222222222225
42243200070671,19.8922
42243200070681,30.42074074074074
42243200070691,31.44662962962963
42243200070701,30.991407407407408
42243200070711,34.495444444444445
42243200070721,31.951888888888888
42243200070731,33.86077777777778
42243200070741,28.607407407407408
42243200070751,29.048666666666666
42243200070761,28.25262962962963
42243200070771,26.786962962962964
42243200070781,25.098185185185184
42243200070791,23.879666666666665
42243200070801,15.977346153846154
42243200070811,14.815695652173911
42243200070821,14.654857142857145
42243200070831,13.37484210526316
42243200070841,14.181818181818182
42243200070851,27.356
42243200070861,35.08057692307692
42243200070871,31.45276
42243200070881,23.40276923076923
42243200070891,26.39514814814815
42243200070901,26.325666666666667
42243200070911,24.045185185185183
42243200070921,24.717222222222222
42243200070931,22.180444444444444
42308200160011,30.984076923076923
42308200160021,34.60515384615385
42308200160031,32.50730769230769
42308200160041,20.60446153846154
42308200160051,18.83438461538461
42308200160061,28.009615384615383
42308200160071,36.31676923076923
42308200160081,33.00169230769231
42308200160091,31.34107692307692
42308200160101,26.988692307692308
42308200160111,20.48838461538461
42308200160121,24.294307692307694
42308200160131,16.561923076923076
42308200160141,14.278384615384615
42308200160151,22.764769230769232
42308200160161,25.34107692307693
42308200160171,36.081153846153846
42308200160181,56.75984615384615
42308200160191,40.217461538461535
42308200160201,26.623833333333334
42308200160211,19.55692307692308
42308200160221,18.85476923076923
42308200160231,21.499384615384617
42308200160241,20.23423076923077
42308200160251,20.837846153846154
42308200160261,21.47707692307692
42308200160271,23.301076923076923
42308200160281,24.355307692307694
42308200160291,42.2793076923077
42308200160301,60.55392307692308
42308200160311,76.04069230769231
42308200160321,38.18238461538461
42308200160331,52.194153846153846
42308200160341,25.109923076923074
42308200160351,35.92115384615385
42308200160361,28.754384615384616
42308200160371,23.70676923076923
42308200160381,28.75907692307692
42308200160391,22.14823076923077
42308200160401,31.237461538461535
42308200160411,16.908
42308200160421,17.971615384615383
42308200160431,15.741846153846154
42308200160441,20.771
42308200160451,29.147615384615385
42308200160461,28.092615384615385
42308200160471,30.086727272727277
42308200160481,19.58675
42308200160491,16.361076923076922
42308200160501,8.0313
43227000350011,13.1938125
43227000350021,13.818625
43227000350031,13.020625
43227000350041,11.683764705882352
43227000350051,14.885636363636364
43227000350061,18.6608
43227000350071,17.49990909090909
43227000350081,16.93407142857143
43227000350091,14.331733333333334
43227000350101,20.44453333333333
43227000350111,16.351625
43227000350121,11.7874375
43227000350131,25.983
43227000350141,21.9165
43227000350151,16.58675
43227000350161,21.8948125
43227000350171,19.543333333333333
43227000350181,18.731266666666667
43227000350191,37.95045454545454
43227000350201,24.78521428571429
43227000350211,20.6195
43227000350221,17.1968
43227000350231,16.819642857142856
43227000350241,28.2386875
43227000350251,42.5093125
43227000350261,25.61475
43227000350271,37.7392
43227000350281,21.604375
43227000350291,22.2374375
43227000350301,27.46675
43227000350311,24.684
43227000350321,23.415875
43227000350331,21.4151875
43227000350341,23.08625
43227000350351,25.3686875
43227000350361,25.2461875
43227000350371,36.0595
43227000350381,36.055
43227000350391,33.755384615384614
43227000350401,7.092571428571428
43227000350411,8.857166666666666
43227000350421,9.186333333333332
43227000350431,34.62536363636364
43227000350441,17.3655625
43227000350451,92.85517647058823
43227000350461,183.93838888888888
43227000350471,72.67052941176472
43227000350481,46.8233125
43227000350491,59.14841176470589
43227000350501,92.26635294117648
43227000350511,107.30942105263158
43227000350521,239.91214285714284
43227000350531,229.3571428571429
43227000350541,176.3117619047619
43227000350551,125.41125000000002
43227000350561,206.60480952380956
43227000350571,177.64476190476188
43227000350581,186.9482857142857
43227000350591,166.1747142857143
43227000350601,126.91571428571427
43227000350611,103.06595238095235
43227000350621,115.59004761904762
43227000350631,94.78609523809524
43227000350641,57.617047619047625
43227000350651,102.57505
43227000350661,193.35104545454544
43227000350671,158.813
43227000350681,149.7672380952381
43227000350691,147.53714285714287
43227000350701,107.6135238095238
43227000350711,133.29
43227000350721,105.72990476190476
43227000350731,80.88294117647058
43227000350741,128.9667142857143
43227000350751,126.36990909090908
43227000350761,90.6091
43227000350771,121.1553
43227000350781,131.8343181818182
43227000350791,92.74736363636364
43227000350801,40.9865
43227000350811,62.52405263157896
43227000350821,130.08350000000002
43227000350831,97.80233333333334
43227000350841,154.92322727272727
43227000350851,164.8310909090909
43227000350861,124.33052380952384
43227000350871,84.65515789473683
43227000350881,117.56066666666666
43227000350891,114.12645454545456
43227000350901,163.8537727272727
43227000350911,95.11904545454546
44306401000011,22.414384615384616
44306401000021,24.866071428571427
44306401000031,24.98914285714286
44306401000041,22.15778571428572
44306401000051,22.47392857142857
44306401000061,19.618384615384613
44306401000071,20.05857142857143
44306401000081,31.47721428571429
44306401000091,32.748642857142855
44306401000101,30.28292307692308
44306401000111,34.441923076923075
44306401000121,29.42446153846154
44306401000131,37.16128571428572
44306401000141,38.696357142857146
44306401000151,35.365
44306401000161,33.46438461538462
44306401000171,21.01007692307692
44306401000181,25.791363636363634
44306401000191,40.67638461538461
44306401000201,45.28907142857143
44306401000211,40.03628571428572
44306401000221,29.51084615384616
44306401000231,29.859923076923074
44306401000241,29.220785714285714
44306401000251,49.79864285714286
44306401000261,34.36092857142857
44306401000271,32.28957142857143
44306401000281,37.25076923076923
44306401000291,40.33085714285714
44306401000301,62.56553846153846
44306401000311,56.77921428571428
44306401000321,55.54038461538461
44306401000331,43.45357142857143
44306401000341,42.05164285714285
44306401000351,48.69230769230769
44306401000361,45.19084615384615
44306401000371,37.02064285714285
44306401000381,35.85928571428571
44306401000391,44.0095
44306401000401,61.758833333333335
44306401000411,70.5713076923077
44306401000421,46.482000000000006
44306401000431,41.28492857142857
44306401000441,43.369
44306401000451,46.34823076923077
44306401000461,50.064
44306401000471,56.51664285714286
44306401000481,76.36435714285714
44306401000491,81.38264285714286
44306401000501,65.14585714285714
44403900100011,18.87938709677419
44403900100021,19.4520625
44403900100031,25.8446875
44403900100041,23.0305
44403900100051,26.10616129032258
44403900100061,26.15867857142857
44403900100071,26.66788461538461
44403900100081,37.60415625
44403900100091,34.331250000000004
44403900100101,26.683806451612902
44403900100111,27.46958064516129
44403900100121,31.23190322580645
44403900100131,41.528290322580645
44403900100141,34.31264516129032
44403900100151,28.192129032258062
44403900100161,24.986032258064515
44403900100171,28.12325806451613
44403900100181,23.41570967741936
44403900100191,31.40419354838709
44403900100201,25.571
44403900100211,27.290451612903222
44403900100221,24.773612903225807
44403900100231,22.3668125
44403900100241,31.201064516129037
44403900100251,28.18722580645161
44403900100261,24.14109677419355
44403900100271,15.217566666666666
44403900100281,15.919451612903226
44403900100291,21.42193333333333
44403900100301,19.261607142857144
44403900100311,26.11248387096774
44403900100321,30.375566666666668
44403900100331,28.08093333333333
44403900100341,23.2239
44403900100351,29.377064516129032
44403900100361,33.6071935483871
44403900100371,39.10093548387096
44403900100381,51.554833333333335
44403900100391,43.53932258064516
44403900100401,25.85135483870968
44403900100411,29.60729032258065
44403900100421,22.35061290322581
44403900100431,23.81574193548387
44403900100441,22.645266666666664
44403900100451,17.35109677419355
44403900100461,34.50945161290322
44403900100471,42.49496774193548
44403900100481,31.814083333333333
44403900100491,33.299214285714285
45100400220011,30.39613043478261
45100400220021,22.84234782608696
45100400220031,22.322695652173916
45100400220041,33.20086956521739
45100400220051,38.985
45100400220061,38.415608695652175
45100400220071,43.83195652173913
45100400220081,36.16217391304348
45100400220091,30.875434782608696
45100400220101,21.506739130434784
45100400220111,35.69769565217391
45100400220121,38.34586956521739
45100400220131,43.21917391304349
45100400220141,26.798521739130432
45100400220151,25.731272727272724
45100400220161,29.506318181818184
45100400220171,25.63534782608696
45100400220181,22.199045454545452
45100400220191,15.033260869565217
45100400220201,17.936391304347826
45100400220211,19.083
45100400220221,26.20291304347826
45100400220231,28.49621739130435
45100400220241,20.18260869565217
45100400220251,13.538
45100400220261,23.751142857142856
45100400220271,30.320260869565217
45100400220281,31.376521739130432
45100400220291,28.658739130434785
45100400220301,19.790130434782608
45100400220311,15.063826086956524
45100400220321,24.897571428571432
45100400220331,30.0055
45100400220341,23.89313636363636
45100400220351,30.173541666666665
45100400220361,36.85873913043479
45100400220371,48.19508695652174
45100400220381,36.50347826086957
45100400220391,32.798826086956524
45100400220401,29.24721739130435
45100400220411,32.12473913043478
45100400220421,28.328791666666664
45100400220431,32.056652173913044
45100400220441,28.951954545454544
45100400220451,31.33343478260869
45100400220461,27.838043478260868
45100400220471,20.344
45100400220481,25.333227272727274
45100400220491,30.17160869565217
45100400220501,37.09495652173913
45100400220511,33.04382608695652
45100400220521,38.53995652173913
45100400220531,26.95890909090909
45100400220541,28.539130434782606
45100400220551,28.655565217391302
45100400220561,19.9615
45100400220571,21.110739130434784
45100400220581,24.83230434782609
45100400220591,31.56065217391304
45100400220601,26.150739130434783
45100400220611,30.99417391304348
45100400220621,37.120782608695656
45100400220631,34.72721739130435
45100400220641,32.955260869565215
45100400220651,29.24952173913044
45100400220661,32.94469565217391
45100400220671,27.42026086956521
45100400220681,27.718863636363636
45100400220691,25.695652173913043
45100400220701,26.260136363636363
45100400220711,26.925434782608693
45100400220721,28.554
45100400220731,36.71634782608696
45100400220741,25.719565217391303
45100400220751,17.55617391304348
45100400220761,27.167652173913044
45100400220771,19.41286956521739
45100400220781,16.223857142857145
45100400220791,15.066809523809525
45100400220801,12.103363636363635
45100400220811,17.608363636363638
45100400220821,21.300636363636364
45100400220831,16.687583333333333
45100400220841,16.38993333333333
45100400220851,19.574117647058824
45100400220861,13.9222
45100400220871,17.2366
45100400220881,15.867285714285712
45100400220891,25.25404347826087
45100400220901,24.803391304347823
45100400220911,23.516652173913045
45100400220921,25.36713043478261
45100400220931,28.18543478260869
45100400220941,18.090043478260867
45100400220951,20.572913043478263
45100400220961,19.99608695652174
45100400220971,23.704652173913043
45100400220981,24.20982608695652
45243802330011,38.43652272727273
45243802330021,34.022733333333335
45243802330031,26.058355555555558
45243802330041,34.09462222222222
45243802330051,36.05202272727273
45243802330061,26.2253023255814
45243802330071,28.54886046511628
45243802330081,25.617418604651164
45243802330091,36.14747826086957
45243802330101,49.59831111111111
45243802330111,43.60866666666667
45243802330121,39.038044444444445
45243802330131,35.261568181818184
45243802330141,36.83031818181818
45243802330151,33.96022222222222
45243802330161,36.72942222222223
45243802330171,49.28531111111111
45243802330181,48.53224444444445
45243802330191,39.2774
45243802330201,34.13673333333333
45243802330211,40.32765116279069
45243802330221,41.26582222222222
45243802330231,39.84373913043478
45243802330241,43.73313636363636
45243802330251,43.861377777777776
45243802330261,36.93422222222223
45243802330271,35.328155555555554
45243802330281,34.37039534883721
45243802330291,29.983933333333333
45243802330301,35.89033333333334
45243802330311,34.43048888888889
45243802330321,38.60968888888889
45243802330331,40.71906666666666
45243802330341,46.78740909090909
45243802330351,44.96691111111111
45243802330361,36.09352272727273
45243802330371,40.60608888888888
45243802330381,45.55008888888889
45243802330391,41.51884444444444
45243802330401,32.65577777777778
45243802330411,36.089652173913045
45243802330421,35.129333333333335
45243802330431,34.22348888888889
45243802330441,36.34242222222223
45243802330451,36.55222222222223
45243802330461,38.1514
45243802330471,34.007586956521735
45243802330481,46.62789130434782
45243802330491,42.11540909090909
45243802330501,45.36593333333333
45243802330511,37.050044444444445
45243802330521,37.63815555555556
45243802330531,34.876200000000004
45243802330541,31.56336956521739
46217500180011,40.25658823529412
46217500180021,34.11020588235294
46217500180031,40.40641176470588
46217500180041,49.335542857142855
46217500180051,48.840941176470594
46217500180061,42.76605882352941
46217500180071,39.31652941176471
46217500180081,49.85241176470589
46217500180091,47.09502941176471
46217500180101,34.15208823529412
46217500180111,35.14073529411765
46217500180121,42.596628571428575
46217500180131,51.83041176470588
46217500180141,43.40244117647059
46217500180151,46.16905882352941
46217500180161,21.432117647058824
46217500180171,15.758794117647058
46217500180181,27.45091176470588
46217500180191,41.86147058823529
46217500180201,15.81894117647059
46217500180211,18.70314705882353
46217500180221,18.62785294117647
46217500180231,18.691264705882357
46217500180241,19.916029411764704
46217500180251,22.8085
46217500180261,19.808382352941177
46217500180271,21.94173529411765
46217500180281,34.743515151515155
46217500180291,31.381451612903227
46217500180301,33.21230769230769
46217500180311,30.187741935483867
46217500180321,32.09903448275862
46217500180331,49.209
46217500180341,41.735323529411765
46217500180351,47.95938235294118
46217500180361,44.96932352941177
46217500180371,47.11108823529412
46217500180381,41.82382352941176
46217500180391,38.43511764705882
46217500180401,29.973735294117645
46217500180411,55.319382352941176
46217500180421,44.58405882352941
46217500180431,36.97438235294118
46217500180441,44.87688235294118
46217500180451,50.97452941176471
46217500180461,53.009882352941176
46217500180471,61.10814285714285
46217500180481,52.67768571428572
46217500180491,49.67097142857143
46217500180501,58.21606060606061
46217500180511,57.63951428571429
46217500180521,46.07433333333333
46395000590011,62.962266666666665
46395000590021,67.9648
46395000590031,66.4472
46395000590041,64.80019999999999
46395000590051,62.73333333333333
46395000590061,37.8154
46395000590071,50.901
46395000590081,35.626533333333334
46395000590091,36.59313333333333
46395000590101,27.88893333333333
46395000590111,29.758333333333333
46395000590121,44.4702
46395000590131,31.59293333333333
46395000590141,21.16313333333333
46395000590151,18.273666666666667
46395000590161,29.78933333333333
46395000590171,26.30206666666667
46395000590181,27.28833333333333
46395000590191,34.635133333333336
46395000590201,62.6862
46395000590211,67.25753333333334
46395000590221,61.21013333333334
46395000590231,47.80306666666667
46395000590241,101.5606
46395000590251,91.02093333333332
46395000590261,55.69086666666667
46395000590271,63.3244
46395000590281,71.133
46395000590291,59.83473333333333
46395000590301,46.71633333333333
46395000590311,50.06066666666666
46395000590321,48.074533333333335
46395000590331,62.2244
46395000590341,40.11566666666667
46395000590351,24.2592
46395000590361,34.82726666666667
46395000590371,51.9438
46395000590381,42.4318
46395000590391,54.55826666666667
46395000590401,83.84646666666667
46395000590411,71.08633333333334
46395000590421,81.82020000000001
46395000590431,85.12773333333332
46395000590441,125.808
46395000590451,133.323
46395000590461,62.470866666666666
46395000590471,62.44846666666667
46395000590481,113.82653333333332
46395000590491,82.89886666666666
52409800670011,24.48311111111111
52409800670021,23.74760714285714
52409800670031,32.942214285714286
52409800670041,43.878269230769234
52409800670051,43.19146428571428
52409800670061,29.798642857142852
52409800670071,46.34475
52409800670081,49.598321428571424
52409800670091,44.76189285714286
52409800670101,38.17739285714286
52409800670111,38.91488
52409800670121,31.88970833333333
52409800670131,39.36742307692308
52409800670141,34.406777777777776
52409800670151,27.52528571428571
52409800670161,39.28489285714286
52409800670171,63.70825000000001
52409800670181,57.236714285714285
52409800670191,61.52935714285714
52409800670201,68.80418518518519
52409800670211,72.679
52409800670221,80.07853571428572
52409800670231,77.16971428571428
52409800670241,68.45917857142857
52409800670251,64.68932142857143
52409800670261,56.73832142857143
52409800670271,39.48777777777778
52409800670281,47.83010714285714
52409800670291,68.14857142857143
52409800670301,34.00637037037037
52409800670311,56.65139285714286
52409800670321,57.61935714285714
52409800670331,37.986714285714285
52409800670341,37.82392857142857
52409800670351,32.86974074074074
52409800670361,27.16432142857143
52409800670371,59.957517241379314
52409800670381,79.83667857142858
52409800670391,84.81671428571428
52409800670401,79.38082142857142
52409800670411,65.57671428571429
52409800670421,59.41214285714285
52409800670431,50.23192857142857
52409800670441,61.105285714285706
52409800670451,55.64985714285714
52409800670461,54.05144
52409800670471,67.03399999999999
52409800670481,64.48856521739131
52409800670491,42.7
52409800670501,37.83692
52409800670511,50.889607142857145
52409800670521,88.46296428571429
52409800670531,39.73260714285714
52409800670541,44.09539285714286
52409800670551,58.09539285714286
52409800670561,86.34700000000001
61586000090011,69.24053125
61586000090021,89.63528125
61586000090031,49.9446875
61586000090041,63.94778125
61586000090051,52.400125
61586000090061,79.1365625
61586000090071,67.16000000000001
61586000090081,94.02575
61586000090091,70.95125
61586000090101,66.43965625
61586000090111,70.4883125
61586000090121,87.1678125
61586000090131,106.63584375
61586000090141,81.9279375
61586000090151,155.61715625
61586000090161,141.526875
61586000090171,41.164
61586000090181,91.65503125
61586000090191,119.72503125
61586000090201,93.3090625
61586000090211,79.1990625
61586000090221,80.83937499999999
61586000090231,95.8121875
61586000090241,130.2280625
61586000090251,110.85175
61586000090261,114.19396875
61586000090271,129.99928125
61586000090281,86.46109677419355
61586000090291,73.34046428571428
61586000090301,58.311370370370376
61586000090311,57.96886666666667
61586000090321,58.91386666666666
61586000090331,66.11025
61586000090341,58.95803125
61586000090351,105.64293333333332
61586000090361,76.95525925925925
61586000090371,104.4109677419355
61586000090381,77.00387096774193
61586000090391,129.47746875
61586000090401,99.31315625
61586000090411,143.9718125
61586000090421,106.02470967741937
61586000090431,77.91996875
61586000090441,78.74303125
61586000090451,93.78853333333332
61586000090461,146.44911538461537
61586000090471,334.0704285714286
61586000090481,198.30667741935488
61586000090491,131.23565625
61586000090501,162.15403125
61586000090511,189.6118125
61586000090521,163.89525
61586000090531,340.21638709677416
62288600530011,16.166736842105262
62288600530021,13.961368421052631
62288600530031,12.509631578947369
62288600530041,13.225526315789471
62288600530051,8.14663157894737
62288600530061,8.824684210526316
62288600530071,10.912473684210523
62288600530081,12.170894736842104
62288600530091,10.68742105263158
62288600530101,8.877736842105262
62288600530111,12.379210526315788
62288600530121,10.955947368421054
62288600530131,9.87657894736842
62288600530141,6.705777777777778
62288600530151,5.4559411764705885
62288600530161,8.01557894736842
62288600530171,9.483684210526317
62288600530181,15.271263157894737
62288600530191,13.349315789473684
62288600530201,10.179947368421054
62288600530211,12.233105263157896
62288600530221,15.40521052631579
62288600530231,12.592105263157896
62288600530241,13.246473684210526
62288600530251,15.777736842105265
62288600530261,11.599631578947369
62288600530271,15.496210526315789
62288600530281,16.55515789473684
62288600530291,10.491263157894736
62288600530301,15.282368421052633
62288600530311,21.85084210526316
62288600530321,15.512894736842105
62288600530331,18.213894736842107
62288600530341,17.94
62288600530351,9.020631578947368
62288600530361,12.697526315789474
62288600530371,24.01636842105263
62288600530381,16.783894736842104
62288600530391,21.54363157894737
62288600530401,12.345210526315787
62288600530411,5.238473684210526
62288600530421,13.415842105263158
62288600530431,12.172789473684212
62288600530441,15.28915789473684
62288600530451,22.84215789473684
62288600530461,20.471526315789475
62288600530471,16.63042105263158
62288600530481,12.107157894736842
62288600530491,17.687052631578947
62288600530501,14.452052631578947
62288600530511,12.25357894736842
62288600530521,11.222473684210527
62288600530531,14.028368421052631
62288600530541,28.229052631578945
62288600530551,27.320736842105266
62288600530561,16.089157894736843
62288600530571,14.231210526315792
62288600530581,22.99747368421053
62288600530591,25.68421052631579
62288600530601,23.95321052631579
62288600530611,20.123105263157896
62288600530621,19.088166666666663
62288600530631,9.7756
62288600530641,14.0814
62288600530651,8.232894736842105
62288600530661,8.814428571428572
62288600530671,7.342333333333333
62288600530681,18.537
62292102410011,53.4157
62292102410021,53.1025
62292102410031,60.43195000000001
62292102410041,72.20994444444445
62292102410051,68.00821052631579
62292102410061,55.70466666666667
62292102410071,59.632450000000006
62292102410081,52.63757142857144
62292102410091,56.42015
62292102410101,48.57335
62292102410111,42.1278
62292102410121,44.15121052631579
62292102410131,41.497142857142855
62292102410141,46.2749
62292102410151,55.294900000000005
62292102410161,56.00052631578947
62292102410171,47.8952
62292102410181,51.40242857142857
62292102410191,53.71452380952381
62292102410201,54.81276190476191
62292102410211,51.04790476190477
62292102410221,49.8037619047619
62292102410231,61.3614761904762
62292102410241,74.1705
62292102410251,72.87675
62292102410261,61.68845
62292102410271,65.88690476190476
62292102410281,56.47233333333333
62292102410291,48.818428571428576
62292102410301,37.94680952380953
62292102410311,40.316523809523815
62292102410321,39.60519047619047
62292102410331,34.12433333333333
62292102410341,33.3923
62292102410351,33.0687
62292102410361,32.05609523809524
62292102410371,37.21225
62292102410381,37.7469
62292102410391,39.922
62292102410401,45.2233
62292102410411,50.425
62292102410421,61.05714285714286
62292102410431,79.92975
62292102410441,87.812
62292102410451,56.2666
62292102410461,48.52731578947368
62292102410471,39.18235
62292102410481,49.26947619047618
62292102410491,51.740857142857145
62292102410501,47.96376190476191
62292102410511,35.77442857142857
62292102410521,36.92985
62292102410531,61.64855
62292102410541,78.89504761904762
62292102410551,71.56604761904762
62292102410561,65.25399999999999
62292102410571,75.06995238095239
62292102410581,54.96995238095238
62292102410591,31.386904761904763
62292102410601,35.1896
62292102410611,45.13009523809525
62292102410621,56.08774999999999
62292102410631,41.69671428571429
62292102410641,30.43109523809524
62292102410651,38.98838095238095
62292102410661,58.96933333333333
62292102410671,76.87942857142858
62292102410681,79.08842857142857
62292102410691,91.421
62292102410701,78.89890476190476
62292102410711,83.7416
62292102410721,77.19619047619047
62292102410731,73.64271428571429
62292102410741,78.51857142857143
62292102410751,83.35461904761904
62292102410761,100.20305
62292102410771,102.9528181818182
62292102410781,138.76438095238095
62292102410791,144.69004761904762
62292102410801,97.29842857142856
62292102410811,53.37904761904762
62292102410821,35.934761904761906
62292102410831,36.79828571428571
62292102410841,42.7087
62292102410851,38.53790476190476
62292102410861,37.244
62292102410871,45.38183333333333
62292102410881,37.2674
62292102410891,40.742
62292102410901,51.08685
62292102410911,49.78415
62292102410921,46.71273684210527
62292102410931,41.73442857142857
62292102410941,48.5361
62292102410951,43.28823809523809
62294600420011,61.0835
62294600420021,61.285625
62294600420031,74.0222857142857
62294600420041,69.4705
62294600420051,84.876
62294600420061,82.407875
62294600420071,83.7905
62294600420081,86.801625
62294600420091,74.04050000000001
62294600420101,78.25687500000001
62294600420111,65.976875
62294600420121,75.72925000000001
62294600420131,81.254375
62294600420141,81.22675
62294600420151,55.4205
62294600420161,53.21283333333333
62294600420171,48.94599999999999
62294600420181,44.423625
62294600420191,56.423625
62294600420201,65.95875000000001
62294600420211,58.493875
62294600420221,48.235125
62294600420231,47.818125
62294600420241,52.15325
62294600420251,63.2995
62294600420261,62.279
62294600420271,68.045
62294600420281,48.816375
62294600420291,42.84475
62294600420301,52.137875
62294600420311,56.596625
62294600420321,46.2315
62294600420331,43.87085714285714
62294600420341,54.03525
62294600420351,54.270857142857146
62294600420361,62.73575
62294600420371,59.305375000000005
62294600420381,59.175625
62294600420391,53.576625
62294600420401,39.43125
62294600420411,52.762
62294600420421,60.0945
62294600420431,61.948125
62294600420441,57.429625
62294600420451,84.96957142857143
62294600420461,48.1955
62294600420471,47.138375
62294600420481,55.451
62294600420491,38.596
62294600420501,45.22128571428571
62294600420511,36.192125
62294600420521,31.931
62294600420531,33.672
62294600420541,41.685500000000005
62294600420551,52.707125000000005
62294600420561,67.4845
62294600420571,51.10775
62294600420581,47.308
62294600420591,45.562875000000005
62294600420601,46.1895
62294600420611,41.95622222222222
62294600420621,49.348666666666674
62294600420631,60.398555555555554
62294600420641,81.14144444444445
62294600420651,87.81622222222222
62294600420661,76.22577777777778
62294600420671,72.76844444444444
62294600420681,66.141
62294600420691,65.82575
62294600420701,57.593625
62294600420711,64.318
62294600420721,62.366625
62294600420731,69.60225
62294600420741,67.618125
62294600420751,65.221
62294600420761,47.23325
62294600420771,50.435375
62294600420781,42.025375
62294600420791,50.139428571428574
62294600420801,61.330125
62294600420811,76.23625
62294600420821,73.83012500000001
62294600420831,80.53325000000001
62294600420841,91.2545
62294600420851,78.970125
62294600420861,78.8905
62294600420871,68.848375
62294600420881,77.702375
62294600420891,71.50875
62294600420901,72.73285714285714
62294600420911,54.905625
62294600420921,66.65625
62294600420931,66.495625
62294600420941,67.12225
62294600420951,56.494
62294600420961,55.45725
62294600420971,49.880375
62294600420981,42.8475
62299800010011,66.55057692307693
62299800010021,43.77596296296296
62299800010031,53.09688461538462
62299800010041,64.23942307692307
62299800010051,66.4603076923077
62299800010061,47.27373076923077
62299800010071,19.750238095238096
62299800010081,49.5495
62299800010091,59.52946153846154
62299800010101,61.33284615384616
62299800010111,49.198076923076925
62299800010121,59.232269230769234
62299800010131,57.8525
62299800010141,45.26026923076923
62299800010151,51.80915384615385
62299800010161,52.68988461538461
62299800010171,64.93638461538461
62299800010181,41.29096153846154
62299800010191,52.69080769230769
62299800010201,52.21133333333333
62299800010211,49.01273076923077
62299800010221,80.02384615384615
62299800010231,47.72057692307692
62299800010241,47.79538461538462
62299800010251,41.71903846153846
62299800010261,54.85273076923077
62299800010271,48.35938461538462
62299800010281,29.934423076923075
62299800010291,64.01965384615384
62299800010301,52.842269230769226
62299800010311,49.1767037037037
62299800010321,45.35269230769231
62299800010331,67.44526923076923
62299800010341,57.313884615384616
62299800010351,42.390888888888895
62299800010361,48.04761538461538
62299800010371,72.63603703703704
62299800010381,76.03407692307692
62299800010391,101.12326923076922
62299800010401,99.00176923076924
62299800010411,63.21069230769231
62299800010421,28.26123076923077
62299800010431,35.09540740740741
62299800010441,15.382653846153849
62299800010451,39.4035
62299800010461,36.07723076923077
62299800010471,28.81912
62299800010481,54.23819230769231
62299800010491,75.19430769230769
62299800010501,75.30577777777778
62299800010511,73.57596000000001
62299800010521,52.99992307692308
62299800010531,37.21685714285714
62299800010541,35.44932142857143
62299800010551,48.80082142857143
62299800010561,54.3712962962963
62299800010571,57.65273076923077
62299800010581,67.42088
62299800010591,33.06966666666667
62299800010601,27.73476923076923
62299800010611,25.574148148148147
62299800010621,22.395296296296294
62299800010631,22.400962962962964
62299800010641,22.76988461538462
62299800010651,19.811444444444444
62299800010661,39.24923076923077
62299800010671,34.95466666666667
62299800010681,26.63503703703704
62299800010691,43.53165384615385
62299800010701,53.918615384615386
62299800010711,39.46753846153846
62299800010721,44.52059259259259
62299800010731,55.0895
62299800010741,44.11792592592592
62299800010751,34.71596296296296
62299800010761,33.32592592592592
62299800010771,36.43403703703704
62299800010781,36.76782142857143
62299800010791,35.32457692307692
62299800010801,28.71746153846154
62299800010811,25.22762962962963
62299800010821,21.964777777777776
62299800010831,22.75137037037037
62299800010841,19.4395
62299800010851,21.39196296296296
62299800010861,30.38396153846154
62299800010871,25.426740740740744
62299800010881,33.42074074074074
62299800010891,47.67296296296296
62299800010901,62.15573076923077
62299800010911,49.317888888888895
62299800010921,84.75184615384615
62299800010931,115.3801111111111
62299800010941,81.99719230769232
62299800010951,43.09826923076923
62299800010961,38.01015384615385
62445400120011,44.88433333333333
62445400120021,36.0095
62445400120031,43.09338461538461
62445400120041,57.76818518518518
62445400120051,44.08488461538461
62445400120061,28.020230769230768
62445400120071,29.32740740740741
62445400120081,26.49884615384616
62445400120091,27.80160869565217
62445400120101,26.05936363636364
62445400120111,20.895576923076923
62445400120121,23.38504
62445400120131,30.63177272727273
62445400120141,28.65448
62445400120151,22.977703703703703
62445400120161,25.962000000000003
62445400120171,31.312148148148147
62445400120181,23.8768
62445400120191,22.504653846153847
62445400120201,22.11374074074074
62445400120211,22.737384615384617
62445400120221,29.428083333333333
62445400120231,31.407615384615383
62445400120241,23.448703703703703
62445400120251,24.4378
62445400120261,17.656703703703702
62445400120271,24.050666666666668
62445400120281,31.58411111111111
62445400120291,41.11662962962963
62445400120301,31.62448148148148
62445400120311,20.9605
62445400120321,22.376444444444445
62445400120331,27.788222222222224
62445400120341,27.06588888888889
62445400120351,30.69957692307692
62445400120361,26.532
62445400120371,29.910518518518515
62445400120381,39.77185185185185
62445400120391,40.14944444444445
62445400120401,29.02262962962963
62445400120411,35.69962962962963
62445400120421,36.05848148148148
62445400120431,30.07559259259259
62445400120441,32.625
62445400120451,41.62925925925926
62445400120461,25.19011111111111
62445400120471,36.5925
62445400120481,29.164538461538463
62445400120491,26.132148148148147
62445400120501,24.848666666666663
62445400120511,29.88792
62445400120521,30.864769230769237
62445400120531,38.2172962962963
62493000010011,45.588842105263154
62493000010021,48.2373
62493000010031,46.3423
62493000010041,46.41076190476191
62493000010051,39.71252380952381
62493000010061,38.61228571428572
62493000010071,40.46071428571428
62493000010081,45.61373684210526
62493000010091,44.03242857142857
62493000010101,45.29433333333333
62493000010111,47.363619047619046
62493000010121,40.53852380952381
62493000010131,37.959050000000005
62493000010141,42.43044999999999
62493000010151,41.54885
62493000010161,40.44619047619047
62493000010171,51.96965
62493000010181,60.8574
62493000010191,60.8139
62493000010201,59.31552380952381
62493000010211,64.76266666666668
62493000010221,59.416714285714285
62493000010231,51.54561904761905
62493000010241,53.22361904761905
62493000010251,51.95466666666667
62493000010261,47.9317
62493000010271,43.0972
62493000010281,39.60295238095238
62493000010291,45.42204761904762
62493000010301,50.6299
62493000010311,49.33552380952381
62493000010321,57.943666666666665
62493000010331,56.957476190476186
62493000010341,57.598666666666674
62493000010351,53.24647619047619
62493000010361,47.27333333333333
62493000010371,47.88645
62493000010381,49.1859
62493000010391,53.94625
62493000010401,52.77180952380953
62493000010411,49.63980952380952
62493000010421,48.21238095238096
62493000010431,49.62938095238096
62493000010441,46.90857142857143
62493000010451,44.49966666666666
62493000010461,48.26909523809524
62493000010471,48.377761904761904
62493000010481,45.47114285714286
62493000010491,45.69461904761905
62493000010501,46.65604761904762
62493000010511,44.6707619047619
62493000010521,40.77219047619048
62493000010531,43.07371428571429
62493000010541,41.331428571428575
62493000010551,43.26561904761905
62493000010561,47.14604761904762
62493000010571,41.32019047619048
62493000010581,36.86945
62493000010591,27.89095
62493000010601,31.01623809523809
62493000010611,44.16657142857143
62493000010621,42.70180952380953
62493000010631,46.05680952380952
62493000010641,45.20842857142857
62493000010651,47.55735
62493000010661,43.06171428571429
62493000010671,45.6941
62493000010681,51.03226315789474
62493000010691,47.67119047619048
62493000010701,47.777904761904765
62493000010711,44.43
62493000010721,39.16642857142857
62493000010731,39.67552380952381
62493000010741,48.67080952380952
62493000010751,46.1557619047619
62493000010761,40.705333333333336
62493000010771,41.077952380952375
62493000010781,42.24742857142857
62493000010791,40.821714285714286
62493000010801,43.18390476190476
62493000010811,48.10180952380953
62493000010821,46.28942857142857
62493000010831,46.14414285714286
62493000010841,50.9551052631579
62493000010851,49.3991
62493000010861,44.8733
62493000010871,43.4618
62493000010881,49.00668421052632
62493000010891,47.2079
62493000010901,45.6146
62493000010911,44.758
62493000010921,45.9279
62493000010931,43.9177
62493000010941,41.73919047619048
62493000010951,44.55585714285714
62493000010961,39.20280952380953
64218200020011,22.513
64218200020021,24.41963636363636
64218200020031,33.01209090909091
64218200020041,32.3941
64218200020051,20.88158333333333
64218200020061,19.54792307692308
64218200020071,21.81833333333333
64218200020081,21.061615384615383
64218200020091,16.02325
64218200020101,17.95809090909091
64218200020111,17.464909090909092
64218200020121,16.130833333333335
64218200020131,18.89741666666667
64218200020141,20.9459
64218200020151,17.41
64218200020161,17.701363636363638
64218200020171,20.350666666666665
64218200020181,17.53141666666667
64218200020191,18.525153846153845
64218200020201,25.248384615384616
64218200020211,26.345
64218200020221,22.476166666666668
64218200020231,22.54733333333333
64218200020241,21.952666666666666
64218200020251,22.266166666666667
64218200020261,24.28233333333333
64218200020271,20.053166666666662
64218200020281,22.925833333333333
64218200020291,20.670666666666666
64218200020301,20.878666666666664
64218200020311,20.275181818181817
64218200020321,18.967727272727277
64218200020331,18.884636363636364
64218200020341,19.4229
64218200020351,18.12511111111111
64218200020361,18.66625
64218200020371,18.5082
64218200020381,18.878454545454545
64218200020391,20.59708333333333
64218200020401,19.68
64218200020411,22.131153846153843
64218200020421,23.641076923076923
64218200020431,21.18
64218200020441,36.23476923076923
64218200020451,31.52861538461538
64218200020461,27.67984615384615
64218200020471,29.781846153846157
64218200020481,24.781769230769232
64218200020491,27.511615384615386
64218200020501,23.641384615384617
64218200020511,24.42076923076923
64218200020521,33.63069230769231
64218200020531,38.63608333333333
64218200020541,20.706416666666662
64218200020551,18.9775
64218200020561,28.798583333333337
64218200020571,26.25830769230769
64218200020581,23.586916666666667
64218200020591,35.390100000000004
64218200020601,56.61666666666666
64218200020611,39.995
64218200020621,24.614454545454542
64218200020631,35.2521
64218200020641,42.788818181818186
64218200020651,23.160416666666663
64218200020661,20.135
64218200020671,16.834769230769233
64218200020681,21.63633333333333
64218200020691,20.33483333333333
64218200020701,19.3805
64218200020711,18.554166666666667
64218200020721,16.4623
64218200020731,14.348111111111107
64218200020741,22.75223076923077
64218200020751,17.47
64218200020761,13.359444444444444
64218200020771,12.5163
64218200020781,18.352
64218200020791,19.00554545454545
64218200020801,12.409230769230769
64218200020811,10.085727272727272
66170000030011,15.283727272727274
66170000030021,21.1781875
66170000030031,19.207277777777776
66170000030041,20.07684210526316
66170000030051,20.534952380952383
66170000030061,20.8733
66170000030071,34.02621052631579
66170000030081,32.47805
66170000030091,9.3399
66170000030101,37.528473684210525
66170000030111,32.52747368421053
66170000030121,48.67695
66170000030131,31.56705
66170000030141,25.824526315789477
66170000030151,19.1772
66170000030161,20.764666666666667
66170000030171,21.591900000000003
66170000030181,33.9959
66170000030191,31.81775
66170000030201,35.816900000000004
66170000030211,27.52405
66170000030221,24.35455
66170000030231,20.5212
66170000030241,22.21285
66170000030251,22.852285714285717
66170000030261,27.014
66170000030271,26.8959
66170000030281,29.0593
66170000030291,29.600904761904765
66170000030301,25.54468181818182
66170000030311,21.5727
66170000030321,21.23675
66170000030331,14.583857142857145
66170000030341,43.72005
66170000030351,38.93325
66170000030361,32.127300000000005
66170000030371,34.50368421052631
66170000030381,30.8181
66170000030391,21.5407
66170000030401,16.743850000000002
66170000030411,25.6547
66170000030421,38.1224
66170000030431,43.28295
66170000030441,26.67552380952381
66170000030451,24.9799
66170000030461,22.5456
66170000030471,19.050619047619048
66170000030481,18.9898
66170000030491,18.7066
66170000030501,19.1061
66170000030511,19.363954545454547
66170000030521,13.341818181818182
66170000030531,16.511666666666667
66170000030541,23.67405
66170000030551,20.833
66170000030561,20.644944444444448
72510000410011,19.260384615384616
72510000410021,15.198538461538464
72510000410031,20.66907692307692
72510000410041,22.28069230769231
72510000410051,28.48838461538461
72510000410061,24.432384615384613
72510000410071,18.470076923076924
72510000410081,27.407230769230768
72510000410091,27.499846153846157
72510000410101,26.925153846153844
72510000410111,25.123
72510000410121,25.094923076923077
72510000410131,26.56684615384616
72510000410141,20.797153846153847
72510000410151,26.04946153846154
72510000410161,24.976076923076924
72510000410171,20.04038461538461
72510000410181,23.567153846153847
72510000410191,30.35130769230769
72510000410201,16.345615384615385
72510000410211,13.627615384615384
72510000410221,20.406666666666663
72510000410231,17.995153846153848
72510000410241,16.736384615384615
72510000410251,17.280666666666665
72510000410261,19.68230769230769
72510000410271,23.99223076923077
72510000410281,33.908692307692306
72510000410291,30.83530769230769
72510000410301,22.894
72510000410311,22.294916666666666
72510000410321,28.22423076923077
72510000410331,35.04161538461538
72510000410341,21.964692307692307
72510000410351,33.05776923076923
72510000410361,32.55838461538462
72510000410371,24.499538461538464
72510000410381,27.44323076923077
72510000410391,30.928692307692305
72510000410401,28.766615384615385
72510000410411,21.69115384615385
72510000410421,25.333461538461545
72510000410431,22.825846153846157
72510000410441,25.63507692307692
72510000410451,27.310692307692307
72510000410461,29.108615384615383
72510000410471,25.77546153846154
72510000410481,26.61223076923077
72510000410491,30.174692307692307
72510000410501,34.467076923076924
72510000410511,35.2985
72510000410521,22.740384615384617
72510000410531,24.8515
72510000410541,28.47683333333333
72510000410551,29.84246153846154
72510000410561,24.36584615384616
72510000410571,16.006615384615387
72510000410581,25.19618181818182
72510000410591,30.5579
72510000410601,22.61992307692308
72510000410611,21.15507692307693
72510000410621,17.975461538461538
72510000410631,17.769846153846153
72510000410641,32.981307692307695
72510000410651,30.536538461538463
72510000410661,22.389384615384618
72510000410671,21.07453846153846
73140400400011,23.0576
73140400400021,27.42157142857143
73140400400031,21.869857142857143
73140400400041,24.212333333333333
73140400400051,25.4708
73140400400061,19.824
73140400400071,24.224500000000003
73140400400081,21.396714285714285
73140400400091,23.645642857142857
73140400400101,26.861357142857145
73140400400111,22.583785714285717
73140400400121,25.33207692307692
73140400400131,25.22342857142857
73140400400141,18.644571428571428
73140400400151,17.448
73140400400161,31.198857142857143
73140400400171,25.0395
73140400400181,19.11642857142857
73140400400191,15.020785714285712
73140400400201,21.534357142857143
73140400400211,20.88207142857143
73140400400221,25.643571428571427
73140400400231,31.048357142857142
73140400400241,25.464285714285715
73140400400251,18.652
73140400400261,30.16142857142857
73140400400271,29.0255
73140400400281,23.141357142857142
73140400400291,24.06607142857143
73140400400301,30.473214285714285
73140400400311,26.30242857142857
73140400400321,19.388142857142856
73140400400331,21.191142857142857
73140400400341,19.05192857142857
73140400400351,17.792785714285714
73140400400361,12.808142857142856
73140400400371,20.28978571428572
73140400400381,10.811214285714286
73140400400391,22.454
73140400400401,29.310714285714287
73140400400411,25.228285714285715
73140400400421,18.62514285714286
73140400400431,13.12135714285714
73140400400441,8.941272727272727
73140400400451,17.441333333333333
73140400400461,14.297857142857142
73140400400471,33.63471428571429
73140400400481,19.897142857142857
73140400400491,23.083714285714287
73140400400501,20.805785714285715
73140400400511,16.732615384615386
73140400400521,23.0235
73140400400531,25.462857142857143
75374000240011,24.69862
75374000240021,28.95018
75374000240031,21.48258
75374000240041,68.01923529411765
75374000240051,88.99268627450981
75374000240061,47.66341176470588
75374000240071,68.87901960784313
75374000240081,61.95619230769231
75374000240091,100.93614
75374000240101,86.18198000000001
75374000240111,93.1193
75374000240121,73.00078431372549
75374000240131,82.17770588235294
75374000240141,82.27339215686276
75374000240151,57.41926923076923
75374000240161,80.52451923076923
75374000240171,164.20070588235296
75374000240181,93.11050980392156
75374000240191,98.94424
75374000240201,82.73204
75374000240211,98.2701
75374000240221,80.80103921568627
75374000240231,57.50958823529412
75374000240241,53.330431372549015
75374000240251,86.7379423076923
75374000240261,35.98396
75374000240271,37.56759183673469
75374000240281,47.50198039215687
75374000240291,30.549367346938777
75374000240301,32.84996
75374000240311,34.81626
75374000240321,42.47765384615385
75374000240331,40.08842
75374000240341,38.13588235294118
75374000240351,31.750280000000004
75374000240361,11.25012
75374000240371,10.9185
75374000240381,23.45888
75374000240391,11.650921568627451
75374000240401,48.56690196078431
75374000240411,34.117836734693874
75374000240421,31.24034
75374000240431,39.142647058823535
75374000240441,27.42252
75374000240451,14.61146
75374000240461,21.47429411764706
75374000240471,30.72714
75374000240481,25.296686274509806
75374000240491,37.74094
75374000240501,37.33858823529412
75374000240511,33.16758
75374000240521,36.21650980392157
75374000240531,31.91846153846154
75374000240541,33.22642307692308
75374000240551,34.92482352941176
75374000240561,31.29964
75374000240571,36.34062
75374000240581,29.6095
75374000240591,18.76344
75374000240601,27.40172549019608
75374000240611,29.04137254901961
75374000240621,18.130803921568628
75374000240631,58.24792452830189
75374000240641,36.71268627450981
78240000040011,13.9788
78240000040021,7.13636
78240000040031,5.81864
78240000040041,17.33184
78240000040051,27.14992
78240000040061,9.36652
78240000040071,5.12808
78240000040081,35.98784
78240000040091,41.44128
78240000040101,38.90552
78240000040111,33.87884
78240000040121,20.18468
78240000040131,10.61012
78240000040141,8.251863636363636
78240000040151,3.771684210526316
78240000040161,5.0208
78240000040171,13.088423076923076
78240000040181,21.29512
78240000040191,16.82488
78240000040201,53.0348
78240000040211,16.98368
78240000040221,10.05532
78240000040231,13.568
78240000040241,36.55284
78240000040251,28.71452
78240000040261,26.74628
78240000040271,12.09852
78240000040281,7.070320000000001
78240000040291,3.341269230769231
78240000040301,20.3608
78240000040311,12.70252
78240000040321,8.33904
78240000040331,8.94004
78240000040341,42.17032
78240000040351,136.73996
78240000040361,21.20028
78240000040371,7.70224
78240000040381,5.698919999999999
78240000040391,12.1864
78240000040401,12.26772
78240000040411,11.82644
78240000040421,18.90628
78240000040431,25.7978
78240000040441,8.882125
78240000040451,7.53964
78240000040461,30.81032
78240000040471,33.10112
78240000040481,12.9
78240000040491,10.91312
78240000040501,12.111416666666663
78240000040511,11.358583333333334
78240000040521,7.96952
78240000040531,10.167583333333331
78299900080011,38.586975609756095
78299900080021,39.38434146341464
78299900080031,34.57073170731707
78299900080041,40.21555
78299900080051,37.15614634146342
78299900080061,40.87126829268293
78299900080071,29.588325
78299900080081,38.247439024390246
78299900080091,44.63631707317073
78299900080101,33.32302439024391
78299900080111,45.46721951219512
78299900080121,55.786675
78299900080131,34.508275
78299900080141,41.57509756097561
78299900080151,48.73090243902439
78299900080161,37.60387804878049
78299900080171,47.66275609756097
78299900080181,41.240829268292686
78299900080191,41.140853658536585
78299900080201,23.244756097560973
78299900080211,27.040341463414634
78299900080221,34.71180487804878
78299900080231,22.95992682926829
78299900080241,36.17209756097561
78299900080251,37.16255
78299900080261,28.904243902439028
78299900080271,56.146414634146346
78299900080281,47.41090243902439
78299900080291,29.84626829268293
78299900080301,49.33178048780488
78299900080311,65.19770731707318
78299900080321,44.09034146341463
78299900080331,28.9997
78299900080341,48.8386
78299900080351,56.27267500000001
78299900080361,38.69315
78299900080371,46.188025
78299900080381,77.28585000000001
78299900080391,67.00175
78299900080401,70.049325
78299900080411,65.43365
78299900080421,55.649025
78299900080431,47.67456097560975
78299900080441,32.270634146341465
78299900080451,23.131731707317076
78299900080461,30.7240243902439
78299900080471,40.38178048780488
78299900080481,47.47663414634146
78299900080491,44.894975609756095
78299900080501,36.424
78299900080511,33.20263414634147
78299900080521,28.4770243902439
78299900080531,24.525634146341464
78299900080541,30.402658536585367
78299900080551,42.36690243902439
78299900080561,46.0287
78299900080571,56.23539024390244
78299900080581,55.19658536585366
78299900080591,54.37231707317073
78299900080601,42.89482926829268
78299900080611,46.29568292682927
78299900080621,49.65519512195122
78299900080631,37.33256097560976
78299900080641,34.250341463414635
78299900080651,37.92063414634146
78299900080661,40.04029268292683
78299900080671,22.741512195121956
78299900080681,11.697075
78299900080691,22.21170731707317
78299900080701,21.497463414634144
78299900080711,17.988829268292683
78299900080721,42.27253846153846
78299900080731,40.29474285714286
78299900080741,31.39051219512195
78299900080751,43.314725
78299900080761,38.39327027027027
78299900080771,45.34663888888889
78299900080781,46.6260243902439
78299900080791,45.07290243902439
78299900080801,28.4753
78299900080811,33.19305
78299900080821,33.09879487179487
78299900080831,33.170974358974355
78299900080841,27.636564102564105
78299900080851,22.668
78299900080861,21.49721951219512
78299900080871,30.88453658536585
78299900080881,36.063100000000006
78299900080891,27.57356097560976
78299900080901,21.255048780487805
78299900080911,19.47851219512195
78299900080921,31.63909756097561
78299900080931,29.56153658536585
78299900080941,35.35812195121951
78299900080951,45.575024390243904
78299900080961,48.969926829268296
78299900080971,22.826775
